<?xml version="1.0" encoding="UTF-8"?>
<gpx creator="fabulator:gpx-builder" version="1.1" xmlns="http://www.topografix.com/GPX/1/1" xmlns:xsi="http://www.w3.org/2001/XMLSchema-instance" xsi:schemaLocation="http://www.topografix.com/GPX/1/1 https://www.topografix.com/GPX/1/1/gpx.xsd">
  <metadata>
    <name>track.json</name>
    <copyright author="LiveTrail®"></copyright>
    <link href="https://livetrail.run"></link>
    <keywords>LiveTrail</keywords>
    <bounds maxlat="46.49297" maxlon="13.78462" minlat="46.40733" minlon="14.15844"></bounds>
  </metadata>
  <trk>
    <trkseg>
      <trkpt lat="46.40733" lon="14.14651">
        <ele>637</ele>
        <extensions>
          <distance>0</distance>
        </extensions>
      </trkpt>
      <trkpt lat="46.40736" lon="14.14687">
        <ele>637</ele>
        <extensions>
          <distance>28</distance>
        </extensions>
      </trkpt>
      <trkpt lat="46.40743" lon="14.14723">
        <ele>637</ele>
        <extensions>
          <distance>57</distance>
        </extensions>
      </trkpt>
      <trkpt lat="46.407475" lon="14.147415">
        <ele>637</ele>
        <extensions>
          <distance>72</distance>
        </extensions>
      </trkpt>
      <trkpt lat="46.40752" lon="14.1476">
        <ele>638</ele>
        <extensions>
          <distance>87</distance>
        </extensions>
      </trkpt>
      <trkpt lat="46.407565" lon="14.147785">
        <ele>640</ele>
        <extensions>
          <distance>102</distance>
        </extensions>
      </trkpt>
      <trkpt lat="46.40761" lon="14.14797">
        <ele>644</ele>
        <extensions>
          <distance>118</distance>
        </extensions>
      </trkpt>
      <trkpt lat="46.40769" lon="14.14795">
        <ele>646</ele>
        <extensions>
          <distance>127</distance>
        </extensions>
      </trkpt>
      <trkpt lat="46.40781" lon="14.14783">
        <ele>649</ele>
        <extensions>
          <distance>143</distance>
        </extensions>
      </trkpt>
      <trkpt lat="46.40792" lon="14.14767">
        <ele>650</ele>
        <extensions>
          <distance>161</distance>
        </extensions>
      </trkpt>
      <trkpt lat="46.40804" lon="14.14747">
        <ele>652</ele>
        <extensions>
          <distance>181</distance>
        </extensions>
      </trkpt>
      <trkpt lat="46.4081225" lon="14.147267500000002">
        <ele>652.75</ele>
        <extensions>
          <distance>199</distance>
        </extensions>
      </trkpt>
      <trkpt lat="46.408204999999995" lon="14.147065000000001">
        <ele>653.5</ele>
        <extensions>
          <distance>217</distance>
        </extensions>
      </trkpt>
      <trkpt lat="46.4082875" lon="14.146862500000001">
        <ele>654.25</ele>
        <extensions>
          <distance>235</distance>
        </extensions>
      </trkpt>
      <trkpt lat="46.40837" lon="14.14666">
        <ele>655</ele>
        <extensions>
          <distance>253</distance>
        </extensions>
      </trkpt>
      <trkpt lat="46.408435" lon="14.146405000000001">
        <ele>656</ele>
        <extensions>
          <distance>274</distance>
        </extensions>
      </trkpt>
      <trkpt lat="46.4085" lon="14.14615">
        <ele>657</ele>
        <extensions>
          <distance>295</distance>
        </extensions>
      </trkpt>
      <trkpt lat="46.40854" lon="14.14604">
        <ele>657</ele>
        <extensions>
          <distance>305</distance>
        </extensions>
      </trkpt>
      <trkpt lat="46.408680000000004" lon="14.14579">
        <ele>657</ele>
        <extensions>
          <distance>330</distance>
        </extensions>
      </trkpt>
      <trkpt lat="46.40882" lon="14.14554">
        <ele>660</ele>
        <extensions>
          <distance>354</distance>
        </extensions>
      </trkpt>
      <trkpt lat="46.40898" lon="14.14543">
        <ele>663</ele>
        <extensions>
          <distance>374</distance>
        </extensions>
      </trkpt>
      <trkpt lat="46.40911" lon="14.14539">
        <ele>665</ele>
        <extensions>
          <distance>389</distance>
        </extensions>
      </trkpt>
      <trkpt lat="46.409285" lon="14.145395">
        <ele>668.5</ele>
        <extensions>
          <distance>409</distance>
        </extensions>
      </trkpt>
      <trkpt lat="46.40946" lon="14.1454">
        <ele>672</ele>
        <extensions>
          <distance>429</distance>
        </extensions>
      </trkpt>
      <trkpt lat="46.40967" lon="14.14538">
        <ele>676</ele>
        <extensions>
          <distance>452</distance>
        </extensions>
      </trkpt>
      <trkpt lat="46.409859999999995" lon="14.145340000000001">
        <ele>680</ele>
        <extensions>
          <distance>474</distance>
        </extensions>
      </trkpt>
      <trkpt lat="46.41005" lon="14.1453">
        <ele>681</ele>
        <extensions>
          <distance>496</distance>
        </extensions>
      </trkpt>
      <trkpt lat="46.41028" lon="14.14535">
        <ele>684</ele>
        <extensions>
          <distance>522</distance>
        </extensions>
      </trkpt>
      <trkpt lat="46.41038" lon="14.1454">
        <ele>686</ele>
        <extensions>
          <distance>533</distance>
        </extensions>
      </trkpt>
      <trkpt lat="46.41061" lon="14.1456">
        <ele>692</ele>
        <extensions>
          <distance>564</distance>
        </extensions>
      </trkpt>
      <trkpt lat="46.41079" lon="14.14563">
        <ele>694</ele>
        <extensions>
          <distance>584</distance>
        </extensions>
      </trkpt>
      <trkpt lat="46.41095" lon="14.14563">
        <ele>696</ele>
        <extensions>
          <distance>602</distance>
        </extensions>
      </trkpt>
      <trkpt lat="46.411195" lon="14.145510000000002">
        <ele>697</ele>
        <extensions>
          <distance>631</distance>
        </extensions>
      </trkpt>
      <trkpt lat="46.41144" lon="14.14539">
        <ele>697.5</ele>
        <extensions>
          <distance>660</distance>
        </extensions>
      </trkpt>
      <trkpt lat="46.4115" lon="14.14539">
        <ele>699</ele>
        <extensions>
          <distance>666</distance>
        </extensions>
      </trkpt>
      <trkpt lat="46.41158" lon="14.14547">
        <ele>700</ele>
        <extensions>
          <distance>677</distance>
        </extensions>
      </trkpt>
      <trkpt lat="46.41166" lon="14.14561">
        <ele>704</ele>
        <extensions>
          <distance>692</distance>
        </extensions>
      </trkpt>
      <trkpt lat="46.41175" lon="14.14566">
        <ele>704</ele>
        <extensions>
          <distance>702</distance>
        </extensions>
      </trkpt>
      <trkpt lat="46.41191" lon="14.14562">
        <ele>704</ele>
        <extensions>
          <distance>720</distance>
        </extensions>
      </trkpt>
      <trkpt lat="46.41198" lon="14.14553">
        <ele>704</ele>
        <extensions>
          <distance>731</distance>
        </extensions>
      </trkpt>
      <trkpt lat="46.41204" lon="14.14535">
        <ele>705</ele>
        <extensions>
          <distance>746</distance>
        </extensions>
      </trkpt>
      <trkpt lat="46.41208" lon="14.14531">
        <ele>705</ele>
        <extensions>
          <distance>752</distance>
        </extensions>
      </trkpt>
      <trkpt lat="46.41214" lon="14.14529">
        <ele>705</ele>
        <extensions>
          <distance>758</distance>
        </extensions>
      </trkpt>
      <trkpt lat="46.41219" lon="14.14531">
        <ele>705</ele>
        <extensions>
          <distance>764</distance>
        </extensions>
      </trkpt>
      <trkpt lat="46.41233" lon="14.145585">
        <ele>710</ele>
        <extensions>
          <distance>791</distance>
        </extensions>
      </trkpt>
      <trkpt lat="46.41247" lon="14.14586">
        <ele>714</ele>
        <extensions>
          <distance>817</distance>
        </extensions>
      </trkpt>
      <trkpt lat="46.41255" lon="14.14605">
        <ele>716</ele>
        <extensions>
          <distance>834</distance>
        </extensions>
      </trkpt>
      <trkpt lat="46.41262" lon="14.1463">
        <ele>719</ele>
        <extensions>
          <distance>855</distance>
        </extensions>
      </trkpt>
      <trkpt lat="46.41263" lon="14.1465">
        <ele>721</ele>
        <extensions>
          <distance>871</distance>
        </extensions>
      </trkpt>
      <trkpt lat="46.4126" lon="14.14685">
        <ele>726</ele>
        <extensions>
          <distance>898</distance>
        </extensions>
      </trkpt>
      <trkpt lat="46.41262" lon="14.14694">
        <ele>728</ele>
        <extensions>
          <distance>906</distance>
        </extensions>
      </trkpt>
      <trkpt lat="46.41268" lon="14.14703">
        <ele>728</ele>
        <extensions>
          <distance>916</distance>
        </extensions>
      </trkpt>
      <trkpt lat="46.41281" lon="14.14715">
        <ele>729</ele>
        <extensions>
          <distance>933</distance>
        </extensions>
      </trkpt>
      <trkpt lat="46.41299" lon="14.14719">
        <ele>730</ele>
        <extensions>
          <distance>953</distance>
        </extensions>
      </trkpt>
      <trkpt lat="46.41314" lon="14.14719">
        <ele>732</ele>
        <extensions>
          <distance>970</distance>
        </extensions>
      </trkpt>
      <trkpt lat="46.41325" lon="14.14713">
        <ele>734</ele>
        <extensions>
          <distance>983</distance>
        </extensions>
      </trkpt>
      <trkpt lat="46.41337" lon="14.146975000000001">
        <ele>735</ele>
        <extensions>
          <distance>1001</distance>
        </extensions>
      </trkpt>
      <trkpt lat="46.41349" lon="14.14682">
        <ele>737</ele>
        <extensions>
          <distance>1019</distance>
        </extensions>
      </trkpt>
      <trkpt lat="46.41362" lon="14.14676">
        <ele>739</ele>
        <extensions>
          <distance>1034</distance>
        </extensions>
      </trkpt>
      <trkpt lat="46.41382" lon="14.14674">
        <ele>741</ele>
        <extensions>
          <distance>1057</distance>
        </extensions>
      </trkpt>
      <trkpt lat="46.41393" lon="14.14677">
        <ele>742</ele>
        <extensions>
          <distance>1069</distance>
        </extensions>
      </trkpt>
      <trkpt lat="46.41404" lon="14.14683">
        <ele>744</ele>
        <extensions>
          <distance>1082</distance>
        </extensions>
      </trkpt>
      <trkpt lat="46.41408" lon="14.1469">
        <ele>745</ele>
        <extensions>
          <distance>1089</distance>
        </extensions>
      </trkpt>
      <trkpt lat="46.41411" lon="14.14704">
        <ele>746</ele>
        <extensions>
          <distance>1101</distance>
        </extensions>
      </trkpt>
      <trkpt lat="46.4141" lon="14.14712">
        <ele>747</ele>
        <extensions>
          <distance>1107</distance>
        </extensions>
      </trkpt>
      <trkpt lat="46.41398" lon="14.14745">
        <ele>749</ele>
        <extensions>
          <distance>1136</distance>
        </extensions>
      </trkpt>
      <trkpt lat="46.41388" lon="14.1478">
        <ele>753</ele>
        <extensions>
          <distance>1165</distance>
        </extensions>
      </trkpt>
      <trkpt lat="46.41379" lon="14.14796">
        <ele>754</ele>
        <extensions>
          <distance>1181</distance>
        </extensions>
      </trkpt>
      <trkpt lat="46.41364" lon="14.14806">
        <ele>754</ele>
        <extensions>
          <distance>1199</distance>
        </extensions>
      </trkpt>
      <trkpt lat="46.4134" lon="14.14815">
        <ele>755</ele>
        <extensions>
          <distance>1227</distance>
        </extensions>
      </trkpt>
      <trkpt lat="46.41319" lon="14.14834">
        <ele>757</ele>
        <extensions>
          <distance>1254</distance>
        </extensions>
      </trkpt>
      <trkpt lat="46.41298" lon="14.14853">
        <ele>760</ele>
        <extensions>
          <distance>1282</distance>
        </extensions>
      </trkpt>
      <trkpt lat="46.41289" lon="14.14876">
        <ele>764</ele>
        <extensions>
          <distance>1303</distance>
        </extensions>
      </trkpt>
      <trkpt lat="46.4128" lon="14.14899">
        <ele>767</ele>
        <extensions>
          <distance>1323</distance>
        </extensions>
      </trkpt>
      <trkpt lat="46.41264" lon="14.14922">
        <ele>772</ele>
        <extensions>
          <distance>1349</distance>
        </extensions>
      </trkpt>
      <trkpt lat="46.41255" lon="14.14928">
        <ele>774</ele>
        <extensions>
          <distance>1360</distance>
        </extensions>
      </trkpt>
      <trkpt lat="46.41232" lon="14.14924">
        <ele>779</ele>
        <extensions>
          <distance>1386</distance>
        </extensions>
      </trkpt>
      <trkpt lat="46.41221" lon="14.14911">
        <ele>779</ele>
        <extensions>
          <distance>1402</distance>
        </extensions>
      </trkpt>
      <trkpt lat="46.4121425" lon="14.1489325">
        <ele>779</ele>
        <extensions>
          <distance>1418</distance>
        </extensions>
      </trkpt>
      <trkpt lat="46.412075" lon="14.148755000000001">
        <ele>779</ele>
        <extensions>
          <distance>1433</distance>
        </extensions>
      </trkpt>
      <trkpt lat="46.4120075" lon="14.148577500000002">
        <ele>779</ele>
        <extensions>
          <distance>1449</distance>
        </extensions>
      </trkpt>
      <trkpt lat="46.41194" lon="14.1484">
        <ele>779</ele>
        <extensions>
          <distance>1465</distance>
        </extensions>
      </trkpt>
      <trkpt lat="46.4118725" lon="14.1482225">
        <ele>779</ele>
        <extensions>
          <distance>1480</distance>
        </extensions>
      </trkpt>
      <trkpt lat="46.411805" lon="14.148045">
        <ele>780</ele>
        <extensions>
          <distance>1496</distance>
        </extensions>
      </trkpt>
      <trkpt lat="46.4117375" lon="14.1478675">
        <ele>782</ele>
        <extensions>
          <distance>1511</distance>
        </extensions>
      </trkpt>
      <trkpt lat="46.41167" lon="14.14769">
        <ele>783</ele>
        <extensions>
          <distance>1527</distance>
        </extensions>
      </trkpt>
      <trkpt lat="46.41162" lon="14.14762">
        <ele>784</ele>
        <extensions>
          <distance>1535</distance>
        </extensions>
      </trkpt>
      <trkpt lat="46.41158" lon="14.1476">
        <ele>786</ele>
        <extensions>
          <distance>1540</distance>
        </extensions>
      </trkpt>
      <trkpt lat="46.41156" lon="14.14762">
        <ele>786</ele>
        <extensions>
          <distance>1542</distance>
        </extensions>
      </trkpt>
      <trkpt lat="46.41154" lon="14.14769">
        <ele>786</ele>
        <extensions>
          <distance>1548</distance>
        </extensions>
      </trkpt>
      <trkpt lat="46.41167" lon="14.14802">
        <ele>787</ele>
        <extensions>
          <distance>1578</distance>
        </extensions>
      </trkpt>
      <trkpt lat="46.41172" lon="14.14822">
        <ele>790</ele>
        <extensions>
          <distance>1594</distance>
        </extensions>
      </trkpt>
      <trkpt lat="46.41175" lon="14.14855">
        <ele>792</ele>
        <extensions>
          <distance>1620</distance>
        </extensions>
      </trkpt>
      <trkpt lat="46.411755" lon="14.14885">
        <ele>799</ele>
        <extensions>
          <distance>1644</distance>
        </extensions>
      </trkpt>
      <trkpt lat="46.41176" lon="14.14915">
        <ele>804</ele>
        <extensions>
          <distance>1667</distance>
        </extensions>
      </trkpt>
      <trkpt lat="46.411785" lon="14.14951">
        <ele>808</ele>
        <extensions>
          <distance>1695</distance>
        </extensions>
      </trkpt>
      <trkpt lat="46.41181" lon="14.14987">
        <ele>815</ele>
        <extensions>
          <distance>1724</distance>
        </extensions>
      </trkpt>
      <trkpt lat="46.41178" lon="14.15017">
        <ele>819</ele>
        <extensions>
          <distance>1748</distance>
        </extensions>
      </trkpt>
      <trkpt lat="46.41181" lon="14.15027">
        <ele>821</ele>
        <extensions>
          <distance>1756</distance>
        </extensions>
      </trkpt>
      <trkpt lat="46.41189" lon="14.15034">
        <ele>821</ele>
        <extensions>
          <distance>1767</distance>
        </extensions>
      </trkpt>
      <trkpt lat="46.41215" lon="14.15034">
        <ele>821</ele>
        <extensions>
          <distance>1796</distance>
        </extensions>
      </trkpt>
      <trkpt lat="46.412345" lon="14.150369999999999">
        <ele>821</ele>
        <extensions>
          <distance>1818</distance>
        </extensions>
      </trkpt>
      <trkpt lat="46.41254" lon="14.1504">
        <ele>824</ele>
        <extensions>
          <distance>1839</distance>
        </extensions>
      </trkpt>
      <trkpt lat="46.41266" lon="14.1504">
        <ele>824</ele>
        <extensions>
          <distance>1853</distance>
        </extensions>
      </trkpt>
      <trkpt lat="46.41271" lon="14.15043">
        <ele>826</ele>
        <extensions>
          <distance>1859</distance>
        </extensions>
      </trkpt>
      <trkpt lat="46.41273" lon="14.15049">
        <ele>829</ele>
        <extensions>
          <distance>1865</distance>
        </extensions>
      </trkpt>
      <trkpt lat="46.41272" lon="14.15056">
        <ele>831</ele>
        <extensions>
          <distance>1871</distance>
        </extensions>
      </trkpt>
      <trkpt lat="46.41269" lon="14.15059">
        <ele>831</ele>
        <extensions>
          <distance>1875</distance>
        </extensions>
      </trkpt>
      <trkpt lat="46.41263" lon="14.1506">
        <ele>831</ele>
        <extensions>
          <distance>1881</distance>
        </extensions>
      </trkpt>
      <trkpt lat="46.412440000000004" lon="14.150555">
        <ele>831</ele>
        <extensions>
          <distance>1903</distance>
        </extensions>
      </trkpt>
      <trkpt lat="46.41225" lon="14.15051">
        <ele>831</ele>
        <extensions>
          <distance>1924</distance>
        </extensions>
      </trkpt>
      <trkpt lat="46.41214" lon="14.15053">
        <ele>831</ele>
        <extensions>
          <distance>1937</distance>
        </extensions>
      </trkpt>
      <trkpt lat="46.411972500000005" lon="14.150635">
        <ele>831</ele>
        <extensions>
          <distance>1957</distance>
        </extensions>
      </trkpt>
      <trkpt lat="46.411805" lon="14.150739999999999">
        <ele>831</ele>
        <extensions>
          <distance>1977</distance>
        </extensions>
      </trkpt>
      <trkpt lat="46.4116375" lon="14.150845">
        <ele>833</ele>
        <extensions>
          <distance>1997</distance>
        </extensions>
      </trkpt>
      <trkpt lat="46.41147" lon="14.15095">
        <ele>833</ele>
        <extensions>
          <distance>2018</distance>
        </extensions>
      </trkpt>
      <trkpt lat="46.41127" lon="14.15103">
        <ele>833</ele>
        <extensions>
          <distance>2041</distance>
        </extensions>
      </trkpt>
      <trkpt lat="46.41125" lon="14.15107">
        <ele>834</ele>
        <extensions>
          <distance>2045</distance>
        </extensions>
      </trkpt>
      <trkpt lat="46.41124" lon="14.15115">
        <ele>835</ele>
        <extensions>
          <distance>2051</distance>
        </extensions>
      </trkpt>
      <trkpt lat="46.41127" lon="14.15122">
        <ele>835</ele>
        <extensions>
          <distance>2057</distance>
        </extensions>
      </trkpt>
      <trkpt lat="46.41132" lon="14.15124">
        <ele>835</ele>
        <extensions>
          <distance>2063</distance>
        </extensions>
      </trkpt>
      <trkpt lat="46.41156" lon="14.15117">
        <ele>839</ele>
        <extensions>
          <distance>2090</distance>
        </extensions>
      </trkpt>
      <trkpt lat="46.4118" lon="14.1511">
        <ele>843</ele>
        <extensions>
          <distance>2118</distance>
        </extensions>
      </trkpt>
      <trkpt lat="46.41205" lon="14.151">
        <ele>845</ele>
        <extensions>
          <distance>2147</distance>
        </extensions>
      </trkpt>
      <trkpt lat="46.41218" lon="14.15101">
        <ele>846</ele>
        <extensions>
          <distance>2161</distance>
        </extensions>
      </trkpt>
      <trkpt lat="46.41235" lon="14.15108">
        <ele>849</ele>
        <extensions>
          <distance>2181</distance>
        </extensions>
      </trkpt>
      <trkpt lat="46.41252" lon="14.15115">
        <ele>849</ele>
        <extensions>
          <distance>2201</distance>
        </extensions>
      </trkpt>
      <trkpt lat="46.41274" lon="14.15114">
        <ele>850</ele>
        <extensions>
          <distance>2225</distance>
        </extensions>
      </trkpt>
      <trkpt lat="46.41283" lon="14.15118">
        <ele>850</ele>
        <extensions>
          <distance>2236</distance>
        </extensions>
      </trkpt>
      <trkpt lat="46.41294" lon="14.1513">
        <ele>851</ele>
        <extensions>
          <distance>2251</distance>
        </extensions>
      </trkpt>
      <trkpt lat="46.41306" lon="14.15149">
        <ele>851</ele>
        <extensions>
          <distance>2271</distance>
        </extensions>
      </trkpt>
      <trkpt lat="46.41313" lon="14.15154">
        <ele>852</ele>
        <extensions>
          <distance>2280</distance>
        </extensions>
      </trkpt>
      <trkpt lat="46.41321" lon="14.15157">
        <ele>853</ele>
        <extensions>
          <distance>2289</distance>
        </extensions>
      </trkpt>
      <trkpt lat="46.413405" lon="14.15157">
        <ele>855</ele>
        <extensions>
          <distance>2311</distance>
        </extensions>
      </trkpt>
      <trkpt lat="46.4136" lon="14.15157">
        <ele>858</ele>
        <extensions>
          <distance>2332</distance>
        </extensions>
      </trkpt>
      <trkpt lat="46.41375" lon="14.15161">
        <ele>859</ele>
        <extensions>
          <distance>2349</distance>
        </extensions>
      </trkpt>
      <trkpt lat="46.41385" lon="14.15169">
        <ele>860</ele>
        <extensions>
          <distance>2362</distance>
        </extensions>
      </trkpt>
      <trkpt lat="46.41403" lon="14.15189">
        <ele>864</ele>
        <extensions>
          <distance>2388</distance>
        </extensions>
      </trkpt>
      <trkpt lat="46.41411" lon="14.15204">
        <ele>867</ele>
        <extensions>
          <distance>2403</distance>
        </extensions>
      </trkpt>
      <trkpt lat="46.41424" lon="14.15238">
        <ele>876</ele>
        <extensions>
          <distance>2434</distance>
        </extensions>
      </trkpt>
      <trkpt lat="46.41436" lon="14.15256">
        <ele>883</ele>
        <extensions>
          <distance>2454</distance>
        </extensions>
      </trkpt>
      <trkpt lat="46.41444" lon="14.15277">
        <ele>889</ele>
        <extensions>
          <distance>2474</distance>
        </extensions>
      </trkpt>
      <trkpt lat="46.41452" lon="14.15298">
        <ele>893</ele>
        <extensions>
          <distance>2492</distance>
        </extensions>
      </trkpt>
      <trkpt lat="46.41456" lon="14.15318">
        <ele>897</ele>
        <extensions>
          <distance>2509</distance>
        </extensions>
      </trkpt>
      <trkpt lat="46.41458" lon="14.15349">
        <ele>901</ele>
        <extensions>
          <distance>2533</distance>
        </extensions>
      </trkpt>
      <trkpt lat="46.41455" lon="14.15383">
        <ele>905</ele>
        <extensions>
          <distance>2560</distance>
        </extensions>
      </trkpt>
      <trkpt lat="46.41451" lon="14.154029999999999">
        <ele>907</ele>
        <extensions>
          <distance>2576</distance>
        </extensions>
      </trkpt>
      <trkpt lat="46.41447" lon="14.15423">
        <ele>908</ele>
        <extensions>
          <distance>2592</distance>
        </extensions>
      </trkpt>
      <trkpt lat="46.4144" lon="14.15445">
        <ele>910</ele>
        <extensions>
          <distance>2611</distance>
        </extensions>
      </trkpt>
      <trkpt lat="46.41429" lon="14.15471">
        <ele>914</ele>
        <extensions>
          <distance>2635</distance>
        </extensions>
      </trkpt>
      <trkpt lat="46.414155" lon="14.154895">
        <ele>916</ele>
        <extensions>
          <distance>2655</distance>
        </extensions>
      </trkpt>
      <trkpt lat="46.41402" lon="14.15508">
        <ele>917</ele>
        <extensions>
          <distance>2676</distance>
        </extensions>
      </trkpt>
      <trkpt lat="46.41387" lon="14.15537">
        <ele>920</ele>
        <extensions>
          <distance>2704</distance>
        </extensions>
      </trkpt>
      <trkpt lat="46.41374" lon="14.15568">
        <ele>927</ele>
        <extensions>
          <distance>2733</distance>
        </extensions>
      </trkpt>
      <trkpt lat="46.41369" lon="14.15577">
        <ele>930</ele>
        <extensions>
          <distance>2742</distance>
        </extensions>
      </trkpt>
      <trkpt lat="46.41364" lon="14.1558">
        <ele>930</ele>
        <extensions>
          <distance>2748</distance>
        </extensions>
      </trkpt>
      <trkpt lat="46.41359" lon="14.15579">
        <ele>930</ele>
        <extensions>
          <distance>2754</distance>
        </extensions>
      </trkpt>
      <trkpt lat="46.41354" lon="14.15574">
        <ele>930</ele>
        <extensions>
          <distance>2761</distance>
        </extensions>
      </trkpt>
      <trkpt lat="46.4135" lon="14.15566">
        <ele>930</ele>
        <extensions>
          <distance>2768</distance>
        </extensions>
      </trkpt>
      <trkpt lat="46.41348" lon="14.15554">
        <ele>929</ele>
        <extensions>
          <distance>2778</distance>
        </extensions>
      </trkpt>
      <trkpt lat="46.413489999999996" lon="14.15529">
        <ele>924</ele>
        <extensions>
          <distance>2797</distance>
        </extensions>
      </trkpt>
      <trkpt lat="46.4135" lon="14.15504">
        <ele>923</ele>
        <extensions>
          <distance>2816</distance>
        </extensions>
      </trkpt>
      <trkpt lat="46.41349" lon="14.155">
        <ele>923</ele>
        <extensions>
          <distance>2820</distance>
        </extensions>
      </trkpt>
      <trkpt lat="46.41345" lon="14.15498">
        <ele>923</ele>
        <extensions>
          <distance>2824</distance>
        </extensions>
      </trkpt>
      <trkpt lat="46.41342" lon="14.15499">
        <ele>923</ele>
        <extensions>
          <distance>2828</distance>
        </extensions>
      </trkpt>
      <trkpt lat="46.4134" lon="14.15502">
        <ele>924</ele>
        <extensions>
          <distance>2831</distance>
        </extensions>
      </trkpt>
      <trkpt lat="46.41338" lon="14.15524">
        <ele>927</ele>
        <extensions>
          <distance>2848</distance>
        </extensions>
      </trkpt>
      <trkpt lat="46.41334" lon="14.15548">
        <ele>932</ele>
        <extensions>
          <distance>2868</distance>
        </extensions>
      </trkpt>
      <trkpt lat="46.4133" lon="14.15572">
        <ele>936</ele>
        <extensions>
          <distance>2887</distance>
        </extensions>
      </trkpt>
      <trkpt lat="46.41331" lon="14.15582">
        <ele>938</ele>
        <extensions>
          <distance>2895</distance>
        </extensions>
      </trkpt>
      <trkpt lat="46.41335" lon="14.15593">
        <ele>939</ele>
        <extensions>
          <distance>2905</distance>
        </extensions>
      </trkpt>
      <trkpt lat="46.41345" lon="14.15608">
        <ele>941</ele>
        <extensions>
          <distance>2921</distance>
        </extensions>
      </trkpt>
      <trkpt lat="46.41358" lon="14.15632">
        <ele>948</ele>
        <extensions>
          <distance>2945</distance>
        </extensions>
      </trkpt>
      <trkpt lat="46.41368" lon="14.156635">
        <ele>952</ele>
        <extensions>
          <distance>2972</distance>
        </extensions>
      </trkpt>
      <trkpt lat="46.41378" lon="14.15695">
        <ele>954</ele>
        <extensions>
          <distance>2999</distance>
        </extensions>
      </trkpt>
      <trkpt lat="46.41385" lon="14.15729">
        <ele>956</ele>
        <extensions>
          <distance>3026</distance>
        </extensions>
      </trkpt>
      <trkpt lat="46.41389" lon="14.15736">
        <ele>956</ele>
        <extensions>
          <distance>3033</distance>
        </extensions>
      </trkpt>
      <trkpt lat="46.41394" lon="14.1574">
        <ele>958</ele>
        <extensions>
          <distance>3040</distance>
        </extensions>
      </trkpt>
      <trkpt lat="46.414075" lon="14.157415">
        <ele>958</ele>
        <extensions>
          <distance>3055</distance>
        </extensions>
      </trkpt>
      <trkpt lat="46.41421" lon="14.15743">
        <ele>958</ele>
        <extensions>
          <distance>3070</distance>
        </extensions>
      </trkpt>
      <trkpt lat="46.41435" lon="14.15748">
        <ele>958</ele>
        <extensions>
          <distance>3086</distance>
        </extensions>
      </trkpt>
      <trkpt lat="46.41441" lon="14.15756">
        <ele>961</ele>
        <extensions>
          <distance>3095</distance>
        </extensions>
      </trkpt>
      <trkpt lat="46.41442" lon="14.15767">
        <ele>962</ele>
        <extensions>
          <distance>3104</distance>
        </extensions>
      </trkpt>
      <trkpt lat="46.41439" lon="14.15773">
        <ele>963</ele>
        <extensions>
          <distance>3110</distance>
        </extensions>
      </trkpt>
      <trkpt lat="46.41417" lon="14.15789">
        <ele>963</ele>
        <extensions>
          <distance>3137</distance>
        </extensions>
      </trkpt>
      <trkpt lat="46.4141" lon="14.15796">
        <ele>963</ele>
        <extensions>
          <distance>3146</distance>
        </extensions>
      </trkpt>
      <trkpt lat="46.41407" lon="14.158">
        <ele>964</ele>
        <extensions>
          <distance>3151</distance>
        </extensions>
      </trkpt>
      <trkpt lat="46.41405" lon="14.15808">
        <ele>966</ele>
        <extensions>
          <distance>3158</distance>
        </extensions>
      </trkpt>
      <trkpt lat="46.41406" lon="14.15813">
        <ele>966</ele>
        <extensions>
          <distance>3162</distance>
        </extensions>
      </trkpt>
      <trkpt lat="46.41409" lon="14.15817">
        <ele>966</ele>
        <extensions>
          <distance>3166</distance>
        </extensions>
      </trkpt>
      <trkpt lat="46.41422" lon="14.15818">
        <ele>967</ele>
        <extensions>
          <distance>3181</distance>
        </extensions>
      </trkpt>
      <trkpt lat="46.4143" lon="14.15823">
        <ele>969</ele>
        <extensions>
          <distance>3190</distance>
        </extensions>
      </trkpt>
      <trkpt lat="46.41443" lon="14.15838">
        <ele>974</ele>
        <extensions>
          <distance>3210</distance>
        </extensions>
      </trkpt>
      <trkpt lat="46.41464" lon="14.15844">
        <ele>979</ele>
        <extensions>
          <distance>3234</distance>
        </extensions>
      </trkpt>
      <trkpt lat="46.41478" lon="14.15842">
        <ele>979</ele>
        <extensions>
          <distance>3250</distance>
        </extensions>
      </trkpt>
      <trkpt lat="46.41493" lon="14.15833">
        <ele>979</ele>
        <extensions>
          <distance>3268</distance>
        </extensions>
      </trkpt>
      <trkpt lat="46.41505" lon="14.15818">
        <ele>980</ele>
        <extensions>
          <distance>3285</distance>
        </extensions>
      </trkpt>
      <trkpt lat="46.41515" lon="14.15804">
        <ele>980</ele>
        <extensions>
          <distance>3301</distance>
        </extensions>
      </trkpt>
      <trkpt lat="46.41525" lon="14.1578">
        <ele>980</ele>
        <extensions>
          <distance>3322</distance>
        </extensions>
      </trkpt>
      <trkpt lat="46.41527" lon="14.15768">
        <ele>980</ele>
        <extensions>
          <distance>3332</distance>
        </extensions>
      </trkpt>
      <trkpt lat="46.415279999999996" lon="14.157397499999998">
        <ele>982</ele>
        <extensions>
          <distance>3353</distance>
        </extensions>
      </trkpt>
      <trkpt lat="46.41529" lon="14.157115">
        <ele>982</ele>
        <extensions>
          <distance>3375</distance>
        </extensions>
      </trkpt>
      <trkpt lat="46.4153" lon="14.1568325">
        <ele>983</ele>
        <extensions>
          <distance>3397</distance>
        </extensions>
      </trkpt>
      <trkpt lat="46.41531" lon="14.15655">
        <ele>984</ele>
        <extensions>
          <distance>3419</distance>
        </extensions>
      </trkpt>
      <trkpt lat="46.41533" lon="14.15644">
        <ele>984</ele>
        <extensions>
          <distance>3428</distance>
        </extensions>
      </trkpt>
      <trkpt lat="46.41537" lon="14.15634">
        <ele>985</ele>
        <extensions>
          <distance>3436</distance>
        </extensions>
      </trkpt>
      <trkpt lat="46.41551" lon="14.15618">
        <ele>987</ele>
        <extensions>
          <distance>3456</distance>
        </extensions>
      </trkpt>
      <trkpt lat="46.41559" lon="14.15612">
        <ele>989</ele>
        <extensions>
          <distance>3467</distance>
        </extensions>
      </trkpt>
      <trkpt lat="46.41575" lon="14.15604">
        <ele>991</ele>
        <extensions>
          <distance>3485</distance>
        </extensions>
      </trkpt>
      <trkpt lat="46.41582" lon="14.15599">
        <ele>991</ele>
        <extensions>
          <distance>3494</distance>
        </extensions>
      </trkpt>
      <trkpt lat="46.41587" lon="14.15592">
        <ele>991</ele>
        <extensions>
          <distance>3502</distance>
        </extensions>
      </trkpt>
      <trkpt lat="46.41591" lon="14.15574">
        <ele>991</ele>
        <extensions>
          <distance>3516</distance>
        </extensions>
      </trkpt>
      <trkpt lat="46.41592" lon="14.15543">
        <ele>991</ele>
        <extensions>
          <distance>3540</distance>
        </extensions>
      </trkpt>
      <trkpt lat="46.41594" lon="14.15538">
        <ele>991</ele>
        <extensions>
          <distance>3545</distance>
        </extensions>
      </trkpt>
      <trkpt lat="46.41598" lon="14.15535">
        <ele>991</ele>
        <extensions>
          <distance>3550</distance>
        </extensions>
      </trkpt>
      <trkpt lat="46.416145" lon="14.155325000000001">
        <ele>991</ele>
        <extensions>
          <distance>3568</distance>
        </extensions>
      </trkpt>
      <trkpt lat="46.41631" lon="14.1553">
        <ele>993</ele>
        <extensions>
          <distance>3587</distance>
        </extensions>
      </trkpt>
      <trkpt lat="46.41655" lon="14.15534">
        <ele>995</ele>
        <extensions>
          <distance>3614</distance>
        </extensions>
      </trkpt>
      <trkpt lat="46.41667" lon="14.1554">
        <ele>997</ele>
        <extensions>
          <distance>3628</distance>
        </extensions>
      </trkpt>
      <trkpt lat="46.41688" lon="14.15557">
        <ele>1003</ele>
        <extensions>
          <distance>3655</distance>
        </extensions>
      </trkpt>
      <trkpt lat="46.41694" lon="14.15559">
        <ele>1005</ele>
        <extensions>
          <distance>3662</distance>
        </extensions>
      </trkpt>
      <trkpt lat="46.417" lon="14.15558">
        <ele>1007</ele>
        <extensions>
          <distance>3669</distance>
        </extensions>
      </trkpt>
      <trkpt lat="46.41705" lon="14.15554">
        <ele>1007</ele>
        <extensions>
          <distance>3676</distance>
        </extensions>
      </trkpt>
      <trkpt lat="46.41711" lon="14.15543">
        <ele>1007</ele>
        <extensions>
          <distance>3687</distance>
        </extensions>
      </trkpt>
      <trkpt lat="46.417204999999996" lon="14.155145000000001">
        <ele>1007</ele>
        <extensions>
          <distance>3711</distance>
        </extensions>
      </trkpt>
      <trkpt lat="46.4173" lon="14.15486">
        <ele>1007</ele>
        <extensions>
          <distance>3735</distance>
        </extensions>
      </trkpt>
      <trkpt lat="46.41736" lon="14.15476">
        <ele>1007</ele>
        <extensions>
          <distance>3745</distance>
        </extensions>
      </trkpt>
      <trkpt lat="46.41743" lon="14.15471">
        <ele>1007</ele>
        <extensions>
          <distance>3754</distance>
        </extensions>
      </trkpt>
      <trkpt lat="46.41753" lon="14.15467">
        <ele>1007</ele>
        <extensions>
          <distance>3766</distance>
        </extensions>
      </trkpt>
      <trkpt lat="46.417739999999995" lon="14.154644999999999">
        <ele>1015</ele>
        <extensions>
          <distance>3789</distance>
        </extensions>
      </trkpt>
      <trkpt lat="46.41795" lon="14.15462">
        <ele>1021</ele>
        <extensions>
          <distance>3813</distance>
        </extensions>
      </trkpt>
      <trkpt lat="46.4181" lon="14.15464">
        <ele>1026</ele>
        <extensions>
          <distance>3831</distance>
        </extensions>
      </trkpt>
      <trkpt lat="46.41823" lon="14.15461">
        <ele>1029</ele>
        <extensions>
          <distance>3846</distance>
        </extensions>
      </trkpt>
      <trkpt lat="46.41836" lon="14.1545">
        <ele>1030</ele>
        <extensions>
          <distance>3863</distance>
        </extensions>
      </trkpt>
      <trkpt lat="46.41845" lon="14.15435">
        <ele>1031</ele>
        <extensions>
          <distance>3878</distance>
        </extensions>
      </trkpt>
      <trkpt lat="46.41854" lon="14.15427">
        <ele>1031</ele>
        <extensions>
          <distance>3890</distance>
        </extensions>
      </trkpt>
      <trkpt lat="46.418760000000006" lon="14.1541925">
        <ele>1035</ele>
        <extensions>
          <distance>3915</distance>
        </extensions>
      </trkpt>
      <trkpt lat="46.418980000000005" lon="14.154115000000001">
        <ele>1039</ele>
        <extensions>
          <distance>3941</distance>
        </extensions>
      </trkpt>
      <trkpt lat="46.419200000000004" lon="14.154037500000001">
        <ele>1045</ele>
        <extensions>
          <distance>3966</distance>
        </extensions>
      </trkpt>
      <trkpt lat="46.41942" lon="14.15396">
        <ele>1046</ele>
        <extensions>
          <distance>3992</distance>
        </extensions>
      </trkpt>
      <trkpt lat="46.41966" lon="14.153984999999999">
        <ele>1053</ele>
        <extensions>
          <distance>4019</distance>
        </extensions>
      </trkpt>
      <trkpt lat="46.4199" lon="14.15401">
        <ele>1059</ele>
        <extensions>
          <distance>4046</distance>
        </extensions>
      </trkpt>
      <trkpt lat="46.41997" lon="14.15396">
        <ele>1059</ele>
        <extensions>
          <distance>4055</distance>
        </extensions>
      </trkpt>
      <trkpt lat="46.42007" lon="14.1537">
        <ele>1059</ele>
        <extensions>
          <distance>4078</distance>
        </extensions>
      </trkpt>
      <trkpt lat="46.42024" lon="14.15343">
        <ele>1059</ele>
        <extensions>
          <distance>4106</distance>
        </extensions>
      </trkpt>
      <trkpt lat="46.420355" lon="14.1533">
        <ele>1058</ele>
        <extensions>
          <distance>4122</distance>
        </extensions>
      </trkpt>
      <trkpt lat="46.42047" lon="14.15317">
        <ele>1058</ele>
        <extensions>
          <distance>4138</distance>
        </extensions>
      </trkpt>
      <trkpt lat="46.42064" lon="14.15304">
        <ele>1058</ele>
        <extensions>
          <distance>4160</distance>
        </extensions>
      </trkpt>
      <trkpt lat="46.42076" lon="14.15302">
        <ele>1058</ele>
        <extensions>
          <distance>4173</distance>
        </extensions>
      </trkpt>
      <trkpt lat="46.420905000000005" lon="14.153075000000001">
        <ele>1062</ele>
        <extensions>
          <distance>4190</distance>
        </extensions>
      </trkpt>
      <trkpt lat="46.42105" lon="14.15313">
        <ele>1066</ele>
        <extensions>
          <distance>4207</distance>
        </extensions>
      </trkpt>
      <trkpt lat="46.42117" lon="14.15312">
        <ele>1068</ele>
        <extensions>
          <distance>4221</distance>
        </extensions>
      </trkpt>
      <trkpt lat="46.42126" lon="14.15307">
        <ele>1069</ele>
        <extensions>
          <distance>4231</distance>
        </extensions>
      </trkpt>
      <trkpt lat="46.42135" lon="14.15305">
        <ele>1072</ele>
        <extensions>
          <distance>4242</distance>
        </extensions>
      </trkpt>
      <trkpt lat="46.42154" lon="14.15319">
        <ele>1080</ele>
        <extensions>
          <distance>4267</distance>
        </extensions>
      </trkpt>
      <trkpt lat="46.42167" lon="14.15318">
        <ele>1083</ele>
        <extensions>
          <distance>4282</distance>
        </extensions>
      </trkpt>
      <trkpt lat="46.42182" lon="14.15309">
        <ele>1085</ele>
        <extensions>
          <distance>4300</distance>
        </extensions>
      </trkpt>
      <trkpt lat="46.42201" lon="14.152935">
        <ele>1088</ele>
        <extensions>
          <distance>4324</distance>
        </extensions>
      </trkpt>
      <trkpt lat="46.4222" lon="14.15278">
        <ele>1088</ele>
        <extensions>
          <distance>4348</distance>
        </extensions>
      </trkpt>
      <trkpt lat="46.42235" lon="14.1526">
        <ele>1088</ele>
        <extensions>
          <distance>4370</distance>
        </extensions>
      </trkpt>
      <trkpt lat="46.422425000000004" lon="14.152355">
        <ele>1088</ele>
        <extensions>
          <distance>4391</distance>
        </extensions>
      </trkpt>
      <trkpt lat="46.4225" lon="14.15211">
        <ele>1087</ele>
        <extensions>
          <distance>4411</distance>
        </extensions>
      </trkpt>
      <trkpt lat="46.42259" lon="14.15193">
        <ele>1087</ele>
        <extensions>
          <distance>4428</distance>
        </extensions>
      </trkpt>
      <trkpt lat="46.4227" lon="14.15179">
        <ele>1087</ele>
        <extensions>
          <distance>4445</distance>
        </extensions>
      </trkpt>
      <trkpt lat="46.42275" lon="14.15156">
        <ele>1087</ele>
        <extensions>
          <distance>4463</distance>
        </extensions>
      </trkpt>
      <trkpt lat="46.42284" lon="14.15148">
        <ele>1087</ele>
        <extensions>
          <distance>4475</distance>
        </extensions>
      </trkpt>
      <trkpt lat="46.42307" lon="14.15147">
        <ele>1095</ele>
        <extensions>
          <distance>4501</distance>
        </extensions>
      </trkpt>
      <trkpt lat="46.4233" lon="14.1515">
        <ele>1113</ele>
        <extensions>
          <distance>4532</distance>
        </extensions>
      </trkpt>
      <trkpt lat="46.4234" lon="14.15145">
        <ele>1117</ele>
        <extensions>
          <distance>4544</distance>
        </extensions>
      </trkpt>
      <trkpt lat="46.42346" lon="14.15139">
        <ele>1117</ele>
        <extensions>
          <distance>4553</distance>
        </extensions>
      </trkpt>
      <trkpt lat="46.42357" lon="14.15119">
        <ele>1118</ele>
        <extensions>
          <distance>4572</distance>
        </extensions>
      </trkpt>
      <trkpt lat="46.423685" lon="14.15088">
        <ele>1118</ele>
        <extensions>
          <distance>4599</distance>
        </extensions>
      </trkpt>
      <trkpt lat="46.4238" lon="14.15057">
        <ele>1120</ele>
        <extensions>
          <distance>4626</distance>
        </extensions>
      </trkpt>
      <trkpt lat="46.42396" lon="14.150365">
        <ele>1126</ele>
        <extensions>
          <distance>4651</distance>
        </extensions>
      </trkpt>
      <trkpt lat="46.42412" lon="14.15016">
        <ele>1130</ele>
        <extensions>
          <distance>4675</distance>
        </extensions>
      </trkpt>
      <trkpt lat="46.424285" lon="14.149995">
        <ele>1133</ele>
        <extensions>
          <distance>4697</distance>
        </extensions>
      </trkpt>
      <trkpt lat="46.42445" lon="14.14983">
        <ele>1136</ele>
        <extensions>
          <distance>4720</distance>
        </extensions>
      </trkpt>
      <trkpt lat="46.42449" lon="14.14971">
        <ele>1137</ele>
        <extensions>
          <distance>4730</distance>
        </extensions>
      </trkpt>
      <trkpt lat="46.42461" lon="14.14953">
        <ele>1141</ele>
        <extensions>
          <distance>4750</distance>
        </extensions>
      </trkpt>
      <trkpt lat="46.42474" lon="14.14936">
        <ele>1144</ele>
        <extensions>
          <distance>4769</distance>
        </extensions>
      </trkpt>
      <trkpt lat="46.42492" lon="14.14921">
        <ele>1146</ele>
        <extensions>
          <distance>4793</distance>
        </extensions>
      </trkpt>
      <trkpt lat="46.42506" lon="14.14913">
        <ele>1146</ele>
        <extensions>
          <distance>4809</distance>
        </extensions>
      </trkpt>
      <trkpt lat="46.425235" lon="14.149049999999999">
        <ele>1148</ele>
        <extensions>
          <distance>4830</distance>
        </extensions>
      </trkpt>
      <trkpt lat="46.42541" lon="14.14897">
        <ele>1151</ele>
        <extensions>
          <distance>4850</distance>
        </extensions>
      </trkpt>
      <trkpt lat="46.42547" lon="14.14896">
        <ele>1153</ele>
        <extensions>
          <distance>4857</distance>
        </extensions>
      </trkpt>
      <trkpt lat="46.42549" lon="14.14898">
        <ele>1153</ele>
        <extensions>
          <distance>4860</distance>
        </extensions>
      </trkpt>
      <trkpt lat="46.42545" lon="14.14921">
        <ele>1155</ele>
        <extensions>
          <distance>4879</distance>
        </extensions>
      </trkpt>
      <trkpt lat="46.42545" lon="14.14937">
        <ele>1156</ele>
        <extensions>
          <distance>4891</distance>
        </extensions>
      </trkpt>
      <trkpt lat="46.425475" lon="14.149595">
        <ele>1161</ele>
        <extensions>
          <distance>4909</distance>
        </extensions>
      </trkpt>
      <trkpt lat="46.4255" lon="14.14982">
        <ele>1166</ele>
        <extensions>
          <distance>4927</distance>
        </extensions>
      </trkpt>
      <trkpt lat="46.42557" lon="14.15002">
        <ele>1173</ele>
        <extensions>
          <distance>4946</distance>
        </extensions>
      </trkpt>
      <trkpt lat="46.42568" lon="14.14999">
        <ele>1173</ele>
        <extensions>
          <distance>4958</distance>
        </extensions>
      </trkpt>
      <trkpt lat="46.42574" lon="14.14977">
        <ele>1173</ele>
        <extensions>
          <distance>4976</distance>
        </extensions>
      </trkpt>
      <trkpt lat="46.42581249999999" lon="14.149585">
        <ele>1173</ele>
        <extensions>
          <distance>4993</distance>
        </extensions>
      </trkpt>
      <trkpt lat="46.425884999999994" lon="14.1494">
        <ele>1172</ele>
        <extensions>
          <distance>5009</distance>
        </extensions>
      </trkpt>
      <trkpt lat="46.425957499999996" lon="14.149215">
        <ele>1172</ele>
        <extensions>
          <distance>5025</distance>
        </extensions>
      </trkpt>
      <trkpt lat="46.42603" lon="14.14903">
        <ele>1172</ele>
        <extensions>
          <distance>5042</distance>
        </extensions>
      </trkpt>
      <trkpt lat="46.426075" lon="14.148795">
        <ele>1172</ele>
        <extensions>
          <distance>5060</distance>
        </extensions>
      </trkpt>
      <trkpt lat="46.42612" lon="14.14856">
        <ele>1173</ele>
        <extensions>
          <distance>5079</distance>
        </extensions>
      </trkpt>
      <trkpt lat="46.426145" lon="14.148344999999999">
        <ele>1174</ele>
        <extensions>
          <distance>5096</distance>
        </extensions>
      </trkpt>
      <trkpt lat="46.42617" lon="14.14813">
        <ele>1175</ele>
        <extensions>
          <distance>5113</distance>
        </extensions>
      </trkpt>
      <trkpt lat="46.42614" lon="14.14784">
        <ele>1176</ele>
        <extensions>
          <distance>5135</distance>
        </extensions>
      </trkpt>
      <trkpt lat="46.426055" lon="14.147495">
        <ele>1176</ele>
        <extensions>
          <distance>5163</distance>
        </extensions>
      </trkpt>
      <trkpt lat="46.42597" lon="14.14715">
        <ele>1176</ele>
        <extensions>
          <distance>5192</distance>
        </extensions>
      </trkpt>
      <trkpt lat="46.42595" lon="14.14702">
        <ele>1177</ele>
        <extensions>
          <distance>5202</distance>
        </extensions>
      </trkpt>
      <trkpt lat="46.42599" lon="14.14693">
        <ele>1178</ele>
        <extensions>
          <distance>5210</distance>
        </extensions>
      </trkpt>
      <trkpt lat="46.42607" lon="14.14688">
        <ele>1181</ele>
        <extensions>
          <distance>5220</distance>
        </extensions>
      </trkpt>
      <trkpt lat="46.42621" lon="14.1472">
        <ele>1181</ele>
        <extensions>
          <distance>5249</distance>
        </extensions>
      </trkpt>
      <trkpt lat="46.42607" lon="14.14688">
        <ele>1184</ele>
        <extensions>
          <distance>5279</distance>
        </extensions>
      </trkpt>
      <trkpt lat="46.42616" lon="14.14684">
        <ele>1185</ele>
        <extensions>
          <distance>5289</distance>
        </extensions>
      </trkpt>
      <trkpt lat="46.42625" lon="14.14686">
        <ele>1189</ele>
        <extensions>
          <distance>5300</distance>
        </extensions>
      </trkpt>
      <trkpt lat="46.426395" lon="14.147079999999999">
        <ele>1192</ele>
        <extensions>
          <distance>5323</distance>
        </extensions>
      </trkpt>
      <trkpt lat="46.42654" lon="14.1473">
        <ele>1196</ele>
        <extensions>
          <distance>5347</distance>
        </extensions>
      </trkpt>
      <trkpt lat="46.42666" lon="14.147575">
        <ele>1199</ele>
        <extensions>
          <distance>5372</distance>
        </extensions>
      </trkpt>
      <trkpt lat="46.42678" lon="14.14785">
        <ele>1201</ele>
        <extensions>
          <distance>5397</distance>
        </extensions>
      </trkpt>
      <trkpt lat="46.42683" lon="14.14794">
        <ele>1204</ele>
        <extensions>
          <distance>5407</distance>
        </extensions>
      </trkpt>
      <trkpt lat="46.42688" lon="14.14794">
        <ele>1206</ele>
        <extensions>
          <distance>5412</distance>
        </extensions>
      </trkpt>
      <trkpt lat="46.42692" lon="14.14789">
        <ele>1208</ele>
        <extensions>
          <distance>5419</distance>
        </extensions>
      </trkpt>
      <trkpt lat="46.426965" lon="14.147675">
        <ele>1210</ele>
        <extensions>
          <distance>5436</distance>
        </extensions>
      </trkpt>
      <trkpt lat="46.42701" lon="14.14746">
        <ele>1210</ele>
        <extensions>
          <distance>5453</distance>
        </extensions>
      </trkpt>
      <trkpt lat="46.42702" lon="14.14726">
        <ele>1210</ele>
        <extensions>
          <distance>5469</distance>
        </extensions>
      </trkpt>
      <trkpt lat="46.42697" lon="14.14702">
        <ele>1212</ele>
        <extensions>
          <distance>5488</distance>
        </extensions>
      </trkpt>
      <trkpt lat="46.42685" lon="14.14681">
        <ele>1212</ele>
        <extensions>
          <distance>5509</distance>
        </extensions>
      </trkpt>
      <trkpt lat="46.42684" lon="14.14672">
        <ele>1213</ele>
        <extensions>
          <distance>5516</distance>
        </extensions>
      </trkpt>
      <trkpt lat="46.42688" lon="14.14664">
        <ele>1213</ele>
        <extensions>
          <distance>5524</distance>
        </extensions>
      </trkpt>
      <trkpt lat="46.42699" lon="14.14647">
        <ele>1216</ele>
        <extensions>
          <distance>5542</distance>
        </extensions>
      </trkpt>
      <trkpt lat="46.42714" lon="14.14641">
        <ele>1220</ele>
        <extensions>
          <distance>5559</distance>
        </extensions>
      </trkpt>
      <trkpt lat="46.42719" lon="14.14626">
        <ele>1222</ele>
        <extensions>
          <distance>5572</distance>
        </extensions>
      </trkpt>
      <trkpt lat="46.42728" lon="14.14616">
        <ele>1224</ele>
        <extensions>
          <distance>5585</distance>
        </extensions>
      </trkpt>
      <trkpt lat="46.42739" lon="14.1461">
        <ele>1227</ele>
        <extensions>
          <distance>5599</distance>
        </extensions>
      </trkpt>
      <trkpt lat="46.42745" lon="14.14597">
        <ele>1228</ele>
        <extensions>
          <distance>5611</distance>
        </extensions>
      </trkpt>
      <trkpt lat="46.42747" lon="14.14573">
        <ele>1230</ele>
        <extensions>
          <distance>5629</distance>
        </extensions>
      </trkpt>
      <trkpt lat="46.42757" lon="14.14558">
        <ele>1234</ele>
        <extensions>
          <distance>5646</distance>
        </extensions>
      </trkpt>
      <trkpt lat="46.42774" lon="14.14543">
        <ele>1238</ele>
        <extensions>
          <distance>5668</distance>
        </extensions>
      </trkpt>
      <trkpt lat="46.42768" lon="14.14514">
        <ele>1241</ele>
        <extensions>
          <distance>5692</distance>
        </extensions>
      </trkpt>
      <trkpt lat="46.427775" lon="14.144985">
        <ele>1245</ele>
        <extensions>
          <distance>5708</distance>
        </extensions>
      </trkpt>
      <trkpt lat="46.42787" lon="14.14483">
        <ele>1250</ele>
        <extensions>
          <distance>5725</distance>
        </extensions>
      </trkpt>
      <trkpt lat="46.42803" lon="14.1446">
        <ele>1258</ele>
        <extensions>
          <distance>5751</distance>
        </extensions>
      </trkpt>
      <trkpt lat="46.42808" lon="14.14444">
        <ele>1263</ele>
        <extensions>
          <distance>5766</distance>
        </extensions>
      </trkpt>
      <trkpt lat="46.42805" lon="14.14429">
        <ele>1263</ele>
        <extensions>
          <distance>5778</distance>
        </extensions>
      </trkpt>
      <trkpt lat="46.42796" lon="14.14406">
        <ele>1263</ele>
        <extensions>
          <distance>5798</distance>
        </extensions>
      </trkpt>
      <trkpt lat="46.42786" lon="14.14387">
        <ele>1265</ele>
        <extensions>
          <distance>5816</distance>
        </extensions>
      </trkpt>
      <trkpt lat="46.42776" lon="14.1436">
        <ele>1265</ele>
        <extensions>
          <distance>5840</distance>
        </extensions>
      </trkpt>
      <trkpt lat="46.42767" lon="14.14328">
        <ele>1266</ele>
        <extensions>
          <distance>5866</distance>
        </extensions>
      </trkpt>
      <trkpt lat="46.427615" lon="14.143025000000002">
        <ele>1267</ele>
        <extensions>
          <distance>5887</distance>
        </extensions>
      </trkpt>
      <trkpt lat="46.42756" lon="14.14277">
        <ele>1267</ele>
        <extensions>
          <distance>5907</distance>
        </extensions>
      </trkpt>
      <trkpt lat="46.42755" lon="14.14246">
        <ele>1268</ele>
        <extensions>
          <distance>5931</distance>
        </extensions>
      </trkpt>
      <trkpt lat="46.42759" lon="14.14217">
        <ele>1268</ele>
        <extensions>
          <distance>5954</distance>
        </extensions>
      </trkpt>
      <trkpt lat="46.42766" lon="14.14199">
        <ele>1268</ele>
        <extensions>
          <distance>5970</distance>
        </extensions>
      </trkpt>
      <trkpt lat="46.42775" lon="14.14192">
        <ele>1272</ele>
        <extensions>
          <distance>5981</distance>
        </extensions>
      </trkpt>
      <trkpt lat="46.42793" lon="14.14187">
        <ele>1275</ele>
        <extensions>
          <distance>6002</distance>
        </extensions>
      </trkpt>
      <trkpt lat="46.428070000000005" lon="14.141774999999999">
        <ele>1275</ele>
        <extensions>
          <distance>6019</distance>
        </extensions>
      </trkpt>
      <trkpt lat="46.42821" lon="14.14168">
        <ele>1279</ele>
        <extensions>
          <distance>6037</distance>
        </extensions>
      </trkpt>
      <trkpt lat="46.428242499999996" lon="14.141427499999999">
        <ele>1280</ele>
        <extensions>
          <distance>6056</distance>
        </extensions>
      </trkpt>
      <trkpt lat="46.428275" lon="14.141175">
        <ele>1282</ele>
        <extensions>
          <distance>6076</distance>
        </extensions>
      </trkpt>
      <trkpt lat="46.4283075" lon="14.1409225">
        <ele>1284</ele>
        <extensions>
          <distance>6096</distance>
        </extensions>
      </trkpt>
      <trkpt lat="46.42834" lon="14.14067">
        <ele>1288</ele>
        <extensions>
          <distance>6116</distance>
        </extensions>
      </trkpt>
      <trkpt lat="46.428349999999995" lon="14.14047">
        <ele>1291</ele>
        <extensions>
          <distance>6132</distance>
        </extensions>
      </trkpt>
      <trkpt lat="46.42836" lon="14.14027">
        <ele>1294</ele>
        <extensions>
          <distance>6148</distance>
        </extensions>
      </trkpt>
      <trkpt lat="46.42839" lon="14.14002">
        <ele>1295</ele>
        <extensions>
          <distance>6167</distance>
        </extensions>
      </trkpt>
      <trkpt lat="46.42842" lon="14.13977">
        <ele>1297</ele>
        <extensions>
          <distance>6187</distance>
        </extensions>
      </trkpt>
      <trkpt lat="46.428470000000004" lon="14.139555000000001">
        <ele>1297</ele>
        <extensions>
          <distance>6204</distance>
        </extensions>
      </trkpt>
      <trkpt lat="46.42852" lon="14.13934">
        <ele>1297</ele>
        <extensions>
          <distance>6222</distance>
        </extensions>
      </trkpt>
      <trkpt lat="46.428650000000005" lon="14.139240000000001">
        <ele>1299</ele>
        <extensions>
          <distance>6238</distance>
        </extensions>
      </trkpt>
      <trkpt lat="46.42878" lon="14.13914">
        <ele>1300</ele>
        <extensions>
          <distance>6254</distance>
        </extensions>
      </trkpt>
      <trkpt lat="46.428995" lon="14.139105">
        <ele>1302</ele>
        <extensions>
          <distance>6279</distance>
        </extensions>
      </trkpt>
      <trkpt lat="46.42921" lon="14.13907">
        <ele>1302</ele>
        <extensions>
          <distance>6303</distance>
        </extensions>
      </trkpt>
      <trkpt lat="46.42941" lon="14.13907">
        <ele>1302</ele>
        <extensions>
          <distance>6325</distance>
        </extensions>
      </trkpt>
      <trkpt lat="46.429585" lon="14.13911">
        <ele>1302</ele>
        <extensions>
          <distance>6344</distance>
        </extensions>
      </trkpt>
      <trkpt lat="46.42976" lon="14.13915">
        <ele>1302</ele>
        <extensions>
          <distance>6364</distance>
        </extensions>
      </trkpt>
      <trkpt lat="46.429935" lon="14.13919">
        <ele>1302</ele>
        <extensions>
          <distance>6384</distance>
        </extensions>
      </trkpt>
      <trkpt lat="46.43011" lon="14.13923">
        <ele>1301</ele>
        <extensions>
          <distance>6404</distance>
        </extensions>
      </trkpt>
      <trkpt lat="46.43036" lon="14.13924">
        <ele>1301</ele>
        <extensions>
          <distance>6431</distance>
        </extensions>
      </trkpt>
      <trkpt lat="46.43045" lon="14.13916">
        <ele>1301</ele>
        <extensions>
          <distance>6443</distance>
        </extensions>
      </trkpt>
      <trkpt lat="46.4305" lon="14.13902">
        <ele>1299</ele>
        <extensions>
          <distance>6455</distance>
        </extensions>
      </trkpt>
      <trkpt lat="46.43052" lon="14.13871">
        <ele>1294</ele>
        <extensions>
          <distance>6480</distance>
        </extensions>
      </trkpt>
      <trkpt lat="46.43054" lon="14.13862">
        <ele>1294</ele>
        <extensions>
          <distance>6487</distance>
        </extensions>
      </trkpt>
      <trkpt lat="46.43067" lon="14.13848">
        <ele>1294</ele>
        <extensions>
          <distance>6505</distance>
        </extensions>
      </trkpt>
      <trkpt lat="46.43081" lon="14.138395">
        <ele>1294</ele>
        <extensions>
          <distance>6522</distance>
        </extensions>
      </trkpt>
      <trkpt lat="46.43095" lon="14.13831">
        <ele>1294</ele>
        <extensions>
          <distance>6539</distance>
        </extensions>
      </trkpt>
      <trkpt lat="46.43107" lon="14.13813">
        <ele>1295</ele>
        <extensions>
          <distance>6558</distance>
        </extensions>
      </trkpt>
      <trkpt lat="46.43121" lon="14.13785">
        <ele>1295</ele>
        <extensions>
          <distance>6585</distance>
        </extensions>
      </trkpt>
      <trkpt lat="46.43136" lon="14.13764">
        <ele>1296</ele>
        <extensions>
          <distance>6608</distance>
        </extensions>
      </trkpt>
      <trkpt lat="46.43152" lon="14.13746">
        <ele>1297</ele>
        <extensions>
          <distance>6630</distance>
        </extensions>
      </trkpt>
      <trkpt lat="46.43163" lon="14.13728">
        <ele>1297</ele>
        <extensions>
          <distance>6649</distance>
        </extensions>
      </trkpt>
      <trkpt lat="46.43174" lon="14.13704">
        <ele>1297</ele>
        <extensions>
          <distance>6671</distance>
        </extensions>
      </trkpt>
      <trkpt lat="46.431785" lon="14.136780000000002">
        <ele>1297</ele>
        <extensions>
          <distance>6691</distance>
        </extensions>
      </trkpt>
      <trkpt lat="46.43183" lon="14.13652">
        <ele>1292</ele>
        <extensions>
          <distance>6712</distance>
        </extensions>
      </trkpt>
      <trkpt lat="46.43196" lon="14.13626">
        <ele>1290</ele>
        <extensions>
          <distance>6737</distance>
        </extensions>
      </trkpt>
      <trkpt lat="46.43214" lon="14.13609">
        <ele>1288</ele>
        <extensions>
          <distance>6761</distance>
        </extensions>
      </trkpt>
      <trkpt lat="46.43224" lon="14.13612">
        <ele>1287</ele>
        <extensions>
          <distance>6772</distance>
        </extensions>
      </trkpt>
      <trkpt lat="46.43237" lon="14.13622">
        <ele>1287</ele>
        <extensions>
          <distance>6789</distance>
        </extensions>
      </trkpt>
      <trkpt lat="46.43245" lon="14.13617">
        <ele>1287</ele>
        <extensions>
          <distance>6798</distance>
        </extensions>
      </trkpt>
      <trkpt lat="46.43256" lon="14.13608">
        <ele>1287</ele>
        <extensions>
          <distance>6812</distance>
        </extensions>
      </trkpt>
      <trkpt lat="46.43266" lon="14.13595">
        <ele>1286</ele>
        <extensions>
          <distance>6827</distance>
        </extensions>
      </trkpt>
      <trkpt lat="46.4327" lon="14.13585">
        <ele>1286</ele>
        <extensions>
          <distance>6836</distance>
        </extensions>
      </trkpt>
      <trkpt lat="46.43281" lon="14.13579">
        <ele>1286</ele>
        <extensions>
          <distance>6849</distance>
        </extensions>
      </trkpt>
      <trkpt lat="46.43281" lon="14.1358">
        <ele>1286</ele>
        <extensions>
          <distance>6850</distance>
        </extensions>
      </trkpt>
      <trkpt lat="46.43306" lon="14.13569">
        <ele>1287</ele>
        <extensions>
          <distance>6879</distance>
        </extensions>
      </trkpt>
      <trkpt lat="46.4332" lon="14.13556">
        <ele>1287</ele>
        <extensions>
          <distance>6898</distance>
        </extensions>
      </trkpt>
      <trkpt lat="46.43326" lon="14.13547">
        <ele>1287</ele>
        <extensions>
          <distance>6907</distance>
        </extensions>
      </trkpt>
      <trkpt lat="46.43335999999999" lon="14.13522">
        <ele>1287</ele>
        <extensions>
          <distance>6929</distance>
        </extensions>
      </trkpt>
      <trkpt lat="46.43346" lon="14.13497">
        <ele>1287</ele>
        <extensions>
          <distance>6952</distance>
        </extensions>
      </trkpt>
      <trkpt lat="46.433505" lon="14.13472">
        <ele>1285</ele>
        <extensions>
          <distance>6971</distance>
        </extensions>
      </trkpt>
      <trkpt lat="46.43355" lon="14.13447">
        <ele>1285</ele>
        <extensions>
          <distance>6991</distance>
        </extensions>
      </trkpt>
      <trkpt lat="46.4336" lon="14.13437">
        <ele>1285</ele>
        <extensions>
          <distance>7001</distance>
        </extensions>
      </trkpt>
      <trkpt lat="46.4337" lon="14.13432">
        <ele>1285</ele>
        <extensions>
          <distance>7013</distance>
        </extensions>
      </trkpt>
      <trkpt lat="46.433845000000005" lon="14.134305000000001">
        <ele>1285</ele>
        <extensions>
          <distance>7029</distance>
        </extensions>
      </trkpt>
      <trkpt lat="46.43399" lon="14.13429">
        <ele>1285</ele>
        <extensions>
          <distance>7045</distance>
        </extensions>
      </trkpt>
      <trkpt lat="46.434135" lon="14.134195">
        <ele>1285</ele>
        <extensions>
          <distance>7063</distance>
        </extensions>
      </trkpt>
      <trkpt lat="46.43428" lon="14.1341">
        <ele>1285</ele>
        <extensions>
          <distance>7080</distance>
        </extensions>
      </trkpt>
      <trkpt lat="46.43454" lon="14.13405">
        <ele>1281</ele>
        <extensions>
          <distance>7109</distance>
        </extensions>
      </trkpt>
      <trkpt lat="46.43464" lon="14.13392">
        <ele>1281</ele>
        <extensions>
          <distance>7124</distance>
        </extensions>
      </trkpt>
      <trkpt lat="46.43474" lon="14.13386">
        <ele>1281</ele>
        <extensions>
          <distance>7136</distance>
        </extensions>
      </trkpt>
      <trkpt lat="46.43478" lon="14.13397">
        <ele>1281</ele>
        <extensions>
          <distance>7146</distance>
        </extensions>
      </trkpt>
      <trkpt lat="46.43492" lon="14.13404">
        <ele>1281</ele>
        <extensions>
          <distance>7162</distance>
        </extensions>
      </trkpt>
      <trkpt lat="46.43507" lon="14.13403">
        <ele>1282</ele>
        <extensions>
          <distance>7179</distance>
        </extensions>
      </trkpt>
      <trkpt lat="46.43516" lon="14.13396">
        <ele>1282</ele>
        <extensions>
          <distance>7190</distance>
        </extensions>
      </trkpt>
      <trkpt lat="46.43526" lon="14.13396">
        <ele>1284</ele>
        <extensions>
          <distance>7202</distance>
        </extensions>
      </trkpt>
      <trkpt lat="46.43533" lon="14.1339">
        <ele>1284</ele>
        <extensions>
          <distance>7211</distance>
        </extensions>
      </trkpt>
      <trkpt lat="46.4354" lon="14.13388">
        <ele>1285</ele>
        <extensions>
          <distance>7219</distance>
        </extensions>
      </trkpt>
      <trkpt lat="46.43551" lon="14.13394">
        <ele>1287</ele>
        <extensions>
          <distance>7232</distance>
        </extensions>
      </trkpt>
      <trkpt lat="46.43576" lon="14.13403">
        <ele>1293</ele>
        <extensions>
          <distance>7261</distance>
        </extensions>
      </trkpt>
      <trkpt lat="46.435915" lon="14.134">
        <ele>1295</ele>
        <extensions>
          <distance>7279</distance>
        </extensions>
      </trkpt>
      <trkpt lat="46.43607" lon="14.13397">
        <ele>1295</ele>
        <extensions>
          <distance>7296</distance>
        </extensions>
      </trkpt>
      <trkpt lat="46.43623" lon="14.13384">
        <ele>1296</ele>
        <extensions>
          <distance>7316</distance>
        </extensions>
      </trkpt>
      <trkpt lat="46.43645" lon="14.13377">
        <ele>1301</ele>
        <extensions>
          <distance>7342</distance>
        </extensions>
      </trkpt>
      <trkpt lat="46.436620000000005" lon="14.133569999999999">
        <ele>1305</ele>
        <extensions>
          <distance>7366</distance>
        </extensions>
      </trkpt>
      <trkpt lat="46.43679" lon="14.13337">
        <ele>1308</ele>
        <extensions>
          <distance>7391</distance>
        </extensions>
      </trkpt>
      <trkpt lat="46.43683" lon="14.13324">
        <ele>1309</ele>
        <extensions>
          <distance>7402</distance>
        </extensions>
      </trkpt>
      <trkpt lat="46.43688" lon="14.13319">
        <ele>1310</ele>
        <extensions>
          <distance>7409</distance>
        </extensions>
      </trkpt>
      <trkpt lat="46.43702" lon="14.13315">
        <ele>1313</ele>
        <extensions>
          <distance>7425</distance>
        </extensions>
      </trkpt>
      <trkpt lat="46.43706" lon="14.13311">
        <ele>1313</ele>
        <extensions>
          <distance>7430</distance>
        </extensions>
      </trkpt>
      <trkpt lat="46.4373" lon="14.13304">
        <ele>1317</ele>
        <extensions>
          <distance>7458</distance>
        </extensions>
      </trkpt>
      <trkpt lat="46.43748" lon="14.13292">
        <ele>1322</ele>
        <extensions>
          <distance>7480</distance>
        </extensions>
      </trkpt>
      <trkpt lat="46.43747" lon="14.13288">
        <ele>1322</ele>
        <extensions>
          <distance>7484</distance>
        </extensions>
      </trkpt>
      <trkpt lat="46.4376" lon="14.13273">
        <ele>1327</ele>
        <extensions>
          <distance>7503</distance>
        </extensions>
      </trkpt>
      <trkpt lat="46.43769" lon="14.13267">
        <ele>1331</ele>
        <extensions>
          <distance>7514</distance>
        </extensions>
      </trkpt>
      <trkpt lat="46.43776" lon="14.13256">
        <ele>1335</ele>
        <extensions>
          <distance>7527</distance>
        </extensions>
      </trkpt>
      <trkpt lat="46.43793" lon="14.13243">
        <ele>1340</ele>
        <extensions>
          <distance>7548</distance>
        </extensions>
      </trkpt>
      <trkpt lat="46.43802" lon="14.13213">
        <ele>1340</ele>
        <extensions>
          <distance>7574</distance>
        </extensions>
      </trkpt>
      <trkpt lat="46.43795" lon="14.13199">
        <ele>1341</ele>
        <extensions>
          <distance>7587</distance>
        </extensions>
      </trkpt>
      <trkpt lat="46.43793" lon="14.13189">
        <ele>1342</ele>
        <extensions>
          <distance>7595</distance>
        </extensions>
      </trkpt>
      <trkpt lat="46.43797" lon="14.13176">
        <ele>1342</ele>
        <extensions>
          <distance>7606</distance>
        </extensions>
      </trkpt>
      <trkpt lat="46.43806" lon="14.13168">
        <ele>1342</ele>
        <extensions>
          <distance>7618</distance>
        </extensions>
      </trkpt>
      <trkpt lat="46.43811" lon="14.1317">
        <ele>1344</ele>
        <extensions>
          <distance>7623</distance>
        </extensions>
      </trkpt>
      <trkpt lat="46.43818" lon="14.13167">
        <ele>1345</ele>
        <extensions>
          <distance>7632</distance>
        </extensions>
      </trkpt>
      <trkpt lat="46.43823" lon="14.13171">
        <ele>1347</ele>
        <extensions>
          <distance>7638</distance>
        </extensions>
      </trkpt>
      <trkpt lat="46.43843" lon="14.13196">
        <ele>1354</ele>
        <extensions>
          <distance>7668</distance>
        </extensions>
      </trkpt>
      <trkpt lat="46.43863" lon="14.13221">
        <ele>1366</ele>
        <extensions>
          <distance>7700</distance>
        </extensions>
      </trkpt>
      <trkpt lat="46.43873" lon="14.13224">
        <ele>1372</ele>
        <extensions>
          <distance>7713</distance>
        </extensions>
      </trkpt>
      <trkpt lat="46.43882" lon="14.13216">
        <ele>1375</ele>
        <extensions>
          <distance>7725</distance>
        </extensions>
      </trkpt>
      <trkpt lat="46.43885" lon="14.13222">
        <ele>1378</ele>
        <extensions>
          <distance>7732</distance>
        </extensions>
      </trkpt>
      <trkpt lat="46.439" lon="14.13215">
        <ele>1383</ele>
        <extensions>
          <distance>7750</distance>
        </extensions>
      </trkpt>
      <trkpt lat="46.43915" lon="14.13221">
        <ele>1390</ele>
        <extensions>
          <distance>7768</distance>
        </extensions>
      </trkpt>
      <trkpt lat="46.43915" lon="14.1323">
        <ele>1390</ele>
        <extensions>
          <distance>7775</distance>
        </extensions>
      </trkpt>
      <trkpt lat="46.4391" lon="14.13242">
        <ele>1390</ele>
        <extensions>
          <distance>7786</distance>
        </extensions>
      </trkpt>
      <trkpt lat="46.43905" lon="14.132615">
        <ele>1391</ele>
        <extensions>
          <distance>7802</distance>
        </extensions>
      </trkpt>
      <trkpt lat="46.439" lon="14.13281">
        <ele>1392</ele>
        <extensions>
          <distance>7818</distance>
        </extensions>
      </trkpt>
      <trkpt lat="46.43906" lon="14.13297">
        <ele>1399</ele>
        <extensions>
          <distance>7834</distance>
        </extensions>
      </trkpt>
      <trkpt lat="46.4391" lon="14.13319">
        <ele>1408</ele>
        <extensions>
          <distance>7853</distance>
        </extensions>
      </trkpt>
      <trkpt lat="46.43914" lon="14.13323">
        <ele>1411</ele>
        <extensions>
          <distance>7860</distance>
        </extensions>
      </trkpt>
      <trkpt lat="46.43914" lon="14.13332">
        <ele>1414</ele>
        <extensions>
          <distance>7867</distance>
        </extensions>
      </trkpt>
      <trkpt lat="46.43916" lon="14.13335">
        <ele>1415</ele>
        <extensions>
          <distance>7870</distance>
        </extensions>
      </trkpt>
      <trkpt lat="46.4393" lon="14.13323">
        <ele>1417</ele>
        <extensions>
          <distance>7889</distance>
        </extensions>
      </trkpt>
      <trkpt lat="46.43935" lon="14.13325">
        <ele>1419</ele>
        <extensions>
          <distance>7895</distance>
        </extensions>
      </trkpt>
      <trkpt lat="46.43937" lon="14.13333">
        <ele>1422</ele>
        <extensions>
          <distance>7902</distance>
        </extensions>
      </trkpt>
      <trkpt lat="46.43943" lon="14.13325">
        <ele>1422</ele>
        <extensions>
          <distance>7911</distance>
        </extensions>
      </trkpt>
      <trkpt lat="46.43946" lon="14.13331">
        <ele>1425</ele>
        <extensions>
          <distance>7917</distance>
        </extensions>
      </trkpt>
      <trkpt lat="46.43945" lon="14.13358">
        <ele>1432</ele>
        <extensions>
          <distance>7939</distance>
        </extensions>
      </trkpt>
      <trkpt lat="46.43949" lon="14.13358">
        <ele>1436</ele>
        <extensions>
          <distance>7945</distance>
        </extensions>
      </trkpt>
      <trkpt lat="46.43952" lon="14.13361">
        <ele>1440</ele>
        <extensions>
          <distance>7951</distance>
        </extensions>
      </trkpt>
      <trkpt lat="46.43948" lon="14.13371">
        <ele>1440</ele>
        <extensions>
          <distance>7960</distance>
        </extensions>
      </trkpt>
      <trkpt lat="46.43954" lon="14.13386">
        <ele>1453</ele>
        <extensions>
          <distance>7976</distance>
        </extensions>
      </trkpt>
      <trkpt lat="46.43953" lon="14.13393">
        <ele>1456</ele>
        <extensions>
          <distance>7983</distance>
        </extensions>
      </trkpt>
      <trkpt lat="46.43953" lon="14.13407">
        <ele>1463</ele>
        <extensions>
          <distance>7995</distance>
        </extensions>
      </trkpt>
      <trkpt lat="46.43956" lon="14.13444">
        <ele>1480</ele>
        <extensions>
          <distance>8029</distance>
        </extensions>
      </trkpt>
      <trkpt lat="46.43959" lon="14.13444">
        <ele>1480</ele>
        <extensions>
          <distance>8032</distance>
        </extensions>
      </trkpt>
      <trkpt lat="46.43965" lon="14.1343">
        <ele>1481</ele>
        <extensions>
          <distance>8045</distance>
        </extensions>
      </trkpt>
      <trkpt lat="46.43977" lon="14.13419">
        <ele>1484</ele>
        <extensions>
          <distance>8061</distance>
        </extensions>
      </trkpt>
      <trkpt lat="46.43975" lon="14.13435">
        <ele>1488</ele>
        <extensions>
          <distance>8074</distance>
        </extensions>
      </trkpt>
      <trkpt lat="46.43981" lon="14.13453">
        <ele>1498</ele>
        <extensions>
          <distance>8092</distance>
        </extensions>
      </trkpt>
      <trkpt lat="46.4398" lon="14.13464">
        <ele>1502</ele>
        <extensions>
          <distance>8102</distance>
        </extensions>
      </trkpt>
      <trkpt lat="46.43983" lon="14.13471">
        <ele>1506</ele>
        <extensions>
          <distance>8109</distance>
        </extensions>
      </trkpt>
      <trkpt lat="46.43983" lon="14.13479">
        <ele>1508</ele>
        <extensions>
          <distance>8116</distance>
        </extensions>
      </trkpt>
      <trkpt lat="46.43989" lon="14.13493">
        <ele>1515</ele>
        <extensions>
          <distance>8130</distance>
        </extensions>
      </trkpt>
      <trkpt lat="46.43992" lon="14.13495">
        <ele>1517</ele>
        <extensions>
          <distance>8134</distance>
        </extensions>
      </trkpt>
      <trkpt lat="46.43994" lon="14.13498">
        <ele>1519</ele>
        <extensions>
          <distance>8138</distance>
        </extensions>
      </trkpt>
      <trkpt lat="46.43997" lon="14.13516">
        <ele>1523</ele>
        <extensions>
          <distance>8153</distance>
        </extensions>
      </trkpt>
      <trkpt lat="46.44001" lon="14.13526">
        <ele>1527</ele>
        <extensions>
          <distance>8163</distance>
        </extensions>
      </trkpt>
      <trkpt lat="46.44" lon="14.1354">
        <ele>1530</ele>
        <extensions>
          <distance>8174</distance>
        </extensions>
      </trkpt>
      <trkpt lat="46.43992" lon="14.13562">
        <ele>1532</ele>
        <extensions>
          <distance>8193</distance>
        </extensions>
      </trkpt>
      <trkpt lat="46.43994" lon="14.13574">
        <ele>1537</ele>
        <extensions>
          <distance>8204</distance>
        </extensions>
      </trkpt>
      <trkpt lat="46.44" lon="14.13579">
        <ele>1540</ele>
        <extensions>
          <distance>8212</distance>
        </extensions>
      </trkpt>
      <trkpt lat="46.44006" lon="14.13572">
        <ele>1541</ele>
        <extensions>
          <distance>8221</distance>
        </extensions>
      </trkpt>
      <trkpt lat="46.44012" lon="14.13574">
        <ele>1543</ele>
        <extensions>
          <distance>8228</distance>
        </extensions>
      </trkpt>
      <trkpt lat="46.44019" lon="14.13581">
        <ele>1548</ele>
        <extensions>
          <distance>8238</distance>
        </extensions>
      </trkpt>
      <trkpt lat="46.44014" lon="14.13595">
        <ele>1550</ele>
        <extensions>
          <distance>8251</distance>
        </extensions>
      </trkpt>
      <trkpt lat="46.44014" lon="14.13607">
        <ele>1554</ele>
        <extensions>
          <distance>8261</distance>
        </extensions>
      </trkpt>
      <trkpt lat="46.44016" lon="14.13616">
        <ele>1558</ele>
        <extensions>
          <distance>8269</distance>
        </extensions>
      </trkpt>
      <trkpt lat="46.44025" lon="14.13618">
        <ele>1562</ele>
        <extensions>
          <distance>8280</distance>
        </extensions>
      </trkpt>
      <trkpt lat="46.44035" lon="14.13601">
        <ele>1562</ele>
        <extensions>
          <distance>8297</distance>
        </extensions>
      </trkpt>
      <trkpt lat="46.44044" lon="14.13593">
        <ele>1567</ele>
        <extensions>
          <distance>8309</distance>
        </extensions>
      </trkpt>
      <trkpt lat="46.44053" lon="14.1359">
        <ele>1573</ele>
        <extensions>
          <distance>8321</distance>
        </extensions>
      </trkpt>
      <trkpt lat="46.44065" lon="14.13565">
        <ele>1575</ele>
        <extensions>
          <distance>8345</distance>
        </extensions>
      </trkpt>
      <trkpt lat="46.44073" lon="14.1356">
        <ele>1575</ele>
        <extensions>
          <distance>8354</distance>
        </extensions>
      </trkpt>
      <trkpt lat="46.44075" lon="14.13548">
        <ele>1578</ele>
        <extensions>
          <distance>8364</distance>
        </extensions>
      </trkpt>
      <trkpt lat="46.44088" lon="14.13538">
        <ele>1579</ele>
        <extensions>
          <distance>8380</distance>
        </extensions>
      </trkpt>
      <trkpt lat="46.44092" lon="14.13546">
        <ele>1584</ele>
        <extensions>
          <distance>8389</distance>
        </extensions>
      </trkpt>
      <trkpt lat="46.44098" lon="14.13551">
        <ele>1589</ele>
        <extensions>
          <distance>8398</distance>
        </extensions>
      </trkpt>
      <trkpt lat="46.44104" lon="14.1354">
        <ele>1589</ele>
        <extensions>
          <distance>8409</distance>
        </extensions>
      </trkpt>
      <trkpt lat="46.44111" lon="14.13535">
        <ele>1591</ele>
        <extensions>
          <distance>8417</distance>
        </extensions>
      </trkpt>
      <trkpt lat="46.44114" lon="14.1355">
        <ele>1599</ele>
        <extensions>
          <distance>8432</distance>
        </extensions>
      </trkpt>
      <trkpt lat="46.44118" lon="14.13558">
        <ele>1606</ele>
        <extensions>
          <distance>8442</distance>
        </extensions>
      </trkpt>
      <trkpt lat="46.4413" lon="14.13562">
        <ele>1617</ele>
        <extensions>
          <distance>8460</distance>
        </extensions>
      </trkpt>
      <trkpt lat="46.44135" lon="14.13553">
        <ele>1619</ele>
        <extensions>
          <distance>8469</distance>
        </extensions>
      </trkpt>
      <trkpt lat="46.44142" lon="14.13551">
        <ele>1624</ele>
        <extensions>
          <distance>8478</distance>
        </extensions>
      </trkpt>
      <trkpt lat="46.44145" lon="14.13558">
        <ele>1627</ele>
        <extensions>
          <distance>8485</distance>
        </extensions>
      </trkpt>
      <trkpt lat="46.44162" lon="14.13545">
        <ele>1634</ele>
        <extensions>
          <distance>8508</distance>
        </extensions>
      </trkpt>
      <trkpt lat="46.44181" lon="14.13536">
        <ele>1641</ele>
        <extensions>
          <distance>8531</distance>
        </extensions>
      </trkpt>
      <trkpt lat="46.44197" lon="14.13531">
        <ele>1645</ele>
        <extensions>
          <distance>8550</distance>
        </extensions>
      </trkpt>
      <trkpt lat="46.44212" lon="14.1353">
        <ele>1652</ele>
        <extensions>
          <distance>8568</distance>
        </extensions>
      </trkpt>
      <trkpt lat="46.44235" lon="14.13524">
        <ele>1662</ele>
        <extensions>
          <distance>8596</distance>
        </extensions>
      </trkpt>
      <trkpt lat="46.44243" lon="14.13517">
        <ele>1664</ele>
        <extensions>
          <distance>8606</distance>
        </extensions>
      </trkpt>
      <trkpt lat="46.44252" lon="14.13512">
        <ele>1669</ele>
        <extensions>
          <distance>8618</distance>
        </extensions>
      </trkpt>
      <trkpt lat="46.44257" lon="14.13518">
        <ele>1674</ele>
        <extensions>
          <distance>8627</distance>
        </extensions>
      </trkpt>
      <trkpt lat="46.44257" lon="14.13526">
        <ele>1676</ele>
        <extensions>
          <distance>8633</distance>
        </extensions>
      </trkpt>
      <trkpt lat="46.44269" lon="14.13523">
        <ele>1682</ele>
        <extensions>
          <distance>8648</distance>
        </extensions>
      </trkpt>
      <trkpt lat="46.44271" lon="14.13518">
        <ele>1684</ele>
        <extensions>
          <distance>8653</distance>
        </extensions>
      </trkpt>
      <trkpt lat="46.44274" lon="14.13498">
        <ele>1684</ele>
        <extensions>
          <distance>8669</distance>
        </extensions>
      </trkpt>
      <trkpt lat="46.44289" lon="14.13474">
        <ele>1684</ele>
        <extensions>
          <distance>8693</distance>
        </extensions>
      </trkpt>
      <trkpt lat="46.44303" lon="14.13456">
        <ele>1685</ele>
        <extensions>
          <distance>8714</distance>
        </extensions>
      </trkpt>
      <trkpt lat="46.44306" lon="14.13455">
        <ele>1685</ele>
        <extensions>
          <distance>8718</distance>
        </extensions>
      </trkpt>
      <trkpt lat="46.4431" lon="14.13458">
        <ele>1687</ele>
        <extensions>
          <distance>8723</distance>
        </extensions>
      </trkpt>
      <trkpt lat="46.4431" lon="14.13467">
        <ele>1691</ele>
        <extensions>
          <distance>8731</distance>
        </extensions>
      </trkpt>
      <trkpt lat="46.44313" lon="14.13478">
        <ele>1693</ele>
        <extensions>
          <distance>8740</distance>
        </extensions>
      </trkpt>
      <trkpt lat="46.44319" lon="14.13474">
        <ele>1696</ele>
        <extensions>
          <distance>8748</distance>
        </extensions>
      </trkpt>
      <trkpt lat="46.44326" lon="14.1346">
        <ele>1696</ele>
        <extensions>
          <distance>8761</distance>
        </extensions>
      </trkpt>
      <trkpt lat="46.443395" lon="14.13457">
        <ele>1696</ele>
        <extensions>
          <distance>8776</distance>
        </extensions>
      </trkpt>
      <trkpt lat="46.44353" lon="14.13454">
        <ele>1701</ele>
        <extensions>
          <distance>8792</distance>
        </extensions>
      </trkpt>
      <trkpt lat="46.44368" lon="14.134554999999999">
        <ele>1708</ele>
        <extensions>
          <distance>8810</distance>
        </extensions>
      </trkpt>
      <trkpt lat="46.44383" lon="14.13457">
        <ele>1715</ele>
        <extensions>
          <distance>8828</distance>
        </extensions>
      </trkpt>
      <trkpt lat="46.443997499999995" lon="14.13457">
        <ele>1719</ele>
        <extensions>
          <distance>8847</distance>
        </extensions>
      </trkpt>
      <trkpt lat="46.444165" lon="14.13457">
        <ele>1721</ele>
        <extensions>
          <distance>8866</distance>
        </extensions>
      </trkpt>
      <trkpt lat="46.4443325" lon="14.13457">
        <ele>1721</ele>
        <extensions>
          <distance>8885</distance>
        </extensions>
      </trkpt>
      <trkpt lat="46.4445" lon="14.13457">
        <ele>1722</ele>
        <extensions>
          <distance>8903</distance>
        </extensions>
      </trkpt>
      <trkpt lat="46.444649999999996" lon="14.13452">
        <ele>1723</ele>
        <extensions>
          <distance>8920</distance>
        </extensions>
      </trkpt>
      <trkpt lat="46.4448" lon="14.13447">
        <ele>1725</ele>
        <extensions>
          <distance>8938</distance>
        </extensions>
      </trkpt>
      <trkpt lat="46.44495" lon="14.13453">
        <ele>1727</ele>
        <extensions>
          <distance>8955</distance>
        </extensions>
      </trkpt>
      <trkpt lat="46.445105" lon="14.134360000000001">
        <ele>1727</ele>
        <extensions>
          <distance>8977</distance>
        </extensions>
      </trkpt>
      <trkpt lat="46.44526" lon="14.13419">
        <ele>1727</ele>
        <extensions>
          <distance>8998</distance>
        </extensions>
      </trkpt>
      <trkpt lat="46.44545" lon="14.1341">
        <ele>1729</ele>
        <extensions>
          <distance>9020</distance>
        </extensions>
      </trkpt>
      <trkpt lat="46.4456275" lon="14.134055">
        <ele>1732</ele>
        <extensions>
          <distance>9041</distance>
        </extensions>
      </trkpt>
      <trkpt lat="46.445805" lon="14.13401">
        <ele>1736</ele>
        <extensions>
          <distance>9061</distance>
        </extensions>
      </trkpt>
      <trkpt lat="46.4459825" lon="14.133965">
        <ele>1741</ele>
        <extensions>
          <distance>9082</distance>
        </extensions>
      </trkpt>
      <trkpt lat="46.44616" lon="14.13392">
        <ele>1746</ele>
        <extensions>
          <distance>9102</distance>
        </extensions>
      </trkpt>
      <trkpt lat="46.446275" lon="14.1338">
        <ele>1749</ele>
        <extensions>
          <distance>9118</distance>
        </extensions>
      </trkpt>
      <trkpt lat="46.44639" lon="14.13368">
        <ele>1751</ele>
        <extensions>
          <distance>9134</distance>
        </extensions>
      </trkpt>
      <trkpt lat="46.446505" lon="14.13356">
        <ele>1754</ele>
        <extensions>
          <distance>9150</distance>
        </extensions>
      </trkpt>
      <trkpt lat="46.44662" lon="14.13344">
        <ele>1757</ele>
        <extensions>
          <distance>9166</distance>
        </extensions>
      </trkpt>
      <trkpt lat="46.44664" lon="14.133215">
        <ele>1757</ele>
        <extensions>
          <distance>9184</distance>
        </extensions>
      </trkpt>
      <trkpt lat="46.44666" lon="14.13299">
        <ele>1758</ele>
        <extensions>
          <distance>9201</distance>
        </extensions>
      </trkpt>
      <trkpt lat="46.44679" lon="14.13288">
        <ele>1759</ele>
        <extensions>
          <distance>9218</distance>
        </extensions>
      </trkpt>
      <trkpt lat="46.44691" lon="14.13276">
        <ele>1762</ele>
        <extensions>
          <distance>9235</distance>
        </extensions>
      </trkpt>
      <trkpt lat="46.447005000000004" lon="14.1326">
        <ele>1765</ele>
        <extensions>
          <distance>9251</distance>
        </extensions>
      </trkpt>
      <trkpt lat="46.4471" lon="14.13244">
        <ele>1767</ele>
        <extensions>
          <distance>9267</distance>
        </extensions>
      </trkpt>
      <trkpt lat="46.447217499999994" lon="14.132265">
        <ele>1771</ele>
        <extensions>
          <distance>9287</distance>
        </extensions>
      </trkpt>
      <trkpt lat="46.447334999999995" lon="14.132090000000002">
        <ele>1775</ele>
        <extensions>
          <distance>9306</distance>
        </extensions>
      </trkpt>
      <trkpt lat="46.4474525" lon="14.131915000000001">
        <ele>1777</ele>
        <extensions>
          <distance>9325</distance>
        </extensions>
      </trkpt>
      <trkpt lat="46.44757" lon="14.13174">
        <ele>1779</ele>
        <extensions>
          <distance>9343</distance>
        </extensions>
      </trkpt>
      <trkpt lat="46.4477275" lon="14.1315925">
        <ele>1783</ele>
        <extensions>
          <distance>9365</distance>
        </extensions>
      </trkpt>
      <trkpt lat="46.447885" lon="14.131445">
        <ele>1787</ele>
        <extensions>
          <distance>9386</distance>
        </extensions>
      </trkpt>
      <trkpt lat="46.4480425" lon="14.131297499999999">
        <ele>1791</ele>
        <extensions>
          <distance>9407</distance>
        </extensions>
      </trkpt>
      <trkpt lat="46.4482" lon="14.13115">
        <ele>1796</ele>
        <extensions>
          <distance>9429</distance>
        </extensions>
      </trkpt>
      <trkpt lat="46.448375" lon="14.131070000000001">
        <ele>1801</ele>
        <extensions>
          <distance>9450</distance>
        </extensions>
      </trkpt>
      <trkpt lat="46.44855" lon="14.13099">
        <ele>1805</ele>
        <extensions>
          <distance>9470</distance>
        </extensions>
      </trkpt>
      <trkpt lat="46.44879" lon="14.13091">
        <ele>1808</ele>
        <extensions>
          <distance>9498</distance>
        </extensions>
      </trkpt>
      <trkpt lat="46.44904" lon="14.130905">
        <ele>1810</ele>
        <extensions>
          <distance>9526</distance>
        </extensions>
      </trkpt>
      <trkpt lat="46.44929" lon="14.1309">
        <ele>1814</ele>
        <extensions>
          <distance>9554</distance>
        </extensions>
      </trkpt>
      <trkpt lat="46.449484999999996" lon="14.13091">
        <ele>1817</ele>
        <extensions>
          <distance>9576</distance>
        </extensions>
      </trkpt>
      <trkpt lat="46.44968" lon="14.13092">
        <ele>1822</ele>
        <extensions>
          <distance>9598</distance>
        </extensions>
      </trkpt>
      <trkpt lat="46.44993" lon="14.13101">
        <ele>1828</ele>
        <extensions>
          <distance>9627</distance>
        </extensions>
      </trkpt>
      <trkpt lat="46.45006" lon="14.131165">
        <ele>1830</ele>
        <extensions>
          <distance>9646</distance>
        </extensions>
      </trkpt>
      <trkpt lat="46.45019" lon="14.13132">
        <ele>1833</ele>
        <extensions>
          <distance>9665</distance>
        </extensions>
      </trkpt>
      <trkpt lat="46.45026" lon="14.13153">
        <ele>1834</ele>
        <extensions>
          <distance>9683</distance>
        </extensions>
      </trkpt>
      <trkpt lat="46.45036" lon="14.13166">
        <ele>1837</ele>
        <extensions>
          <distance>9698</distance>
        </extensions>
      </trkpt>
      <trkpt lat="46.45048" lon="14.13156">
        <ele>1841</ele>
        <extensions>
          <distance>9714</distance>
        </extensions>
      </trkpt>
      <trkpt lat="46.450525" lon="14.13179">
        <ele>1842</ele>
        <extensions>
          <distance>9732</distance>
        </extensions>
      </trkpt>
      <trkpt lat="46.45057" lon="14.13202">
        <ele>1843</ele>
        <extensions>
          <distance>9751</distance>
        </extensions>
      </trkpt>
      <trkpt lat="46.45066" lon="14.13178">
        <ele>1843</ele>
        <extensions>
          <distance>9772</distance>
        </extensions>
      </trkpt>
      <trkpt lat="46.45077" lon="14.13164">
        <ele>1843</ele>
        <extensions>
          <distance>9788</distance>
        </extensions>
      </trkpt>
      <trkpt lat="46.45088" lon="14.1315">
        <ele>1843</ele>
        <extensions>
          <distance>9804</distance>
        </extensions>
      </trkpt>
      <trkpt lat="46.45092" lon="14.13136">
        <ele>1842</ele>
        <extensions>
          <distance>9816</distance>
        </extensions>
      </trkpt>
      <trkpt lat="46.45111" lon="14.13128">
        <ele>1842</ele>
        <extensions>
          <distance>9838</distance>
        </extensions>
      </trkpt>
      <trkpt lat="46.45115" lon="14.13105">
        <ele>1841</ele>
        <extensions>
          <distance>9856</distance>
        </extensions>
      </trkpt>
      <trkpt lat="46.45127" lon="14.130894999999999">
        <ele>1839.5</ele>
        <extensions>
          <distance>9874</distance>
        </extensions>
      </trkpt>
      <trkpt lat="46.45139" lon="14.13074">
        <ele>1838</ele>
        <extensions>
          <distance>9892</distance>
        </extensions>
      </trkpt>
      <trkpt lat="46.451455" lon="14.130495">
        <ele>1836</ele>
        <extensions>
          <distance>9912</distance>
        </extensions>
      </trkpt>
      <trkpt lat="46.45152" lon="14.13025">
        <ele>1835</ele>
        <extensions>
          <distance>9933</distance>
        </extensions>
      </trkpt>
      <trkpt lat="46.45166" lon="14.12996">
        <ele>1832</ele>
        <extensions>
          <distance>9960</distance>
        </extensions>
      </trkpt>
      <trkpt lat="46.45171" lon="14.12978">
        <ele>1830</ele>
        <extensions>
          <distance>9975</distance>
        </extensions>
      </trkpt>
      <trkpt lat="46.45182" lon="14.12963">
        <ele>1827</ele>
        <extensions>
          <distance>9992</distance>
        </extensions>
      </trkpt>
      <trkpt lat="46.45192" lon="14.12956">
        <ele>1825</ele>
        <extensions>
          <distance>10005</distance>
        </extensions>
      </trkpt>
      <trkpt lat="46.45213" lon="14.12932">
        <ele>1820</ele>
        <extensions>
          <distance>10035</distance>
        </extensions>
      </trkpt>
      <trkpt lat="46.452295" lon="14.12926">
        <ele>1817</ele>
        <extensions>
          <distance>10054</distance>
        </extensions>
      </trkpt>
      <trkpt lat="46.45246" lon="14.1292">
        <ele>1814</ele>
        <extensions>
          <distance>10073</distance>
        </extensions>
      </trkpt>
      <trkpt lat="46.45259" lon="14.12903">
        <ele>1812</ele>
        <extensions>
          <distance>10093</distance>
        </extensions>
      </trkpt>
      <trkpt lat="46.45265" lon="14.12904">
        <ele>1810</ele>
        <extensions>
          <distance>10100</distance>
        </extensions>
      </trkpt>
      <trkpt lat="46.45272" lon="14.12897">
        <ele>1810</ele>
        <extensions>
          <distance>10109</distance>
        </extensions>
      </trkpt>
      <trkpt lat="46.45282" lon="14.12893">
        <ele>1808</ele>
        <extensions>
          <distance>10121</distance>
        </extensions>
      </trkpt>
      <trkpt lat="46.45303" lon="14.12895">
        <ele>1805</ele>
        <extensions>
          <distance>10144</distance>
        </extensions>
      </trkpt>
      <trkpt lat="46.45312" lon="14.12905">
        <ele>1802</ele>
        <extensions>
          <distance>10157</distance>
        </extensions>
      </trkpt>
      <trkpt lat="46.45315" lon="14.12912">
        <ele>1800</ele>
        <extensions>
          <distance>10164</distance>
        </extensions>
      </trkpt>
      <trkpt lat="46.45321" lon="14.12914">
        <ele>1799</ele>
        <extensions>
          <distance>10171</distance>
        </extensions>
      </trkpt>
      <trkpt lat="46.45324" lon="14.1292">
        <ele>1798</ele>
        <extensions>
          <distance>10177</distance>
        </extensions>
      </trkpt>
      <trkpt lat="46.45335" lon="14.12917">
        <ele>1796</ele>
        <extensions>
          <distance>10189</distance>
        </extensions>
      </trkpt>
      <trkpt lat="46.45349" lon="14.129275">
        <ele>1790</ele>
        <extensions>
          <distance>10208</distance>
        </extensions>
      </trkpt>
      <trkpt lat="46.45363" lon="14.12938">
        <ele>1784</ele>
        <extensions>
          <distance>10226</distance>
        </extensions>
      </trkpt>
      <trkpt lat="46.45366" lon="14.12943">
        <ele>1782</ele>
        <extensions>
          <distance>10232</distance>
        </extensions>
      </trkpt>
      <trkpt lat="46.45365" lon="14.12951">
        <ele>1781</ele>
        <extensions>
          <distance>10238</distance>
        </extensions>
      </trkpt>
      <trkpt lat="46.45359" lon="14.1296">
        <ele>1781</ele>
        <extensions>
          <distance>10248</distance>
        </extensions>
      </trkpt>
      <trkpt lat="46.45358" lon="14.12971">
        <ele>1780</ele>
        <extensions>
          <distance>10256</distance>
        </extensions>
      </trkpt>
      <trkpt lat="46.45367" lon="14.1297">
        <ele>1776</ele>
        <extensions>
          <distance>10267</distance>
        </extensions>
      </trkpt>
      <trkpt lat="46.45368" lon="14.12978">
        <ele>1773</ele>
        <extensions>
          <distance>10274</distance>
        </extensions>
      </trkpt>
      <trkpt lat="46.45366" lon="14.1299">
        <ele>1772</ele>
        <extensions>
          <distance>10283</distance>
        </extensions>
      </trkpt>
      <trkpt lat="46.45372" lon="14.13009">
        <ele>1764</ele>
        <extensions>
          <distance>10301</distance>
        </extensions>
      </trkpt>
      <trkpt lat="46.45371" lon="14.13014">
        <ele>1763</ele>
        <extensions>
          <distance>10305</distance>
        </extensions>
      </trkpt>
      <trkpt lat="46.45373" lon="14.13021">
        <ele>1760</ele>
        <extensions>
          <distance>10312</distance>
        </extensions>
      </trkpt>
      <trkpt lat="46.45366" lon="14.13049">
        <ele>1756</ele>
        <extensions>
          <distance>10335</distance>
        </extensions>
      </trkpt>
      <trkpt lat="46.453595" lon="14.13067">
        <ele>1756</ele>
        <extensions>
          <distance>10350</distance>
        </extensions>
      </trkpt>
      <trkpt lat="46.45353" lon="14.13085">
        <ele>1755</ele>
        <extensions>
          <distance>10366</distance>
        </extensions>
      </trkpt>
      <trkpt lat="46.45347" lon="14.13093">
        <ele>1754</ele>
        <extensions>
          <distance>10375</distance>
        </extensions>
      </trkpt>
      <trkpt lat="46.45347" lon="14.13112">
        <ele>1752</ele>
        <extensions>
          <distance>10390</distance>
        </extensions>
      </trkpt>
      <trkpt lat="46.45341500000001" lon="14.131305">
        <ele>1751.5</ele>
        <extensions>
          <distance>10405</distance>
        </extensions>
      </trkpt>
      <trkpt lat="46.45336" lon="14.13149">
        <ele>1751</ele>
        <extensions>
          <distance>10421</distance>
        </extensions>
      </trkpt>
      <trkpt lat="46.45335" lon="14.13183">
        <ele>1751</ele>
        <extensions>
          <distance>10447</distance>
        </extensions>
      </trkpt>
      <trkpt lat="46.453365000000005" lon="14.132125">
        <ele>1750</ele>
        <extensions>
          <distance>10470</distance>
        </extensions>
      </trkpt>
      <trkpt lat="46.45338" lon="14.13242">
        <ele>1750</ele>
        <extensions>
          <distance>10492</distance>
        </extensions>
      </trkpt>
      <trkpt lat="46.45341" lon="14.1325">
        <ele>1749</ele>
        <extensions>
          <distance>10499</distance>
        </extensions>
      </trkpt>
      <trkpt lat="46.45344" lon="14.13266">
        <ele>1748</ele>
        <extensions>
          <distance>10512</distance>
        </extensions>
      </trkpt>
      <trkpt lat="46.45349" lon="14.13277">
        <ele>1745</ele>
        <extensions>
          <distance>10523</distance>
        </extensions>
      </trkpt>
      <trkpt lat="46.453555" lon="14.132950000000001">
        <ele>1743</ele>
        <extensions>
          <distance>10538</distance>
        </extensions>
      </trkpt>
      <trkpt lat="46.45362" lon="14.13313">
        <ele>1742.5</ele>
        <extensions>
          <distance>10554</distance>
        </extensions>
      </trkpt>
      <trkpt lat="46.45371" lon="14.13345">
        <ele>1742</ele>
        <extensions>
          <distance>10581</distance>
        </extensions>
      </trkpt>
      <trkpt lat="46.45375" lon="14.13353">
        <ele>1740</ele>
        <extensions>
          <distance>10588</distance>
        </extensions>
      </trkpt>
      <trkpt lat="46.45385" lon="14.13358">
        <ele>1740</ele>
        <extensions>
          <distance>10600</distance>
        </extensions>
      </trkpt>
      <trkpt lat="46.454" lon="14.1338">
        <ele>1740</ele>
        <extensions>
          <distance>10624</distance>
        </extensions>
      </trkpt>
      <trkpt lat="46.45407" lon="14.13384">
        <ele>1740</ele>
        <extensions>
          <distance>10632</distance>
        </extensions>
      </trkpt>
      <trkpt lat="46.45414" lon="14.13392">
        <ele>1740</ele>
        <extensions>
          <distance>10642</distance>
        </extensions>
      </trkpt>
      <trkpt lat="46.45418" lon="14.13401">
        <ele>1740</ele>
        <extensions>
          <distance>10650</distance>
        </extensions>
      </trkpt>
      <trkpt lat="46.45428" lon="14.13413">
        <ele>1740</ele>
        <extensions>
          <distance>10665</distance>
        </extensions>
      </trkpt>
      <trkpt lat="46.45439" lon="14.13423">
        <ele>1744</ele>
        <extensions>
          <distance>10679</distance>
        </extensions>
      </trkpt>
      <trkpt lat="46.45457" lon="14.134285">
        <ele>1744</ele>
        <extensions>
          <distance>10700</distance>
        </extensions>
      </trkpt>
      <trkpt lat="46.45475" lon="14.13434">
        <ele>1744</ele>
        <extensions>
          <distance>10720</distance>
        </extensions>
      </trkpt>
      <trkpt lat="46.45489" lon="14.13434">
        <ele>1744</ele>
        <extensions>
          <distance>10736</distance>
        </extensions>
      </trkpt>
      <trkpt lat="46.45503" lon="14.13434">
        <ele>1741</ele>
        <extensions>
          <distance>10751</distance>
        </extensions>
      </trkpt>
      <trkpt lat="46.455185" lon="14.1343025">
        <ele>1736.25</ele>
        <extensions>
          <distance>10769</distance>
        </extensions>
      </trkpt>
      <trkpt lat="46.45534" lon="14.134265">
        <ele>1731.5</ele>
        <extensions>
          <distance>10788</distance>
        </extensions>
      </trkpt>
      <trkpt lat="46.455495" lon="14.1342275">
        <ele>1726.75</ele>
        <extensions>
          <distance>10806</distance>
        </extensions>
      </trkpt>
      <trkpt lat="46.45565" lon="14.13419">
        <ele>1722</ele>
        <extensions>
          <distance>10824</distance>
        </extensions>
      </trkpt>
      <trkpt lat="46.455870000000004" lon="14.134039999999999">
        <ele>1715</ele>
        <extensions>
          <distance>10852</distance>
        </extensions>
      </trkpt>
      <trkpt lat="46.45609" lon="14.13389">
        <ele>1712</ele>
        <extensions>
          <distance>10879</distance>
        </extensions>
      </trkpt>
      <trkpt lat="46.45635" lon="14.13383">
        <ele>1709</ele>
        <extensions>
          <distance>10908</distance>
        </extensions>
      </trkpt>
      <trkpt lat="46.45655" lon="14.13389">
        <ele>1709</ele>
        <extensions>
          <distance>10931</distance>
        </extensions>
      </trkpt>
      <trkpt lat="46.4567" lon="14.13381">
        <ele>1708</ele>
        <extensions>
          <distance>10949</distance>
        </extensions>
      </trkpt>
      <trkpt lat="46.45679" lon="14.13362">
        <ele>1700</ele>
        <extensions>
          <distance>10967</distance>
        </extensions>
      </trkpt>
      <trkpt lat="46.457" lon="14.13356">
        <ele>1699.5</ele>
        <extensions>
          <distance>10991</distance>
        </extensions>
      </trkpt>
      <trkpt lat="46.45721" lon="14.1335">
        <ele>1699</ele>
        <extensions>
          <distance>11015</distance>
        </extensions>
      </trkpt>
      <trkpt lat="46.45742" lon="14.1334">
        <ele>1697</ele>
        <extensions>
          <distance>11039</distance>
        </extensions>
      </trkpt>
      <trkpt lat="46.45763" lon="14.13337">
        <ele>1697</ele>
        <extensions>
          <distance>11063</distance>
        </extensions>
      </trkpt>
      <trkpt lat="46.457785" lon="14.133305">
        <ele>1697</ele>
        <extensions>
          <distance>11081</distance>
        </extensions>
      </trkpt>
      <trkpt lat="46.45794" lon="14.13324">
        <ele>1695</ele>
        <extensions>
          <distance>11099</distance>
        </extensions>
      </trkpt>
      <trkpt lat="46.45813" lon="14.13302">
        <ele>1693.5</ele>
        <extensions>
          <distance>11126</distance>
        </extensions>
      </trkpt>
      <trkpt lat="46.45827" lon="14.132972500000001">
        <ele>1693.5</ele>
        <extensions>
          <distance>11142</distance>
        </extensions>
      </trkpt>
      <trkpt lat="46.45841" lon="14.132925">
        <ele>1693.5</ele>
        <extensions>
          <distance>11158</distance>
        </extensions>
      </trkpt>
      <trkpt lat="46.45855" lon="14.1328775">
        <ele>1693.5</ele>
        <extensions>
          <distance>11174</distance>
        </extensions>
      </trkpt>
      <trkpt lat="46.45869" lon="14.13283">
        <ele>1695</ele>
        <extensions>
          <distance>11190</distance>
        </extensions>
      </trkpt>
      <trkpt lat="46.458929999999995" lon="14.13269">
        <ele>1695</ele>
        <extensions>
          <distance>11219</distance>
        </extensions>
      </trkpt>
      <trkpt lat="46.45917" lon="14.13255">
        <ele>1695</ele>
        <extensions>
          <distance>11247</distance>
        </extensions>
      </trkpt>
      <trkpt lat="46.459360000000004" lon="14.132455">
        <ele>1695</ele>
        <extensions>
          <distance>11270</distance>
        </extensions>
      </trkpt>
      <trkpt lat="46.45955" lon="14.13236">
        <ele>1692</ele>
        <extensions>
          <distance>11292</distance>
        </extensions>
      </trkpt>
      <trkpt lat="46.45956" lon="14.13229">
        <ele>1689</ele>
        <extensions>
          <distance>11298</distance>
        </extensions>
      </trkpt>
      <trkpt lat="46.45966" lon="14.13212">
        <ele>1682</ele>
        <extensions>
          <distance>11317</distance>
        </extensions>
      </trkpt>
      <trkpt lat="46.4597" lon="14.13209">
        <ele>1682</ele>
        <extensions>
          <distance>11322</distance>
        </extensions>
      </trkpt>
      <trkpt lat="46.45971" lon="14.13201">
        <ele>1679</ele>
        <extensions>
          <distance>11328</distance>
        </extensions>
      </trkpt>
      <trkpt lat="46.45981" lon="14.13185">
        <ele>1674</ele>
        <extensions>
          <distance>11346</distance>
        </extensions>
      </trkpt>
      <trkpt lat="46.45984" lon="14.13178">
        <ele>1672</ele>
        <extensions>
          <distance>11352</distance>
        </extensions>
      </trkpt>
      <trkpt lat="46.45996" lon="14.13167">
        <ele>1670</ele>
        <extensions>
          <distance>11368</distance>
        </extensions>
      </trkpt>
      <trkpt lat="46.46001" lon="14.13158">
        <ele>1670</ele>
        <extensions>
          <distance>11377</distance>
        </extensions>
      </trkpt>
      <trkpt lat="46.46003" lon="14.13148">
        <ele>1668</ele>
        <extensions>
          <distance>11385</distance>
        </extensions>
      </trkpt>
      <trkpt lat="46.460145" lon="14.131170000000001">
        <ele>1666.5</ele>
        <extensions>
          <distance>11412</distance>
        </extensions>
      </trkpt>
      <trkpt lat="46.46026" lon="14.13086">
        <ele>1666.5</ele>
        <extensions>
          <distance>11439</distance>
        </extensions>
      </trkpt>
      <trkpt lat="46.46031" lon="14.1308">
        <ele>1666.5</ele>
        <extensions>
          <distance>11447</distance>
        </extensions>
      </trkpt>
      <trkpt lat="46.46038" lon="14.130625">
        <ele>1666.5</ele>
        <extensions>
          <distance>11462</distance>
        </extensions>
      </trkpt>
      <trkpt lat="46.46045" lon="14.13045">
        <ele>1669</ele>
        <extensions>
          <distance>11478</distance>
        </extensions>
      </trkpt>
      <trkpt lat="46.46068" lon="14.13031">
        <ele>1678</ele>
        <extensions>
          <distance>11506</distance>
        </extensions>
      </trkpt>
      <trkpt lat="46.46074" lon="14.130099999999999">
        <ele>1682</ele>
        <extensions>
          <distance>11524</distance>
        </extensions>
      </trkpt>
      <trkpt lat="46.4608" lon="14.12989">
        <ele>1686</ele>
        <extensions>
          <distance>11542</distance>
        </extensions>
      </trkpt>
      <trkpt lat="46.46095" lon="14.12967">
        <ele>1692</ele>
        <extensions>
          <distance>11566</distance>
        </extensions>
      </trkpt>
      <trkpt lat="46.460944999999995" lon="14.129395">
        <ele>1696</ele>
        <extensions>
          <distance>11588</distance>
        </extensions>
      </trkpt>
      <trkpt lat="46.46094" lon="14.12912">
        <ele>1699</ele>
        <extensions>
          <distance>11609</distance>
        </extensions>
      </trkpt>
      <trkpt lat="46.460952500000005" lon="14.1288975">
        <ele>1699</ele>
        <extensions>
          <distance>11626</distance>
        </extensions>
      </trkpt>
      <trkpt lat="46.460965" lon="14.128675000000001">
        <ele>1699</ele>
        <extensions>
          <distance>11643</distance>
        </extensions>
      </trkpt>
      <trkpt lat="46.4609775" lon="14.128452500000002">
        <ele>1699</ele>
        <extensions>
          <distance>11660</distance>
        </extensions>
      </trkpt>
      <trkpt lat="46.46099" lon="14.12823">
        <ele>1701</ele>
        <extensions>
          <distance>11678</distance>
        </extensions>
      </trkpt>
      <trkpt lat="46.4611175" lon="14.128107499999999">
        <ele>1701</ele>
        <extensions>
          <distance>11695</distance>
        </extensions>
      </trkpt>
      <trkpt lat="46.461245000000005" lon="14.127984999999999">
        <ele>1701</ele>
        <extensions>
          <distance>11712</distance>
        </extensions>
      </trkpt>
      <trkpt lat="46.4613725" lon="14.127862499999999">
        <ele>1703</ele>
        <extensions>
          <distance>11729</distance>
        </extensions>
      </trkpt>
      <trkpt lat="46.4615" lon="14.12774">
        <ele>1703</ele>
        <extensions>
          <distance>11746</distance>
        </extensions>
      </trkpt>
      <trkpt lat="46.46164" lon="14.12749">
        <ele>1705</ele>
        <extensions>
          <distance>11770</distance>
        </extensions>
      </trkpt>
      <trkpt lat="46.46164" lon="14.12737">
        <ele>1706</ele>
        <extensions>
          <distance>11780</distance>
        </extensions>
      </trkpt>
      <trkpt lat="46.46179" lon="14.1271">
        <ele>1706</ele>
        <extensions>
          <distance>11806</distance>
        </extensions>
      </trkpt>
      <trkpt lat="46.461875000000006" lon="14.1268375">
        <ele>1705</ele>
        <extensions>
          <distance>11829</distance>
        </extensions>
      </trkpt>
      <trkpt lat="46.461960000000005" lon="14.126574999999999">
        <ele>1704</ele>
        <extensions>
          <distance>11851</distance>
        </extensions>
      </trkpt>
      <trkpt lat="46.462045" lon="14.1263125">
        <ele>1706</ele>
        <extensions>
          <distance>11873</distance>
        </extensions>
      </trkpt>
      <trkpt lat="46.46213" lon="14.12605">
        <ele>1704</ele>
        <extensions>
          <distance>11895</distance>
        </extensions>
      </trkpt>
      <trkpt lat="46.46223" lon="14.12595">
        <ele>1704</ele>
        <extensions>
          <distance>11909</distance>
        </extensions>
      </trkpt>
      <trkpt lat="46.46243" lon="14.12578">
        <ele>1702</ele>
        <extensions>
          <distance>11935</distance>
        </extensions>
      </trkpt>
      <trkpt lat="46.46247" lon="14.12565">
        <ele>1700</ele>
        <extensions>
          <distance>11946</distance>
        </extensions>
      </trkpt>
      <trkpt lat="46.462505" lon="14.125440000000001">
        <ele>1700</ele>
        <extensions>
          <distance>11962</distance>
        </extensions>
      </trkpt>
      <trkpt lat="46.46254" lon="14.12523">
        <ele>1700</ele>
        <extensions>
          <distance>11979</distance>
        </extensions>
      </trkpt>
      <trkpt lat="46.46261" lon="14.12495">
        <ele>1700</ele>
        <extensions>
          <distance>12002</distance>
        </extensions>
      </trkpt>
      <trkpt lat="46.4627" lon="14.12481">
        <ele>1700</ele>
        <extensions>
          <distance>12016</distance>
        </extensions>
      </trkpt>
      <trkpt lat="46.46282" lon="14.12472">
        <ele>1696</ele>
        <extensions>
          <distance>12032</distance>
        </extensions>
      </trkpt>
      <trkpt lat="46.462935" lon="14.124545000000001">
        <ele>1696</ele>
        <extensions>
          <distance>12050</distance>
        </extensions>
      </trkpt>
      <trkpt lat="46.46305" lon="14.12437">
        <ele>1697</ele>
        <extensions>
          <distance>12069</distance>
        </extensions>
      </trkpt>
      <trkpt lat="46.463105" lon="14.124115">
        <ele>1700</ele>
        <extensions>
          <distance>12089</distance>
        </extensions>
      </trkpt>
      <trkpt lat="46.46316" lon="14.12386">
        <ele>1701.5</ele>
        <extensions>
          <distance>12110</distance>
        </extensions>
      </trkpt>
      <trkpt lat="46.46327" lon="14.12361">
        <ele>1703</ele>
        <extensions>
          <distance>12133</distance>
        </extensions>
      </trkpt>
      <trkpt lat="46.46348" lon="14.12344">
        <ele>1707</ele>
        <extensions>
          <distance>12160</distance>
        </extensions>
      </trkpt>
      <trkpt lat="46.46354" lon="14.12334">
        <ele>1707</ele>
        <extensions>
          <distance>12170</distance>
        </extensions>
      </trkpt>
      <trkpt lat="46.463705000000004" lon="14.123194999999999">
        <ele>1707</ele>
        <extensions>
          <distance>12191</distance>
        </extensions>
      </trkpt>
      <trkpt lat="46.46387" lon="14.12305">
        <ele>1708</ele>
        <extensions>
          <distance>12213</distance>
        </extensions>
      </trkpt>
      <trkpt lat="46.464085" lon="14.1229">
        <ele>1710</ele>
        <extensions>
          <distance>12239</distance>
        </extensions>
      </trkpt>
      <trkpt lat="46.4643" lon="14.12275">
        <ele>1714</ele>
        <extensions>
          <distance>12266</distance>
        </extensions>
      </trkpt>
      <trkpt lat="46.464439999999996" lon="14.12258">
        <ele>1715</ele>
        <extensions>
          <distance>12287</distance>
        </extensions>
      </trkpt>
      <trkpt lat="46.46458" lon="14.12241">
        <ele>1717</ele>
        <extensions>
          <distance>12307</distance>
        </extensions>
      </trkpt>
      <trkpt lat="46.46468" lon="14.12222">
        <ele>1717</ele>
        <extensions>
          <distance>12325</distance>
        </extensions>
      </trkpt>
      <trkpt lat="46.46478" lon="14.12203">
        <ele>1718</ele>
        <extensions>
          <distance>12344</distance>
        </extensions>
      </trkpt>
      <trkpt lat="46.46486" lon="14.121685">
        <ele>1719</ele>
        <extensions>
          <distance>12372</distance>
        </extensions>
      </trkpt>
      <trkpt lat="46.46494" lon="14.12134">
        <ele>1718</ele>
        <extensions>
          <distance>12400</distance>
        </extensions>
      </trkpt>
      <trkpt lat="46.465022499999996" lon="14.1211025">
        <ele>1718</ele>
        <extensions>
          <distance>12420</distance>
        </extensions>
      </trkpt>
      <trkpt lat="46.465104999999994" lon="14.120865">
        <ele>1718</ele>
        <extensions>
          <distance>12441</distance>
        </extensions>
      </trkpt>
      <trkpt lat="46.4651875" lon="14.120627500000001">
        <ele>1718</ele>
        <extensions>
          <distance>12461</distance>
        </extensions>
      </trkpt>
      <trkpt lat="46.46527" lon="14.12039">
        <ele>1719</ele>
        <extensions>
          <distance>12481</distance>
        </extensions>
      </trkpt>
      <trkpt lat="46.4653825" lon="14.120265">
        <ele>1721</ele>
        <extensions>
          <distance>12497</distance>
        </extensions>
      </trkpt>
      <trkpt lat="46.465495" lon="14.12014">
        <ele>1723</ele>
        <extensions>
          <distance>12513</distance>
        </extensions>
      </trkpt>
      <trkpt lat="46.4656075" lon="14.120014999999999">
        <ele>1724</ele>
        <extensions>
          <distance>12529</distance>
        </extensions>
      </trkpt>
      <trkpt lat="46.46572" lon="14.11989">
        <ele>1724</ele>
        <extensions>
          <distance>12545</distance>
        </extensions>
      </trkpt>
      <trkpt lat="46.46582" lon="14.11973">
        <ele>1724</ele>
        <extensions>
          <distance>12561</distance>
        </extensions>
      </trkpt>
      <trkpt lat="46.46593" lon="14.11942">
        <ele>1724</ele>
        <extensions>
          <distance>12588</distance>
        </extensions>
      </trkpt>
      <trkpt lat="46.466080000000005" lon="14.119185">
        <ele>1721</ele>
        <extensions>
          <distance>12612</distance>
        </extensions>
      </trkpt>
      <trkpt lat="46.46623" lon="14.11895">
        <ele>1721</ele>
        <extensions>
          <distance>12637</distance>
        </extensions>
      </trkpt>
      <trkpt lat="46.46639" lon="14.1188">
        <ele>1721</ele>
        <extensions>
          <distance>12658</distance>
        </extensions>
      </trkpt>
      <trkpt lat="46.46657" lon="14.11871">
        <ele>1721</ele>
        <extensions>
          <distance>12679</distance>
        </extensions>
      </trkpt>
      <trkpt lat="46.46676" lon="14.11871">
        <ele>1728</ele>
        <extensions>
          <distance>12701</distance>
        </extensions>
      </trkpt>
      <trkpt lat="46.46689" lon="14.11866">
        <ele>1729</ele>
        <extensions>
          <distance>12716</distance>
        </extensions>
      </trkpt>
      <trkpt lat="46.4670775" lon="14.11851">
        <ele>1729</ele>
        <extensions>
          <distance>12740</distance>
        </extensions>
      </trkpt>
      <trkpt lat="46.467265" lon="14.11836">
        <ele>1729</ele>
        <extensions>
          <distance>12763</distance>
        </extensions>
      </trkpt>
      <trkpt lat="46.4674525" lon="14.11821">
        <ele>1730</ele>
        <extensions>
          <distance>12787</distance>
        </extensions>
      </trkpt>
      <trkpt lat="46.46764" lon="14.11806">
        <ele>1730</ele>
        <extensions>
          <distance>12811</distance>
        </extensions>
      </trkpt>
      <trkpt lat="46.46772" lon="14.11795">
        <ele>1731</ele>
        <extensions>
          <distance>12823</distance>
        </extensions>
      </trkpt>
      <trkpt lat="46.46797" lon="14.11782">
        <ele>1731</ele>
        <extensions>
          <distance>12853</distance>
        </extensions>
      </trkpt>
      <trkpt lat="46.468145" lon="14.11768">
        <ele>1730</ele>
        <extensions>
          <distance>12875</distance>
        </extensions>
      </trkpt>
      <trkpt lat="46.46832" lon="14.11754">
        <ele>1729</ele>
        <extensions>
          <distance>12897</distance>
        </extensions>
      </trkpt>
      <trkpt lat="46.46846" lon="14.11734">
        <ele>1729</ele>
        <extensions>
          <distance>12919</distance>
        </extensions>
      </trkpt>
      <trkpt lat="46.468630000000005" lon="14.117225000000001">
        <ele>1728.5</ele>
        <extensions>
          <distance>12940</distance>
        </extensions>
      </trkpt>
      <trkpt lat="46.4688" lon="14.11711">
        <ele>1728.5</ele>
        <extensions>
          <distance>12961</distance>
        </extensions>
      </trkpt>
      <trkpt lat="46.46889" lon="14.11697">
        <ele>1728.5</ele>
        <extensions>
          <distance>12976</distance>
        </extensions>
      </trkpt>
      <trkpt lat="46.46896" lon="14.11693">
        <ele>1729</ele>
        <extensions>
          <distance>12984</distance>
        </extensions>
      </trkpt>
      <trkpt lat="46.46908" lon="14.11698">
        <ele>1729.25</ele>
        <extensions>
          <distance>12998</distance>
        </extensions>
      </trkpt>
      <trkpt lat="46.46916" lon="14.11692">
        <ele>1729.25</ele>
        <extensions>
          <distance>13008</distance>
        </extensions>
      </trkpt>
      <trkpt lat="46.46935" lon="14.11666">
        <ele>1729.25</ele>
        <extensions>
          <distance>13037</distance>
        </extensions>
      </trkpt>
      <trkpt lat="46.4694925" lon="14.11641">
        <ele>1729.25</ele>
        <extensions>
          <distance>13062</distance>
        </extensions>
      </trkpt>
      <trkpt lat="46.469635" lon="14.11616">
        <ele>1727.5</ele>
        <extensions>
          <distance>13087</distance>
        </extensions>
      </trkpt>
      <trkpt lat="46.4697775" lon="14.11591">
        <ele>1726</ele>
        <extensions>
          <distance>13112</distance>
        </extensions>
      </trkpt>
      <trkpt lat="46.46992" lon="14.11566">
        <ele>1726</ele>
        <extensions>
          <distance>13136</distance>
        </extensions>
      </trkpt>
      <trkpt lat="46.47" lon="14.1155">
        <ele>1726</ele>
        <extensions>
          <distance>13152</distance>
        </extensions>
      </trkpt>
      <trkpt lat="46.47003" lon="14.11541">
        <ele>1726</ele>
        <extensions>
          <distance>13159</distance>
        </extensions>
      </trkpt>
      <trkpt lat="46.470155000000005" lon="14.11525">
        <ele>1727</ele>
        <extensions>
          <distance>13178</distance>
        </extensions>
      </trkpt>
      <trkpt lat="46.47028" lon="14.11509">
        <ele>1727</ele>
        <extensions>
          <distance>13196</distance>
        </extensions>
      </trkpt>
      <trkpt lat="46.4704175" lon="14.1149825">
        <ele>1727</ele>
        <extensions>
          <distance>13214</distance>
        </extensions>
      </trkpt>
      <trkpt lat="46.470555000000004" lon="14.114875000000001">
        <ele>1727</ele>
        <extensions>
          <distance>13231</distance>
        </extensions>
      </trkpt>
      <trkpt lat="46.470692500000006" lon="14.114767500000001">
        <ele>1727</ele>
        <extensions>
          <distance>13249</distance>
        </extensions>
      </trkpt>
      <trkpt lat="46.47083000000001" lon="14.11466">
        <ele>1725</ele>
        <extensions>
          <distance>13266</distance>
        </extensions>
      </trkpt>
      <trkpt lat="46.47096750000001" lon="14.1145525">
        <ele>1723</ele>
        <extensions>
          <distance>13283</distance>
        </extensions>
      </trkpt>
      <trkpt lat="46.47110500000001" lon="14.114445">
        <ele>1722</ele>
        <extensions>
          <distance>13301</distance>
        </extensions>
      </trkpt>
      <trkpt lat="46.4712425" lon="14.1143375">
        <ele>1721</ele>
        <extensions>
          <distance>13318</distance>
        </extensions>
      </trkpt>
      <trkpt lat="46.47138" lon="14.11423">
        <ele>1721</ele>
        <extensions>
          <distance>13336</distance>
        </extensions>
      </trkpt>
      <trkpt lat="46.471466875000004" lon="14.114077499999999">
        <ele>1720</ele>
        <extensions>
          <distance>13351</distance>
        </extensions>
      </trkpt>
      <trkpt lat="46.47155375" lon="14.113924999999998">
        <ele>1720</ele>
        <extensions>
          <distance>13366</distance>
        </extensions>
      </trkpt>
      <trkpt lat="46.471640625" lon="14.1137725">
        <ele>1719</ele>
        <extensions>
          <distance>13381</distance>
        </extensions>
      </trkpt>
      <trkpt lat="46.4717275" lon="14.11362">
        <ele>1718</ele>
        <extensions>
          <distance>13396</distance>
        </extensions>
      </trkpt>
      <trkpt lat="46.471814375" lon="14.113467499999999">
        <ele>1717</ele>
        <extensions>
          <distance>13412</distance>
        </extensions>
      </trkpt>
      <trkpt lat="46.47190125" lon="14.113315">
        <ele>1716</ele>
        <extensions>
          <distance>13427</distance>
        </extensions>
      </trkpt>
      <trkpt lat="46.471988125" lon="14.1131625">
        <ele>1715</ele>
        <extensions>
          <distance>13442</distance>
        </extensions>
      </trkpt>
      <trkpt lat="46.472075000000004" lon="14.11301">
        <ele>1714</ele>
        <extensions>
          <distance>13457</distance>
        </extensions>
      </trkpt>
      <trkpt lat="46.472161875000005" lon="14.112857499999999">
        <ele>1713</ele>
        <extensions>
          <distance>13472</distance>
        </extensions>
      </trkpt>
      <trkpt lat="46.472248750000006" lon="14.112704999999998">
        <ele>1712</ele>
        <extensions>
          <distance>13488</distance>
        </extensions>
      </trkpt>
      <trkpt lat="46.472335625" lon="14.1125525">
        <ele>1711</ele>
        <extensions>
          <distance>13503</distance>
        </extensions>
      </trkpt>
      <trkpt lat="46.4724225" lon="14.1124">
        <ele>1710</ele>
        <extensions>
          <distance>13518</distance>
        </extensions>
      </trkpt>
      <trkpt lat="46.472509375" lon="14.112247499999999">
        <ele>1709</ele>
        <extensions>
          <distance>13533</distance>
        </extensions>
      </trkpt>
      <trkpt lat="46.472596249999995" lon="14.112095">
        <ele>1708</ele>
        <extensions>
          <distance>13548</distance>
        </extensions>
      </trkpt>
      <trkpt lat="46.472683124999996" lon="14.1119425">
        <ele>1707</ele>
        <extensions>
          <distance>13564</distance>
        </extensions>
      </trkpt>
      <trkpt lat="46.47277" lon="14.11179">
        <ele>1706</ele>
        <extensions>
          <distance>13579</distance>
        </extensions>
      </trkpt>
      <trkpt lat="46.472894999999994" lon="14.111664999999999">
        <ele>1705.5</ele>
        <extensions>
          <distance>13596</distance>
        </extensions>
      </trkpt>
      <trkpt lat="46.47302" lon="14.11154">
        <ele>1705.5</ele>
        <extensions>
          <distance>13613</distance>
        </extensions>
      </trkpt>
      <trkpt lat="46.473145" lon="14.111415000000001">
        <ele>1705.5</ele>
        <extensions>
          <distance>13630</distance>
        </extensions>
      </trkpt>
      <trkpt lat="46.47327" lon="14.11129">
        <ele>1705.5</ele>
        <extensions>
          <distance>13646</distance>
        </extensions>
      </trkpt>
      <trkpt lat="46.47336" lon="14.11127">
        <ele>1706</ele>
        <extensions>
          <distance>13657</distance>
        </extensions>
      </trkpt>
      <trkpt lat="46.47343" lon="14.11129">
        <ele>1706</ele>
        <extensions>
          <distance>13665</distance>
        </extensions>
      </trkpt>
      <trkpt lat="46.47348" lon="14.11127">
        <ele>1706</ele>
        <extensions>
          <distance>13670</distance>
        </extensions>
      </trkpt>
      <trkpt lat="46.47351" lon="14.11122">
        <ele>1706</ele>
        <extensions>
          <distance>13675</distance>
        </extensions>
      </trkpt>
      <trkpt lat="46.47362" lon="14.11089">
        <ele>1703</ele>
        <extensions>
          <distance>13704</distance>
        </extensions>
      </trkpt>
      <trkpt lat="46.47374" lon="14.11068">
        <ele>1702</ele>
        <extensions>
          <distance>13724</distance>
        </extensions>
      </trkpt>
      <trkpt lat="46.4738" lon="14.11049">
        <ele>1700</ele>
        <extensions>
          <distance>13741</distance>
        </extensions>
      </trkpt>
      <trkpt lat="46.473825" lon="14.110230000000001">
        <ele>1696.5</ele>
        <extensions>
          <distance>13761</distance>
        </extensions>
      </trkpt>
      <trkpt lat="46.47385" lon="14.10997">
        <ele>1693</ele>
        <extensions>
          <distance>13782</distance>
        </extensions>
      </trkpt>
      <trkpt lat="46.47392" lon="14.10977">
        <ele>1691</ele>
        <extensions>
          <distance>13799</distance>
        </extensions>
      </trkpt>
      <trkpt lat="46.47398" lon="14.10966">
        <ele>1691</ele>
        <extensions>
          <distance>13810</distance>
        </extensions>
      </trkpt>
      <trkpt lat="46.47404" lon="14.10939">
        <ele>1688</ele>
        <extensions>
          <distance>13832</distance>
        </extensions>
      </trkpt>
      <trkpt lat="46.47404" lon="14.10929">
        <ele>1686</ele>
        <extensions>
          <distance>13840</distance>
        </extensions>
      </trkpt>
      <trkpt lat="46.47397" lon="14.10922">
        <ele>1683</ele>
        <extensions>
          <distance>13849</distance>
        </extensions>
      </trkpt>
      <trkpt lat="46.47397" lon="14.10915">
        <ele>1682</ele>
        <extensions>
          <distance>13855</distance>
        </extensions>
      </trkpt>
      <trkpt lat="46.47393" lon="14.109">
        <ele>1680</ele>
        <extensions>
          <distance>13867</distance>
        </extensions>
      </trkpt>
      <trkpt lat="46.47398" lon="14.10891">
        <ele>1680</ele>
        <extensions>
          <distance>13876</distance>
        </extensions>
      </trkpt>
      <trkpt lat="46.473865" lon="14.10877">
        <ele>1675</ele>
        <extensions>
          <distance>13893</distance>
        </extensions>
      </trkpt>
      <trkpt lat="46.47375" lon="14.10863">
        <ele>1672</ele>
        <extensions>
          <distance>13910</distance>
        </extensions>
      </trkpt>
      <trkpt lat="46.47376" lon="14.10859">
        <ele>1672</ele>
        <extensions>
          <distance>13914</distance>
        </extensions>
      </trkpt>
      <trkpt lat="46.47381" lon="14.10857">
        <ele>1670</ele>
        <extensions>
          <distance>13920</distance>
        </extensions>
      </trkpt>
      <trkpt lat="46.47383" lon="14.1085">
        <ele>1670</ele>
        <extensions>
          <distance>13926</distance>
        </extensions>
      </trkpt>
      <trkpt lat="46.4738" lon="14.10821">
        <ele>1667</ele>
        <extensions>
          <distance>13948</distance>
        </extensions>
      </trkpt>
      <trkpt lat="46.473845" lon="14.107945">
        <ele>1664</ele>
        <extensions>
          <distance>13969</distance>
        </extensions>
      </trkpt>
      <trkpt lat="46.47389" lon="14.10768">
        <ele>1664</ele>
        <extensions>
          <distance>13990</distance>
        </extensions>
      </trkpt>
      <trkpt lat="46.473974999999996" lon="14.107520000000001">
        <ele>1662.5</ele>
        <extensions>
          <distance>14006</distance>
        </extensions>
      </trkpt>
      <trkpt lat="46.47406" lon="14.10736">
        <ele>1661</ele>
        <extensions>
          <distance>14021</distance>
        </extensions>
      </trkpt>
      <trkpt lat="46.47407" lon="14.10718">
        <ele>1660</ele>
        <extensions>
          <distance>14035</distance>
        </extensions>
      </trkpt>
      <trkpt lat="46.47416" lon="14.10687">
        <ele>1657.5</ele>
        <extensions>
          <distance>14061</distance>
        </extensions>
      </trkpt>
      <trkpt lat="46.47425" lon="14.10656">
        <ele>1655</ele>
        <extensions>
          <distance>14087</distance>
        </extensions>
      </trkpt>
      <trkpt lat="46.474355" lon="14.10633">
        <ele>1654.5</ele>
        <extensions>
          <distance>14108</distance>
        </extensions>
      </trkpt>
      <trkpt lat="46.47446" lon="14.1061">
        <ele>1654</ele>
        <extensions>
          <distance>14130</distance>
        </extensions>
      </trkpt>
      <trkpt lat="46.47455" lon="14.10587">
        <ele>1653</ele>
        <extensions>
          <distance>14150</distance>
        </extensions>
      </trkpt>
      <trkpt lat="46.47464" lon="14.10564">
        <ele>1652</ele>
        <extensions>
          <distance>14170</distance>
        </extensions>
      </trkpt>
      <trkpt lat="46.47478" lon="14.10538">
        <ele>1652</ele>
        <extensions>
          <distance>14196</distance>
        </extensions>
      </trkpt>
      <trkpt lat="46.47481" lon="14.10522">
        <ele>1650</ele>
        <extensions>
          <distance>14208</distance>
        </extensions>
      </trkpt>
      <trkpt lat="46.474925" lon="14.104965">
        <ele>1650</ele>
        <extensions>
          <distance>14232</distance>
        </extensions>
      </trkpt>
      <trkpt lat="46.47504" lon="14.10471">
        <ele>1649.5</ele>
        <extensions>
          <distance>14255</distance>
        </extensions>
      </trkpt>
      <trkpt lat="46.47514" lon="14.10443">
        <ele>1649</ele>
        <extensions>
          <distance>14279</distance>
        </extensions>
      </trkpt>
      <trkpt lat="46.475195" lon="14.104230000000001">
        <ele>1649</ele>
        <extensions>
          <distance>14296</distance>
        </extensions>
      </trkpt>
      <trkpt lat="46.47525" lon="14.10403">
        <ele>1648</ele>
        <extensions>
          <distance>14312</distance>
        </extensions>
      </trkpt>
      <trkpt lat="46.47532" lon="14.10384">
        <ele>1648</ele>
        <extensions>
          <distance>14329</distance>
        </extensions>
      </trkpt>
      <trkpt lat="46.47542" lon="14.103480000000001">
        <ele>1647.5</ele>
        <extensions>
          <distance>14359</distance>
        </extensions>
      </trkpt>
      <trkpt lat="46.47552" lon="14.10312">
        <ele>1647</ele>
        <extensions>
          <distance>14389</distance>
        </extensions>
      </trkpt>
      <trkpt lat="46.47556" lon="14.10292">
        <ele>1647</ele>
        <extensions>
          <distance>14405</distance>
        </extensions>
      </trkpt>
      <trkpt lat="46.47564" lon="14.10269">
        <ele>1646</ele>
        <extensions>
          <distance>14424</distance>
        </extensions>
      </trkpt>
      <trkpt lat="46.475655" lon="14.102435">
        <ele>1643</ele>
        <extensions>
          <distance>14444</distance>
        </extensions>
      </trkpt>
      <trkpt lat="46.47567" lon="14.10218">
        <ele>1639</ele>
        <extensions>
          <distance>14464</distance>
        </extensions>
      </trkpt>
      <trkpt lat="46.475635" lon="14.101945">
        <ele>1632.5</ele>
        <extensions>
          <distance>14484</distance>
        </extensions>
      </trkpt>
      <trkpt lat="46.4756" lon="14.10171">
        <ele>1626</ele>
        <extensions>
          <distance>14503</distance>
        </extensions>
      </trkpt>
      <trkpt lat="46.47561" lon="14.10146">
        <ele>1620</ele>
        <extensions>
          <distance>14524</distance>
        </extensions>
      </trkpt>
      <trkpt lat="46.47569" lon="14.10109">
        <ele>1617</ele>
        <extensions>
          <distance>14553</distance>
        </extensions>
      </trkpt>
      <trkpt lat="46.47573" lon="14.10096">
        <ele>1613</ele>
        <extensions>
          <distance>14565</distance>
        </extensions>
      </trkpt>
      <trkpt lat="46.47578" lon="14.1009">
        <ele>1610</ele>
        <extensions>
          <distance>14573</distance>
        </extensions>
      </trkpt>
      <trkpt lat="46.47591" lon="14.10086">
        <ele>1610</ele>
        <extensions>
          <distance>14588</distance>
        </extensions>
      </trkpt>
      <trkpt lat="46.47605" lon="14.10084">
        <ele>1609</ele>
        <extensions>
          <distance>14603</distance>
        </extensions>
      </trkpt>
      <trkpt lat="46.4761" lon="14.10078">
        <ele>1605</ele>
        <extensions>
          <distance>14611</distance>
        </extensions>
      </trkpt>
      <trkpt lat="46.47626" lon="14.10067">
        <ele>1604</ele>
        <extensions>
          <distance>14631</distance>
        </extensions>
      </trkpt>
      <trkpt lat="46.47632" lon="14.10066">
        <ele>1604</ele>
        <extensions>
          <distance>14637</distance>
        </extensions>
      </trkpt>
      <trkpt lat="46.476585" lon="14.100725">
        <ele>1604</ele>
        <extensions>
          <distance>14667</distance>
        </extensions>
      </trkpt>
      <trkpt lat="46.47685" lon="14.10079">
        <ele>1603</ele>
        <extensions>
          <distance>14697</distance>
        </extensions>
      </trkpt>
      <trkpt lat="46.477019999999996" lon="14.10078">
        <ele>1603</ele>
        <extensions>
          <distance>14716</distance>
        </extensions>
      </trkpt>
      <trkpt lat="46.47719" lon="14.10077">
        <ele>1603</ele>
        <extensions>
          <distance>14735</distance>
        </extensions>
      </trkpt>
      <trkpt lat="46.47738" lon="14.1006">
        <ele>1603</ele>
        <extensions>
          <distance>14760</distance>
        </extensions>
      </trkpt>
      <trkpt lat="46.47749" lon="14.10058">
        <ele>1603</ele>
        <extensions>
          <distance>14772</distance>
        </extensions>
      </trkpt>
      <trkpt lat="46.47762" lon="14.10039">
        <ele>1602</ele>
        <extensions>
          <distance>14793</distance>
        </extensions>
      </trkpt>
      <trkpt lat="46.47777" lon="14.10022">
        <ele>1602</ele>
        <extensions>
          <distance>14814</distance>
        </extensions>
      </trkpt>
      <trkpt lat="46.477955" lon="14.10009">
        <ele>1602</ele>
        <extensions>
          <distance>14837</distance>
        </extensions>
      </trkpt>
      <trkpt lat="46.47814" lon="14.09996">
        <ele>1602</ele>
        <extensions>
          <distance>14859</distance>
        </extensions>
      </trkpt>
      <trkpt lat="46.47828" lon="14.09983">
        <ele>1602</ele>
        <extensions>
          <distance>14878</distance>
        </extensions>
      </trkpt>
      <trkpt lat="46.4784425" lon="14.0996225">
        <ele>1602.25</ele>
        <extensions>
          <distance>14902</distance>
        </extensions>
      </trkpt>
      <trkpt lat="46.478605" lon="14.099415">
        <ele>1602.25</ele>
        <extensions>
          <distance>14926</distance>
        </extensions>
      </trkpt>
      <trkpt lat="46.478767500000004" lon="14.0992075">
        <ele>1602.25</ele>
        <extensions>
          <distance>14950</distance>
        </extensions>
      </trkpt>
      <trkpt lat="46.47893" lon="14.099">
        <ele>1602.25</ele>
        <extensions>
          <distance>14974</distance>
        </extensions>
      </trkpt>
      <trkpt lat="46.47905" lon="14.09868">
        <ele>1599</ele>
        <extensions>
          <distance>15002</distance>
        </extensions>
      </trkpt>
      <trkpt lat="46.47906" lon="14.09855">
        <ele>1596</ele>
        <extensions>
          <distance>15013</distance>
        </extensions>
      </trkpt>
      <trkpt lat="46.47913" lon="14.09835">
        <ele>1593.5</ele>
        <extensions>
          <distance>15030</distance>
        </extensions>
      </trkpt>
      <trkpt lat="46.4792" lon="14.09815">
        <ele>1591</ele>
        <extensions>
          <distance>15048</distance>
        </extensions>
      </trkpt>
      <trkpt lat="46.479285000000004" lon="14.097940000000001">
        <ele>1589</ele>
        <extensions>
          <distance>15066</distance>
        </extensions>
      </trkpt>
      <trkpt lat="46.47937" lon="14.09773">
        <ele>1589</ele>
        <extensions>
          <distance>15085</distance>
        </extensions>
      </trkpt>
      <trkpt lat="46.47946" lon="14.09755">
        <ele>1587.5</ele>
        <extensions>
          <distance>15102</distance>
        </extensions>
      </trkpt>
      <trkpt lat="46.479665" lon="14.09733">
        <ele>1587</ele>
        <extensions>
          <distance>15131</distance>
        </extensions>
      </trkpt>
      <trkpt lat="46.47987" lon="14.09711">
        <ele>1586</ele>
        <extensions>
          <distance>15159</distance>
        </extensions>
      </trkpt>
      <trkpt lat="46.47996" lon="14.096875">
        <ele>1585</ele>
        <extensions>
          <distance>15180</distance>
        </extensions>
      </trkpt>
      <trkpt lat="46.48005" lon="14.09664">
        <ele>1582</ele>
        <extensions>
          <distance>15200</distance>
        </extensions>
      </trkpt>
      <trkpt lat="46.48018" lon="14.09643">
        <ele>1577</ele>
        <extensions>
          <distance>15223</distance>
        </extensions>
      </trkpt>
      <trkpt lat="46.48026" lon="14.09616">
        <ele>1572</ele>
        <extensions>
          <distance>15246</distance>
        </extensions>
      </trkpt>
      <trkpt lat="46.4803" lon="14.0961">
        <ele>1572</ele>
        <extensions>
          <distance>15252</distance>
        </extensions>
      </trkpt>
      <trkpt lat="46.48042" lon="14.09575">
        <ele>1567</ele>
        <extensions>
          <distance>15282</distance>
        </extensions>
      </trkpt>
      <trkpt lat="46.48054" lon="14.09553">
        <ele>1566</ele>
        <extensions>
          <distance>15304</distance>
        </extensions>
      </trkpt>
      <trkpt lat="46.48067" lon="14.09521">
        <ele>1564</ele>
        <extensions>
          <distance>15333</distance>
        </extensions>
      </trkpt>
      <trkpt lat="46.48068" lon="14.09507">
        <ele>1562</ele>
        <extensions>
          <distance>15344</distance>
        </extensions>
      </trkpt>
      <trkpt lat="46.48064" lon="14.09486">
        <ele>1556</ele>
        <extensions>
          <distance>15361</distance>
        </extensions>
      </trkpt>
      <trkpt lat="46.48054" lon="14.0946">
        <ele>1554</ele>
        <extensions>
          <distance>15384</distance>
        </extensions>
      </trkpt>
      <trkpt lat="46.4807" lon="14.094635">
        <ele>1554</ele>
        <extensions>
          <distance>15402</distance>
        </extensions>
      </trkpt>
      <trkpt lat="46.48086" lon="14.09467">
        <ele>1554</ele>
        <extensions>
          <distance>15420</distance>
        </extensions>
      </trkpt>
      <trkpt lat="46.480965" lon="14.09483">
        <ele>1554</ele>
        <extensions>
          <distance>15437</distance>
        </extensions>
      </trkpt>
      <trkpt lat="46.48107" lon="14.09499">
        <ele>1554</ele>
        <extensions>
          <distance>15454</distance>
        </extensions>
      </trkpt>
      <trkpt lat="46.48111" lon="14.09523">
        <ele>1554</ele>
        <extensions>
          <distance>15473</distance>
        </extensions>
      </trkpt>
      <trkpt lat="46.481205" lon="14.095415">
        <ele>1554</ele>
        <extensions>
          <distance>15491</distance>
        </extensions>
      </trkpt>
      <trkpt lat="46.4813" lon="14.0956">
        <ele>1554</ele>
        <extensions>
          <distance>15509</distance>
        </extensions>
      </trkpt>
      <trkpt lat="46.48141" lon="14.09568">
        <ele>1551</ele>
        <extensions>
          <distance>15522</distance>
        </extensions>
      </trkpt>
      <trkpt lat="46.48151" lon="14.09597">
        <ele>1550</ele>
        <extensions>
          <distance>15547</distance>
        </extensions>
      </trkpt>
      <trkpt lat="46.481555" lon="14.096295">
        <ele>1550</ele>
        <extensions>
          <distance>15573</distance>
        </extensions>
      </trkpt>
      <trkpt lat="46.4816" lon="14.09662">
        <ele>1550</ele>
        <extensions>
          <distance>15598</distance>
        </extensions>
      </trkpt>
      <trkpt lat="46.48162" lon="14.09671">
        <ele>1549</ele>
        <extensions>
          <distance>15605</distance>
        </extensions>
      </trkpt>
      <trkpt lat="46.48167" lon="14.09681">
        <ele>1548</ele>
        <extensions>
          <distance>15615</distance>
        </extensions>
      </trkpt>
      <trkpt lat="46.48179" lon="14.09678">
        <ele>1543</ele>
        <extensions>
          <distance>15629</distance>
        </extensions>
      </trkpt>
      <trkpt lat="46.48195" lon="14.09682">
        <ele>1535</ele>
        <extensions>
          <distance>15649</distance>
        </extensions>
      </trkpt>
      <trkpt lat="46.48209" lon="14.096969999999999">
        <ele>1529</ele>
        <extensions>
          <distance>15669</distance>
        </extensions>
      </trkpt>
      <trkpt lat="46.48223" lon="14.09712">
        <ele>1523</ele>
        <extensions>
          <distance>15689</distance>
        </extensions>
      </trkpt>
      <trkpt lat="46.4823" lon="14.09712">
        <ele>1520</ele>
        <extensions>
          <distance>15698</distance>
        </extensions>
      </trkpt>
      <trkpt lat="46.48232" lon="14.09708">
        <ele>1519</ele>
        <extensions>
          <distance>15702</distance>
        </extensions>
      </trkpt>
      <trkpt lat="46.4824" lon="14.0971">
        <ele>1517</ele>
        <extensions>
          <distance>15711</distance>
        </extensions>
      </trkpt>
      <trkpt lat="46.48244" lon="14.09726">
        <ele>1515.5</ele>
        <extensions>
          <distance>15724</distance>
        </extensions>
      </trkpt>
      <trkpt lat="46.482429999999994" lon="14.09746">
        <ele>1515</ele>
        <extensions>
          <distance>15739</distance>
        </extensions>
      </trkpt>
      <trkpt lat="46.48242" lon="14.09766">
        <ele>1515</ele>
        <extensions>
          <distance>15755</distance>
        </extensions>
      </trkpt>
      <trkpt lat="46.48248" lon="14.09782">
        <ele>1514</ele>
        <extensions>
          <distance>15769</distance>
        </extensions>
      </trkpt>
      <trkpt lat="46.48254" lon="14.09783">
        <ele>1511</ele>
        <extensions>
          <distance>15776</distance>
        </extensions>
      </trkpt>
      <trkpt lat="46.48257" lon="14.09782">
        <ele>1508</ele>
        <extensions>
          <distance>15780</distance>
        </extensions>
      </trkpt>
      <trkpt lat="46.48257" lon="14.09775">
        <ele>1508</ele>
        <extensions>
          <distance>15786</distance>
        </extensions>
      </trkpt>
      <trkpt lat="46.48261" lon="14.09769">
        <ele>1505</ele>
        <extensions>
          <distance>15792</distance>
        </extensions>
      </trkpt>
      <trkpt lat="46.48263" lon="14.0976">
        <ele>1503</ele>
        <extensions>
          <distance>15800</distance>
        </extensions>
      </trkpt>
      <trkpt lat="46.48269" lon="14.09751">
        <ele>1499</ele>
        <extensions>
          <distance>15810</distance>
        </extensions>
      </trkpt>
      <trkpt lat="46.48278" lon="14.09751">
        <ele>1493</ele>
        <extensions>
          <distance>15822</distance>
        </extensions>
      </trkpt>
      <trkpt lat="46.48286" lon="14.09747">
        <ele>1489</ele>
        <extensions>
          <distance>15832</distance>
        </extensions>
      </trkpt>
      <trkpt lat="46.48295" lon="14.0973">
        <ele>1484</ele>
        <extensions>
          <distance>15849</distance>
        </extensions>
      </trkpt>
      <trkpt lat="46.48314" lon="14.09704">
        <ele>1477</ele>
        <extensions>
          <distance>15879</distance>
        </extensions>
      </trkpt>
      <trkpt lat="46.48323" lon="14.09689">
        <ele>1475</ele>
        <extensions>
          <distance>15895</distance>
        </extensions>
      </trkpt>
      <trkpt lat="46.4833" lon="14.0967175">
        <ele>1473</ele>
        <extensions>
          <distance>15910</distance>
        </extensions>
      </trkpt>
      <trkpt lat="46.48337" lon="14.096544999999999">
        <ele>1471</ele>
        <extensions>
          <distance>15926</distance>
        </extensions>
      </trkpt>
      <trkpt lat="46.48344" lon="14.0963725">
        <ele>1469</ele>
        <extensions>
          <distance>15941</distance>
        </extensions>
      </trkpt>
      <trkpt lat="46.48351" lon="14.0962">
        <ele>1467</ele>
        <extensions>
          <distance>15957</distance>
        </extensions>
      </trkpt>
      <trkpt lat="46.48365" lon="14.09595">
        <ele>1465</ele>
        <extensions>
          <distance>15982</distance>
        </extensions>
      </trkpt>
      <trkpt lat="46.48374" lon="14.09589">
        <ele>1463</ele>
        <extensions>
          <distance>15993</distance>
        </extensions>
      </trkpt>
      <trkpt lat="46.483819999999994" lon="14.095715">
        <ele>1461.5</ele>
        <extensions>
          <distance>16009</distance>
        </extensions>
      </trkpt>
      <trkpt lat="46.4839" lon="14.09554">
        <ele>1460</ele>
        <extensions>
          <distance>16025</distance>
        </extensions>
      </trkpt>
      <trkpt lat="46.48397" lon="14.09546">
        <ele>1459</ele>
        <extensions>
          <distance>16035</distance>
        </extensions>
      </trkpt>
      <trkpt lat="46.484105" lon="14.095365">
        <ele>1455</ele>
        <extensions>
          <distance>16052</distance>
        </extensions>
      </trkpt>
      <trkpt lat="46.48424" lon="14.09527">
        <ele>1451</ele>
        <extensions>
          <distance>16069</distance>
        </extensions>
      </trkpt>
      <trkpt lat="46.484375" lon="14.095105">
        <ele>1445.5</ele>
        <extensions>
          <distance>16090</distance>
        </extensions>
      </trkpt>
      <trkpt lat="46.48451" lon="14.09494">
        <ele>1445.5</ele>
        <extensions>
          <distance>16109</distance>
        </extensions>
      </trkpt>
      <trkpt lat="46.48457" lon="14.09478">
        <ele>1445.5</ele>
        <extensions>
          <distance>16123</distance>
        </extensions>
      </trkpt>
      <trkpt lat="46.484665" lon="14.094615000000001">
        <ele>1445.5</ele>
        <extensions>
          <distance>16140</distance>
        </extensions>
      </trkpt>
      <trkpt lat="46.48476" lon="14.09445">
        <ele>1449</ele>
        <extensions>
          <distance>16156</distance>
        </extensions>
      </trkpt>
      <trkpt lat="46.484845" lon="14.094155">
        <ele>1459</ele>
        <extensions>
          <distance>16183</distance>
        </extensions>
      </trkpt>
      <trkpt lat="46.48493" lon="14.09386">
        <ele>1469</ele>
        <extensions>
          <distance>16209</distance>
        </extensions>
      </trkpt>
      <trkpt lat="46.4849425" lon="14.093644999999999">
        <ele>1472.25</ele>
        <extensions>
          <distance>16226</distance>
        </extensions>
      </trkpt>
      <trkpt lat="46.484955" lon="14.09343">
        <ele>1475.5</ele>
        <extensions>
          <distance>16243</distance>
        </extensions>
      </trkpt>
      <trkpt lat="46.484967499999996" lon="14.093215">
        <ele>1478.75</ele>
        <extensions>
          <distance>16260</distance>
        </extensions>
      </trkpt>
      <trkpt lat="46.48498" lon="14.093">
        <ele>1481.25</ele>
        <extensions>
          <distance>16277</distance>
        </extensions>
      </trkpt>
      <trkpt lat="46.485020000000006" lon="14.09271">
        <ele>1481.25</ele>
        <extensions>
          <distance>16300</distance>
        </extensions>
      </trkpt>
      <trkpt lat="46.485060000000004" lon="14.09242">
        <ele>1481.5</ele>
        <extensions>
          <distance>16322</distance>
        </extensions>
      </trkpt>
      <trkpt lat="46.4851" lon="14.092130000000001">
        <ele>1481.75</ele>
        <extensions>
          <distance>16345</distance>
        </extensions>
      </trkpt>
      <trkpt lat="46.48514" lon="14.09184">
        <ele>1481.75</ele>
        <extensions>
          <distance>16368</distance>
        </extensions>
      </trkpt>
      <trkpt lat="46.485125" lon="14.091629999999999">
        <ele>1483</ele>
        <extensions>
          <distance>16384</distance>
        </extensions>
      </trkpt>
      <trkpt lat="46.48511" lon="14.09142">
        <ele>1485</ele>
        <extensions>
          <distance>16400</distance>
        </extensions>
      </trkpt>
      <trkpt lat="46.485060000000004" lon="14.091204999999999">
        <ele>1488</ele>
        <extensions>
          <distance>16418</distance>
        </extensions>
      </trkpt>
      <trkpt lat="46.48501" lon="14.09099">
        <ele>1490</ele>
        <extensions>
          <distance>16435</distance>
        </extensions>
      </trkpt>
      <trkpt lat="46.484899999999996" lon="14.09071">
        <ele>1490.5</ele>
        <extensions>
          <distance>16460</distance>
        </extensions>
      </trkpt>
      <trkpt lat="46.48479" lon="14.09043">
        <ele>1491</ele>
        <extensions>
          <distance>16485</distance>
        </extensions>
      </trkpt>
      <trkpt lat="46.4847675" lon="14.090225">
        <ele>1492.25</ele>
        <extensions>
          <distance>16501</distance>
        </extensions>
      </trkpt>
      <trkpt lat="46.484745" lon="14.090019999999999">
        <ele>1494.5</ele>
        <extensions>
          <distance>16517</distance>
        </extensions>
      </trkpt>
      <trkpt lat="46.4847225" lon="14.089815">
        <ele>1496.75</ele>
        <extensions>
          <distance>16533</distance>
        </extensions>
      </trkpt>
      <trkpt lat="46.4847" lon="14.08961">
        <ele>1496.75</ele>
        <extensions>
          <distance>16549</distance>
        </extensions>
      </trkpt>
      <trkpt lat="46.48460374999999" lon="14.089322500000002">
        <ele>1496.75</ele>
        <extensions>
          <distance>16573</distance>
        </extensions>
      </trkpt>
      <trkpt lat="46.48450749999999" lon="14.089035">
        <ele>1496.75</ele>
        <extensions>
          <distance>16598</distance>
        </extensions>
      </trkpt>
      <trkpt lat="46.484411249999994" lon="14.0887475">
        <ele>1496</ele>
        <extensions>
          <distance>16622</distance>
        </extensions>
      </trkpt>
      <trkpt lat="46.484314999999995" lon="14.088460000000001">
        <ele>1495</ele>
        <extensions>
          <distance>16647</distance>
        </extensions>
      </trkpt>
      <trkpt lat="46.48421875" lon="14.0881725">
        <ele>1494</ele>
        <extensions>
          <distance>16672</distance>
        </extensions>
      </trkpt>
      <trkpt lat="46.4841225" lon="14.087885">
        <ele>1493</ele>
        <extensions>
          <distance>16696</distance>
        </extensions>
      </trkpt>
      <trkpt lat="46.48402625" lon="14.087597500000001">
        <ele>1493</ele>
        <extensions>
          <distance>16721</distance>
        </extensions>
      </trkpt>
      <trkpt lat="46.48393" lon="14.08731">
        <ele>1492.875</ele>
        <extensions>
          <distance>16745</distance>
        </extensions>
      </trkpt>
      <trkpt lat="46.48393" lon="14.08713">
        <ele>1492</ele>
        <extensions>
          <distance>16759</distance>
        </extensions>
      </trkpt>
      <trkpt lat="46.48403" lon="14.0869">
        <ele>1492</ele>
        <extensions>
          <distance>16780</distance>
        </extensions>
      </trkpt>
      <trkpt lat="46.484245" lon="14.08682375">
        <ele>1491.75</ele>
        <extensions>
          <distance>16804</distance>
        </extensions>
      </trkpt>
      <trkpt lat="46.48446" lon="14.0867475">
        <ele>1491.75</ele>
        <extensions>
          <distance>16829</distance>
        </extensions>
      </trkpt>
      <trkpt lat="46.484674999999996" lon="14.086671249999998">
        <ele>1490.625</ele>
        <extensions>
          <distance>16854</distance>
        </extensions>
      </trkpt>
      <trkpt lat="46.48489" lon="14.086594999999999">
        <ele>1489.5</ele>
        <extensions>
          <distance>16878</distance>
        </extensions>
      </trkpt>
      <trkpt lat="46.485105000000004" lon="14.08651875">
        <ele>1488.375</ele>
        <extensions>
          <distance>16903</distance>
        </extensions>
      </trkpt>
      <trkpt lat="46.48532" lon="14.0864425">
        <ele>1487.25</ele>
        <extensions>
          <distance>16928</distance>
        </extensions>
      </trkpt>
      <trkpt lat="46.485535" lon="14.086366250000001">
        <ele>1486.125</ele>
        <extensions>
          <distance>16952</distance>
        </extensions>
      </trkpt>
      <trkpt lat="46.48575" lon="14.08629">
        <ele>1485</ele>
        <extensions>
          <distance>16977</distance>
        </extensions>
      </trkpt>
      <trkpt lat="46.48591" lon="14.0861">
        <ele>1482</ele>
        <extensions>
          <distance>17000</distance>
        </extensions>
      </trkpt>
      <trkpt lat="46.48603" lon="14.08584">
        <ele>1478</ele>
        <extensions>
          <distance>17024</distance>
        </extensions>
      </trkpt>
      <trkpt lat="46.48603" lon="14.08556">
        <ele>1475.5</ele>
        <extensions>
          <distance>17046</distance>
        </extensions>
      </trkpt>
      <trkpt lat="46.48603" lon="14.08528">
        <ele>1473</ele>
        <extensions>
          <distance>17068</distance>
        </extensions>
      </trkpt>
      <trkpt lat="46.4859475" lon="14.08491">
        <ele>1472.5</ele>
        <extensions>
          <distance>17098</distance>
        </extensions>
      </trkpt>
      <trkpt lat="46.485865000000004" lon="14.08454">
        <ele>1472</ele>
        <extensions>
          <distance>17127</distance>
        </extensions>
      </trkpt>
      <trkpt lat="46.4857825" lon="14.08417">
        <ele>1471.5</ele>
        <extensions>
          <distance>17157</distance>
        </extensions>
      </trkpt>
      <trkpt lat="46.4857" lon="14.0838">
        <ele>1471</ele>
        <extensions>
          <distance>17187</distance>
        </extensions>
      </trkpt>
      <trkpt lat="46.485685000000004" lon="14.08353">
        <ele>1469.5</ele>
        <extensions>
          <distance>17208</distance>
        </extensions>
      </trkpt>
      <trkpt lat="46.48567" lon="14.08326">
        <ele>1468</ele>
        <extensions>
          <distance>17229</distance>
        </extensions>
      </trkpt>
      <trkpt lat="46.4858" lon="14.082985">
        <ele>1465.5</ele>
        <extensions>
          <distance>17255</distance>
        </extensions>
      </trkpt>
      <trkpt lat="46.48593" lon="14.08271">
        <ele>1463</ele>
        <extensions>
          <distance>17280</distance>
        </extensions>
      </trkpt>
      <trkpt lat="46.48601500000001" lon="14.08243625">
        <ele>1459.25</ele>
        <extensions>
          <distance>17304</distance>
        </extensions>
      </trkpt>
      <trkpt lat="46.48610000000001" lon="14.082162499999999">
        <ele>1455.5</ele>
        <extensions>
          <distance>17327</distance>
        </extensions>
      </trkpt>
      <trkpt lat="46.486185000000006" lon="14.08188875">
        <ele>1451.75</ele>
        <extensions>
          <distance>17350</distance>
        </extensions>
      </trkpt>
      <trkpt lat="46.486270000000005" lon="14.081615">
        <ele>1448</ele>
        <extensions>
          <distance>17374</distance>
        </extensions>
      </trkpt>
      <trkpt lat="46.486355" lon="14.08134125">
        <ele>1444.25</ele>
        <extensions>
          <distance>17397</distance>
        </extensions>
      </trkpt>
      <trkpt lat="46.48644" lon="14.0810675">
        <ele>1440.5</ele>
        <extensions>
          <distance>17420</distance>
        </extensions>
      </trkpt>
      <trkpt lat="46.486525" lon="14.08079375">
        <ele>1436.75</ele>
        <extensions>
          <distance>17444</distance>
        </extensions>
      </trkpt>
      <trkpt lat="46.48661" lon="14.08052">
        <ele>1434</ele>
        <extensions>
          <distance>17467</distance>
        </extensions>
      </trkpt>
      <trkpt lat="46.48655" lon="14.08043">
        <ele>1434</ele>
        <extensions>
          <distance>17476</distance>
        </extensions>
      </trkpt>
      <trkpt lat="46.48661" lon="14.08026">
        <ele>1434</ele>
        <extensions>
          <distance>17491</distance>
        </extensions>
      </trkpt>
      <trkpt lat="46.4866" lon="14.08009">
        <ele>1433</ele>
        <extensions>
          <distance>17504</distance>
        </extensions>
      </trkpt>
      <trkpt lat="46.48669" lon="14.08019">
        <ele>1434</ele>
        <extensions>
          <distance>17517</distance>
        </extensions>
      </trkpt>
      <trkpt lat="46.48674" lon="14.08021">
        <ele>1434</ele>
        <extensions>
          <distance>17523</distance>
        </extensions>
      </trkpt>
      <trkpt lat="46.4868" lon="14.08004">
        <ele>1434</ele>
        <extensions>
          <distance>17537</distance>
        </extensions>
      </trkpt>
      <trkpt lat="46.48682" lon="14.0798">
        <ele>1435</ele>
        <extensions>
          <distance>17556</distance>
        </extensions>
      </trkpt>
      <trkpt lat="46.48681" lon="14.07973">
        <ele>1437</ele>
        <extensions>
          <distance>17561</distance>
        </extensions>
      </trkpt>
      <trkpt lat="46.48683" lon="14.07968">
        <ele>1437</ele>
        <extensions>
          <distance>17566</distance>
        </extensions>
      </trkpt>
      <trkpt lat="46.48683" lon="14.07959">
        <ele>1439</ele>
        <extensions>
          <distance>17573</distance>
        </extensions>
      </trkpt>
      <trkpt lat="46.48681" lon="14.07944">
        <ele>1443</ele>
        <extensions>
          <distance>17585</distance>
        </extensions>
      </trkpt>
      <trkpt lat="46.48679" lon="14.07942">
        <ele>1444</ele>
        <extensions>
          <distance>17588</distance>
        </extensions>
      </trkpt>
      <trkpt lat="46.48675" lon="14.07931">
        <ele>1448</ele>
        <extensions>
          <distance>17599</distance>
        </extensions>
      </trkpt>
      <trkpt lat="46.48671" lon="14.07897">
        <ele>1457</ele>
        <extensions>
          <distance>17626</distance>
        </extensions>
      </trkpt>
      <trkpt lat="46.48668" lon="14.07885">
        <ele>1460</ele>
        <extensions>
          <distance>17637</distance>
        </extensions>
      </trkpt>
      <trkpt lat="46.48669" lon="14.07874">
        <ele>1462</ele>
        <extensions>
          <distance>17645</distance>
        </extensions>
      </trkpt>
      <trkpt lat="46.48666" lon="14.07865">
        <ele>1465</ele>
        <extensions>
          <distance>17654</distance>
        </extensions>
      </trkpt>
      <trkpt lat="46.48667" lon="14.07859">
        <ele>1466</ele>
        <extensions>
          <distance>17658</distance>
        </extensions>
      </trkpt>
      <trkpt lat="46.48663" lon="14.0784">
        <ele>1469.5</ele>
        <extensions>
          <distance>17674</distance>
        </extensions>
      </trkpt>
      <trkpt lat="46.48659" lon="14.07821">
        <ele>1473</ele>
        <extensions>
          <distance>17690</distance>
        </extensions>
      </trkpt>
      <trkpt lat="46.48661" lon="14.07807">
        <ele>1477</ele>
        <extensions>
          <distance>17702</distance>
        </extensions>
      </trkpt>
      <trkpt lat="46.48661" lon="14.07793">
        <ele>1481</ele>
        <extensions>
          <distance>17713</distance>
        </extensions>
      </trkpt>
      <trkpt lat="46.48663" lon="14.07769">
        <ele>1488</ele>
        <extensions>
          <distance>17733</distance>
        </extensions>
      </trkpt>
      <trkpt lat="46.486655" lon="14.077490000000001">
        <ele>1493.5</ele>
        <extensions>
          <distance>17749</distance>
        </extensions>
      </trkpt>
      <trkpt lat="46.48668" lon="14.07729">
        <ele>1499</ele>
        <extensions>
          <distance>17766</distance>
        </extensions>
      </trkpt>
      <trkpt lat="46.486689999999996" lon="14.076989999999999">
        <ele>1507.5</ele>
        <extensions>
          <distance>17791</distance>
        </extensions>
      </trkpt>
      <trkpt lat="46.4867" lon="14.07669">
        <ele>1516</ele>
        <extensions>
          <distance>17815</distance>
        </extensions>
      </trkpt>
      <trkpt lat="46.48674" lon="14.07666">
        <ele>1516</ele>
        <extensions>
          <distance>17820</distance>
        </extensions>
      </trkpt>
      <trkpt lat="46.48675" lon="14.07655">
        <ele>1518</ele>
        <extensions>
          <distance>17829</distance>
        </extensions>
      </trkpt>
      <trkpt lat="46.48679" lon="14.07654">
        <ele>1519</ele>
        <extensions>
          <distance>17833</distance>
        </extensions>
      </trkpt>
      <trkpt lat="46.4868" lon="14.0765">
        <ele>1519</ele>
        <extensions>
          <distance>17837</distance>
        </extensions>
      </trkpt>
      <trkpt lat="46.486832500000006" lon="14.076284999999999">
        <ele>1525</ele>
        <extensions>
          <distance>17854</distance>
        </extensions>
      </trkpt>
      <trkpt lat="46.486865" lon="14.07607">
        <ele>1531</ele>
        <extensions>
          <distance>17872</distance>
        </extensions>
      </trkpt>
      <trkpt lat="46.4868975" lon="14.075855">
        <ele>1537</ele>
        <extensions>
          <distance>17890</distance>
        </extensions>
      </trkpt>
      <trkpt lat="46.48693" lon="14.07564">
        <ele>1543</ele>
        <extensions>
          <distance>17908</distance>
        </extensions>
      </trkpt>
      <trkpt lat="46.48694" lon="14.07541">
        <ele>1549</ele>
        <extensions>
          <distance>17927</distance>
        </extensions>
      </trkpt>
      <trkpt lat="46.48696" lon="14.07535">
        <ele>1551</ele>
        <extensions>
          <distance>17932</distance>
        </extensions>
      </trkpt>
      <trkpt lat="46.48696" lon="14.07527">
        <ele>1553</ele>
        <extensions>
          <distance>17939</distance>
        </extensions>
      </trkpt>
      <trkpt lat="46.48702" lon="14.07522">
        <ele>1554</ele>
        <extensions>
          <distance>17947</distance>
        </extensions>
      </trkpt>
      <trkpt lat="46.48701" lon="14.0751">
        <ele>1558</ele>
        <extensions>
          <distance>17957</distance>
        </extensions>
      </trkpt>
      <trkpt lat="46.48704" lon="14.07494">
        <ele>1562</ele>
        <extensions>
          <distance>17970</distance>
        </extensions>
      </trkpt>
      <trkpt lat="46.48699" lon="14.07472">
        <ele>1569</ele>
        <extensions>
          <distance>17989</distance>
        </extensions>
      </trkpt>
      <trkpt lat="46.487" lon="14.0746">
        <ele>1573</ele>
        <extensions>
          <distance>17999</distance>
        </extensions>
      </trkpt>
      <trkpt lat="46.48699" lon="14.07425">
        <ele>1583</ele>
        <extensions>
          <distance>18028</distance>
        </extensions>
      </trkpt>
      <trkpt lat="46.48696" lon="14.07404">
        <ele>1589</ele>
        <extensions>
          <distance>18045</distance>
        </extensions>
      </trkpt>
      <trkpt lat="46.48698" lon="14.07393">
        <ele>1591</ele>
        <extensions>
          <distance>18054</distance>
        </extensions>
      </trkpt>
      <trkpt lat="46.48695" lon="14.07375">
        <ele>1595</ele>
        <extensions>
          <distance>18069</distance>
        </extensions>
      </trkpt>
      <trkpt lat="46.486959999999996" lon="14.073525">
        <ele>1599.5</ele>
        <extensions>
          <distance>18087</distance>
        </extensions>
      </trkpt>
      <trkpt lat="46.48697" lon="14.0733">
        <ele>1603</ele>
        <extensions>
          <distance>18105</distance>
        </extensions>
      </trkpt>
      <trkpt lat="46.48696" lon="14.07305">
        <ele>1603</ele>
        <extensions>
          <distance>18124</distance>
        </extensions>
      </trkpt>
      <trkpt lat="46.48698" lon="14.07296">
        <ele>1603</ele>
        <extensions>
          <distance>18131</distance>
        </extensions>
      </trkpt>
      <trkpt lat="46.487" lon="14.072735">
        <ele>1603</ele>
        <extensions>
          <distance>18149</distance>
        </extensions>
      </trkpt>
      <trkpt lat="46.48702" lon="14.07251">
        <ele>1603</ele>
        <extensions>
          <distance>18166</distance>
        </extensions>
      </trkpt>
      <trkpt lat="46.487025" lon="14.072254999999998">
        <ele>1600</ele>
        <extensions>
          <distance>18186</distance>
        </extensions>
      </trkpt>
      <trkpt lat="46.48703" lon="14.072">
        <ele>1597</ele>
        <extensions>
          <distance>18205</distance>
        </extensions>
      </trkpt>
      <trkpt lat="46.4870725" lon="14.071724999999999">
        <ele>1596.5</ele>
        <extensions>
          <distance>18227</distance>
        </extensions>
      </trkpt>
      <trkpt lat="46.487115" lon="14.071449999999999">
        <ele>1596.5</ele>
        <extensions>
          <distance>18249</distance>
        </extensions>
      </trkpt>
      <trkpt lat="46.4871575" lon="14.071175">
        <ele>1596.5</ele>
        <extensions>
          <distance>18270</distance>
        </extensions>
      </trkpt>
      <trkpt lat="46.4872" lon="14.0709">
        <ele>1596.5</ele>
        <extensions>
          <distance>18292</distance>
        </extensions>
      </trkpt>
      <trkpt lat="46.4872" lon="14.07067">
        <ele>1598</ele>
        <extensions>
          <distance>18310</distance>
        </extensions>
      </trkpt>
      <trkpt lat="46.48724" lon="14.07032">
        <ele>1604</ele>
        <extensions>
          <distance>18337</distance>
        </extensions>
      </trkpt>
      <trkpt lat="46.487295" lon="14.07">
        <ele>1611.5</ele>
        <extensions>
          <distance>18363</distance>
        </extensions>
      </trkpt>
      <trkpt lat="46.48735" lon="14.06968">
        <ele>1619</ele>
        <extensions>
          <distance>18390</distance>
        </extensions>
      </trkpt>
      <trkpt lat="46.48741" lon="14.0695">
        <ele>1632</ele>
        <extensions>
          <distance>18410</distance>
        </extensions>
      </trkpt>
      <trkpt lat="46.48747" lon="14.06927">
        <ele>1635</ele>
        <extensions>
          <distance>18429</distance>
        </extensions>
      </trkpt>
      <trkpt lat="46.48752" lon="14.0692">
        <ele>1635</ele>
        <extensions>
          <distance>18437</distance>
        </extensions>
      </trkpt>
      <trkpt lat="46.48755" lon="14.06911">
        <ele>1636</ele>
        <extensions>
          <distance>18444</distance>
        </extensions>
      </trkpt>
      <trkpt lat="46.4876275" lon="14.068855">
        <ele>1641.5</ele>
        <extensions>
          <distance>18466</distance>
        </extensions>
      </trkpt>
      <trkpt lat="46.487705" lon="14.0686">
        <ele>1647</ele>
        <extensions>
          <distance>18489</distance>
        </extensions>
      </trkpt>
      <trkpt lat="46.487782499999994" lon="14.068345">
        <ele>1652.5</ele>
        <extensions>
          <distance>18511</distance>
        </extensions>
      </trkpt>
      <trkpt lat="46.48786" lon="14.06809">
        <ele>1658</ele>
        <extensions>
          <distance>18533</distance>
        </extensions>
      </trkpt>
      <trkpt lat="46.487975" lon="14.06786">
        <ele>1668.5</ele>
        <extensions>
          <distance>18557</distance>
        </extensions>
      </trkpt>
      <trkpt lat="46.48809" lon="14.06763">
        <ele>1679</ele>
        <extensions>
          <distance>18581</distance>
        </extensions>
      </trkpt>
      <trkpt lat="46.48815" lon="14.06744">
        <ele>1688</ele>
        <extensions>
          <distance>18599</distance>
        </extensions>
      </trkpt>
      <trkpt lat="46.48819" lon="14.06711">
        <ele>1698</ele>
        <extensions>
          <distance>18627</distance>
        </extensions>
      </trkpt>
      <trkpt lat="46.48827" lon="14.06684">
        <ele>1709</ele>
        <extensions>
          <distance>18652</distance>
        </extensions>
      </trkpt>
      <trkpt lat="46.48841" lon="14.06665">
        <ele>1717</ele>
        <extensions>
          <distance>18675</distance>
        </extensions>
      </trkpt>
      <trkpt lat="46.4885025" lon="14.0664725">
        <ele>1719.5</ele>
        <extensions>
          <distance>18692</distance>
        </extensions>
      </trkpt>
      <trkpt lat="46.488595000000004" lon="14.066295">
        <ele>1722</ele>
        <extensions>
          <distance>18709</distance>
        </extensions>
      </trkpt>
      <trkpt lat="46.4886875" lon="14.0661175">
        <ele>1724.5</ele>
        <extensions>
          <distance>18727</distance>
        </extensions>
      </trkpt>
      <trkpt lat="46.48878" lon="14.06594">
        <ele>1727</ele>
        <extensions>
          <distance>18744</distance>
        </extensions>
      </trkpt>
      <trkpt lat="46.48884" lon="14.0658">
        <ele>1732</ele>
        <extensions>
          <distance>18758</distance>
        </extensions>
      </trkpt>
      <trkpt lat="46.4889" lon="14.06558">
        <ele>1736</ele>
        <extensions>
          <distance>18776</distance>
        </extensions>
      </trkpt>
      <trkpt lat="46.48896" lon="14.06536">
        <ele>1740</ele>
        <extensions>
          <distance>18795</distance>
        </extensions>
      </trkpt>
      <trkpt lat="46.48905" lon="14.06517">
        <ele>1746</ele>
        <extensions>
          <distance>18813</distance>
        </extensions>
      </trkpt>
      <trkpt lat="46.48912" lon="14.0649">
        <ele>1751</ele>
        <extensions>
          <distance>18836</distance>
        </extensions>
      </trkpt>
      <trkpt lat="46.48913" lon="14.06469">
        <ele>1752</ele>
        <extensions>
          <distance>18852</distance>
        </extensions>
      </trkpt>
      <trkpt lat="46.48911" lon="14.064475000000002">
        <ele>1752</ele>
        <extensions>
          <distance>18869</distance>
        </extensions>
      </trkpt>
      <trkpt lat="46.48909" lon="14.06426">
        <ele>1752</ele>
        <extensions>
          <distance>18886</distance>
        </extensions>
      </trkpt>
      <trkpt lat="46.4891" lon="14.06416">
        <ele>1752</ele>
        <extensions>
          <distance>18893</distance>
        </extensions>
      </trkpt>
      <trkpt lat="46.48913" lon="14.06405">
        <ele>1752</ele>
        <extensions>
          <distance>18902</distance>
        </extensions>
      </trkpt>
      <trkpt lat="46.48914" lon="14.06382">
        <ele>1752</ele>
        <extensions>
          <distance>18920</distance>
        </extensions>
      </trkpt>
      <trkpt lat="46.48918" lon="14.06361">
        <ele>1751</ele>
        <extensions>
          <distance>18937</distance>
        </extensions>
      </trkpt>
      <trkpt lat="46.489239999999995" lon="14.063369999999999">
        <ele>1745.5</ele>
        <extensions>
          <distance>18957</distance>
        </extensions>
      </trkpt>
      <trkpt lat="46.4893" lon="14.06313">
        <ele>1740</ele>
        <extensions>
          <distance>18977</distance>
        </extensions>
      </trkpt>
      <trkpt lat="46.48931" lon="14.06303">
        <ele>1736</ele>
        <extensions>
          <distance>18986</distance>
        </extensions>
      </trkpt>
      <trkpt lat="46.48936" lon="14.06286">
        <ele>1731</ele>
        <extensions>
          <distance>19001</distance>
        </extensions>
      </trkpt>
      <trkpt lat="46.48949" lon="14.06256">
        <ele>1724</ele>
        <extensions>
          <distance>19029</distance>
        </extensions>
      </trkpt>
      <trkpt lat="46.48956" lon="14.06244">
        <ele>1723</ele>
        <extensions>
          <distance>19041</distance>
        </extensions>
      </trkpt>
      <trkpt lat="46.48968" lon="14.06228">
        <ele>1723</ele>
        <extensions>
          <distance>19059</distance>
        </extensions>
      </trkpt>
      <trkpt lat="46.4898" lon="14.06206">
        <ele>1723</ele>
        <extensions>
          <distance>19081</distance>
        </extensions>
      </trkpt>
      <trkpt lat="46.48987" lon="14.06175">
        <ele>1723</ele>
        <extensions>
          <distance>19106</distance>
        </extensions>
      </trkpt>
      <trkpt lat="46.48988" lon="14.06152">
        <ele>1724</ele>
        <extensions>
          <distance>19123</distance>
        </extensions>
      </trkpt>
      <trkpt lat="46.48984" lon="14.06135">
        <ele>1725</ele>
        <extensions>
          <distance>19137</distance>
        </extensions>
      </trkpt>
      <trkpt lat="46.489810000000006" lon="14.061025">
        <ele>1729</ele>
        <extensions>
          <distance>19162</distance>
        </extensions>
      </trkpt>
      <trkpt lat="46.48978" lon="14.0607">
        <ele>1733</ele>
        <extensions>
          <distance>19188</distance>
        </extensions>
      </trkpt>
      <trkpt lat="46.4898" lon="14.06035">
        <ele>1739</ele>
        <extensions>
          <distance>19215</distance>
        </extensions>
      </trkpt>
      <trkpt lat="46.48975" lon="14.06005">
        <ele>1743</ele>
        <extensions>
          <distance>19239</distance>
        </extensions>
      </trkpt>
      <trkpt lat="46.48975" lon="14.05972">
        <ele>1744</ele>
        <extensions>
          <distance>19265</distance>
        </extensions>
      </trkpt>
      <trkpt lat="46.48979" lon="14.05945">
        <ele>1747</ele>
        <extensions>
          <distance>19286</distance>
        </extensions>
      </trkpt>
      <trkpt lat="46.48988" lon="14.05919">
        <ele>1751</ele>
        <extensions>
          <distance>19309</distance>
        </extensions>
      </trkpt>
      <trkpt lat="46.48992" lon="14.0589">
        <ele>1751</ele>
        <extensions>
          <distance>19332</distance>
        </extensions>
      </trkpt>
      <trkpt lat="46.48992" lon="14.05858">
        <ele>1752</ele>
        <extensions>
          <distance>19356</distance>
        </extensions>
      </trkpt>
      <trkpt lat="46.49" lon="14.05827">
        <ele>1753</ele>
        <extensions>
          <distance>19382</distance>
        </extensions>
      </trkpt>
      <trkpt lat="46.49004" lon="14.05824">
        <ele>1753.5</ele>
        <extensions>
          <distance>19387</distance>
        </extensions>
      </trkpt>
      <trkpt lat="46.49007" lon="14.05817">
        <ele>1754</ele>
        <extensions>
          <distance>19393</distance>
        </extensions>
      </trkpt>
      <trkpt lat="46.49022" lon="14.058">
        <ele>1754</ele>
        <extensions>
          <distance>19414</distance>
        </extensions>
      </trkpt>
      <trkpt lat="46.49037" lon="14.05783">
        <ele>1754</ele>
        <extensions>
          <distance>19435</distance>
        </extensions>
      </trkpt>
      <trkpt lat="46.49051" lon="14.05758">
        <ele>1759</ele>
        <extensions>
          <distance>19460</distance>
        </extensions>
      </trkpt>
      <trkpt lat="46.490615000000005" lon="14.05735">
        <ele>1765</ele>
        <extensions>
          <distance>19482</distance>
        </extensions>
      </trkpt>
      <trkpt lat="46.49072" lon="14.05712">
        <ele>1771</ele>
        <extensions>
          <distance>19504</distance>
        </extensions>
      </trkpt>
      <trkpt lat="46.490767500000004" lon="14.0569075">
        <ele>1774.25</ele>
        <extensions>
          <distance>19522</distance>
        </extensions>
      </trkpt>
      <trkpt lat="46.490815" lon="14.056695">
        <ele>1777.5</ele>
        <extensions>
          <distance>19539</distance>
        </extensions>
      </trkpt>
      <trkpt lat="46.4908625" lon="14.0564825">
        <ele>1780.75</ele>
        <extensions>
          <distance>19557</distance>
        </extensions>
      </trkpt>
      <trkpt lat="46.49091" lon="14.05627">
        <ele>1784</ele>
        <extensions>
          <distance>19574</distance>
        </extensions>
      </trkpt>
      <trkpt lat="46.49096" lon="14.056014999999999">
        <ele>1785.5</ele>
        <extensions>
          <distance>19594</distance>
        </extensions>
      </trkpt>
      <trkpt lat="46.49101" lon="14.05576">
        <ele>1787</ele>
        <extensions>
          <distance>19615</distance>
        </extensions>
      </trkpt>
      <trkpt lat="46.49104" lon="14.055567499999999">
        <ele>1789.5</ele>
        <extensions>
          <distance>19630</distance>
        </extensions>
      </trkpt>
      <trkpt lat="46.49107" lon="14.055375">
        <ele>1792</ele>
        <extensions>
          <distance>19646</distance>
        </extensions>
      </trkpt>
      <trkpt lat="46.4911" lon="14.0551825">
        <ele>1794.5</ele>
        <extensions>
          <distance>19661</distance>
        </extensions>
      </trkpt>
      <trkpt lat="46.49113" lon="14.05499">
        <ele>1797</ele>
        <extensions>
          <distance>19676</distance>
        </extensions>
      </trkpt>
      <trkpt lat="46.49119" lon="14.05488">
        <ele>1798</ele>
        <extensions>
          <distance>19687</distance>
        </extensions>
      </trkpt>
      <trkpt lat="46.49129" lon="14.05476">
        <ele>1802</ele>
        <extensions>
          <distance>19702</distance>
        </extensions>
      </trkpt>
      <trkpt lat="46.49144" lon="14.05461">
        <ele>1805.5</ele>
        <extensions>
          <distance>19722</distance>
        </extensions>
      </trkpt>
      <trkpt lat="46.491415" lon="14.054285">
        <ele>1809</ele>
        <extensions>
          <distance>19748</distance>
        </extensions>
      </trkpt>
      <trkpt lat="46.49139" lon="14.05396">
        <ele>1810</ele>
        <extensions>
          <distance>19773</distance>
        </extensions>
      </trkpt>
      <trkpt lat="46.4914625" lon="14.0537375">
        <ele>1810</ele>
        <extensions>
          <distance>19792</distance>
        </extensions>
      </trkpt>
      <trkpt lat="46.491535" lon="14.053515">
        <ele>1811</ele>
        <extensions>
          <distance>19811</distance>
        </extensions>
      </trkpt>
      <trkpt lat="46.4916075" lon="14.053292500000001">
        <ele>1812</ele>
        <extensions>
          <distance>19830</distance>
        </extensions>
      </trkpt>
      <trkpt lat="46.49168" lon="14.05307">
        <ele>1813</ele>
        <extensions>
          <distance>19849</distance>
        </extensions>
      </trkpt>
      <trkpt lat="46.49178875" lon="14.0529075">
        <ele>1813</ele>
        <extensions>
          <distance>19866</distance>
        </extensions>
      </trkpt>
      <trkpt lat="46.4918975" lon="14.052745">
        <ele>1813</ele>
        <extensions>
          <distance>19883</distance>
        </extensions>
      </trkpt>
      <trkpt lat="46.49200625" lon="14.0525825">
        <ele>1813</ele>
        <extensions>
          <distance>19901</distance>
        </extensions>
      </trkpt>
      <trkpt lat="46.492115" lon="14.05242">
        <ele>1813</ele>
        <extensions>
          <distance>19918</distance>
        </extensions>
      </trkpt>
      <trkpt lat="46.49222375" lon="14.0522575">
        <ele>1811</ele>
        <extensions>
          <distance>19935</distance>
        </extensions>
      </trkpt>
      <trkpt lat="46.4923325" lon="14.052095">
        <ele>1807</ele>
        <extensions>
          <distance>19953</distance>
        </extensions>
      </trkpt>
      <trkpt lat="46.49244125" lon="14.0519325">
        <ele>1805</ele>
        <extensions>
          <distance>19971</distance>
        </extensions>
      </trkpt>
      <trkpt lat="46.49255" lon="14.05177">
        <ele>1802</ele>
        <extensions>
          <distance>19988</distance>
        </extensions>
      </trkpt>
      <trkpt lat="46.49272" lon="14.05166">
        <ele>1788</ele>
        <extensions>
          <distance>20013</distance>
        </extensions>
      </trkpt>
      <trkpt lat="46.492684999999994" lon="14.051457500000001">
        <ele>1784.75</ele>
        <extensions>
          <distance>20030</distance>
        </extensions>
      </trkpt>
      <trkpt lat="46.49265" lon="14.051255000000001">
        <ele>1781.5</ele>
        <extensions>
          <distance>20046</distance>
        </extensions>
      </trkpt>
      <trkpt lat="46.492615" lon="14.0510525">
        <ele>1778.25</ele>
        <extensions>
          <distance>20062</distance>
        </extensions>
      </trkpt>
      <trkpt lat="46.49258" lon="14.05085">
        <ele>1775</ele>
        <extensions>
          <distance>20079</distance>
        </extensions>
      </trkpt>
      <trkpt lat="46.49261" lon="14.05056">
        <ele>1764</ele>
        <extensions>
          <distance>20104</distance>
        </extensions>
      </trkpt>
      <trkpt lat="46.49266" lon="14.050355">
        <ele>1755.5</ele>
        <extensions>
          <distance>20123</distance>
        </extensions>
      </trkpt>
      <trkpt lat="46.49271" lon="14.05015">
        <ele>1747</ele>
        <extensions>
          <distance>20141</distance>
        </extensions>
      </trkpt>
      <trkpt lat="46.49275" lon="14.04992">
        <ele>1738</ele>
        <extensions>
          <distance>20162</distance>
        </extensions>
      </trkpt>
      <trkpt lat="46.49269" lon="14.04972">
        <ele>1735</ele>
        <extensions>
          <distance>20179</distance>
        </extensions>
      </trkpt>
      <trkpt lat="46.49268000000001" lon="14.04947375">
        <ele>1729.25</ele>
        <extensions>
          <distance>20198</distance>
        </extensions>
      </trkpt>
      <trkpt lat="46.492670000000004" lon="14.0492275">
        <ele>1723.5</ele>
        <extensions>
          <distance>20218</distance>
        </extensions>
      </trkpt>
      <trkpt lat="46.49266" lon="14.04898125">
        <ele>1717.75</ele>
        <extensions>
          <distance>20238</distance>
        </extensions>
      </trkpt>
      <trkpt lat="46.49265" lon="14.048735">
        <ele>1712</ele>
        <extensions>
          <distance>20258</distance>
        </extensions>
      </trkpt>
      <trkpt lat="46.492639999999994" lon="14.04848875">
        <ele>1706.25</ele>
        <extensions>
          <distance>20278</distance>
        </extensions>
      </trkpt>
      <trkpt lat="46.49263" lon="14.0482425">
        <ele>1700.5</ele>
        <extensions>
          <distance>20297</distance>
        </extensions>
      </trkpt>
      <trkpt lat="46.49262" lon="14.04799625">
        <ele>1694.75</ele>
        <extensions>
          <distance>20317</distance>
        </extensions>
      </trkpt>
      <trkpt lat="46.49261" lon="14.04775">
        <ele>1689</ele>
        <extensions>
          <distance>20337</distance>
        </extensions>
      </trkpt>
      <trkpt lat="46.492635" lon="14.04749">
        <ele>1682</ele>
        <extensions>
          <distance>20358</distance>
        </extensions>
      </trkpt>
      <trkpt lat="46.49266" lon="14.04723">
        <ele>1675</ele>
        <extensions>
          <distance>20380</distance>
        </extensions>
      </trkpt>
      <trkpt lat="46.49265" lon="14.046895">
        <ele>1667.5</ele>
        <extensions>
          <distance>20406</distance>
        </extensions>
      </trkpt>
      <trkpt lat="46.49264" lon="14.04656">
        <ele>1660</ele>
        <extensions>
          <distance>20433</distance>
        </extensions>
      </trkpt>
      <trkpt lat="46.49252" lon="14.04629">
        <ele>1660</ele>
        <extensions>
          <distance>20458</distance>
        </extensions>
      </trkpt>
      <trkpt lat="46.4925" lon="14.0460675">
        <ele>1655</ele>
        <extensions>
          <distance>20475</distance>
        </extensions>
      </trkpt>
      <trkpt lat="46.49248" lon="14.045845">
        <ele>1650</ele>
        <extensions>
          <distance>20493</distance>
        </extensions>
      </trkpt>
      <trkpt lat="46.49246" lon="14.0456225">
        <ele>1645</ele>
        <extensions>
          <distance>20511</distance>
        </extensions>
      </trkpt>
      <trkpt lat="46.49244" lon="14.0454">
        <ele>1640</ele>
        <extensions>
          <distance>20529</distance>
        </extensions>
      </trkpt>
      <trkpt lat="46.49235" lon="14.04506">
        <ele>1631</ele>
        <extensions>
          <distance>20559</distance>
        </extensions>
      </trkpt>
      <trkpt lat="46.49241" lon="14.04475">
        <ele>1628</ele>
        <extensions>
          <distance>20584</distance>
        </extensions>
      </trkpt>
      <trkpt lat="46.492495" lon="14.044450000000001">
        <ele>1623</ele>
        <extensions>
          <distance>20609</distance>
        </extensions>
      </trkpt>
      <trkpt lat="46.49258" lon="14.04415">
        <ele>1618</ele>
        <extensions>
          <distance>20634</distance>
        </extensions>
      </trkpt>
      <trkpt lat="46.49254" lon="14.0439">
        <ele>1617</ele>
        <extensions>
          <distance>20654</distance>
        </extensions>
      </trkpt>
      <trkpt lat="46.49255" lon="14.04367">
        <ele>1614</ele>
        <extensions>
          <distance>20672</distance>
        </extensions>
      </trkpt>
      <trkpt lat="46.492595" lon="14.043405">
        <ele>1608</ele>
        <extensions>
          <distance>20694</distance>
        </extensions>
      </trkpt>
      <trkpt lat="46.49264" lon="14.04314">
        <ele>1602</ele>
        <extensions>
          <distance>20715</distance>
        </extensions>
      </trkpt>
      <trkpt lat="46.49271" lon="14.04289">
        <ele>1596</ele>
        <extensions>
          <distance>20737</distance>
        </extensions>
      </trkpt>
      <trkpt lat="46.49278" lon="14.04264">
        <ele>1591</ele>
        <extensions>
          <distance>20758</distance>
        </extensions>
      </trkpt>
      <trkpt lat="46.49275" lon="14.04231">
        <ele>1590</ele>
        <extensions>
          <distance>20784</distance>
        </extensions>
      </trkpt>
      <trkpt lat="46.492815" lon="14.042085">
        <ele>1589.5</ele>
        <extensions>
          <distance>20803</distance>
        </extensions>
      </trkpt>
      <trkpt lat="46.49288" lon="14.04186">
        <ele>1588</ele>
        <extensions>
          <distance>20821</distance>
        </extensions>
      </trkpt>
      <trkpt lat="46.49282" lon="14.04155">
        <ele>1587</ele>
        <extensions>
          <distance>20846</distance>
        </extensions>
      </trkpt>
      <trkpt lat="46.49282" lon="14.04116">
        <ele>1578</ele>
        <extensions>
          <distance>20877</distance>
        </extensions>
      </trkpt>
      <trkpt lat="46.492869999999996" lon="14.04096">
        <ele>1574</ele>
        <extensions>
          <distance>20894</distance>
        </extensions>
      </trkpt>
      <trkpt lat="46.49292" lon="14.04076">
        <ele>1570</ele>
        <extensions>
          <distance>20911</distance>
        </extensions>
      </trkpt>
      <trkpt lat="46.49297" lon="14.04039">
        <ele>1564</ele>
        <extensions>
          <distance>20940</distance>
        </extensions>
      </trkpt>
      <trkpt lat="46.492864999999995" lon="14.040175000000001">
        <ele>1560.5</ele>
        <extensions>
          <distance>20961</distance>
        </extensions>
      </trkpt>
      <trkpt lat="46.49276" lon="14.03996">
        <ele>1557</ele>
        <extensions>
          <distance>20981</distance>
        </extensions>
      </trkpt>
      <trkpt lat="46.492705" lon="14.03969">
        <ele>1550.5</ele>
        <extensions>
          <distance>21004</distance>
        </extensions>
      </trkpt>
      <trkpt lat="46.49265" lon="14.03942">
        <ele>1544</ele>
        <extensions>
          <distance>21026</distance>
        </extensions>
      </trkpt>
      <trkpt lat="46.49258" lon="14.03927">
        <ele>1542</ele>
        <extensions>
          <distance>21040</distance>
        </extensions>
      </trkpt>
      <trkpt lat="46.49258" lon="14.03905">
        <ele>1537</ele>
        <extensions>
          <distance>21058</distance>
        </extensions>
      </trkpt>
      <trkpt lat="46.492515" lon="14.038815">
        <ele>1532</ele>
        <extensions>
          <distance>21078</distance>
        </extensions>
      </trkpt>
      <trkpt lat="46.49245" lon="14.03858">
        <ele>1527</ele>
        <extensions>
          <distance>21098</distance>
        </extensions>
      </trkpt>
      <trkpt lat="46.49234" lon="14.038419999999999">
        <ele>1520</ele>
        <extensions>
          <distance>21117</distance>
        </extensions>
      </trkpt>
      <trkpt lat="46.49223" lon="14.03826">
        <ele>1513</ele>
        <extensions>
          <distance>21136</distance>
        </extensions>
      </trkpt>
      <trkpt lat="46.49214" lon="14.03805">
        <ele>1505</ele>
        <extensions>
          <distance>21156</distance>
        </extensions>
      </trkpt>
      <trkpt lat="46.49201" lon="14.03779">
        <ele>1503</ele>
        <extensions>
          <distance>21181</distance>
        </extensions>
      </trkpt>
      <trkpt lat="46.49201" lon="14.037475">
        <ele>1499</ele>
        <extensions>
          <distance>21205</distance>
        </extensions>
      </trkpt>
      <trkpt lat="46.49201" lon="14.03716">
        <ele>1497</ele>
        <extensions>
          <distance>21230</distance>
        </extensions>
      </trkpt>
      <trkpt lat="46.49194" lon="14.03697">
        <ele>1483</ele>
        <extensions>
          <distance>21251</distance>
        </extensions>
      </trkpt>
      <trkpt lat="46.491785" lon="14.036655">
        <ele>1482</ele>
        <extensions>
          <distance>21281</distance>
        </extensions>
      </trkpt>
      <trkpt lat="46.49163" lon="14.03634">
        <ele>1481</ele>
        <extensions>
          <distance>21311</distance>
        </extensions>
      </trkpt>
      <trkpt lat="46.49156" lon="14.03606">
        <ele>1480</ele>
        <extensions>
          <distance>21334</distance>
        </extensions>
      </trkpt>
      <trkpt lat="46.49132" lon="14.0359">
        <ele>1477</ele>
        <extensions>
          <distance>21363</distance>
        </extensions>
      </trkpt>
      <trkpt lat="46.491150000000005" lon="14.035644999999999">
        <ele>1474.5</ele>
        <extensions>
          <distance>21390</distance>
        </extensions>
      </trkpt>
      <trkpt lat="46.49098" lon="14.03539">
        <ele>1472</ele>
        <extensions>
          <distance>21418</distance>
        </extensions>
      </trkpt>
      <trkpt lat="46.490965" lon="14.035035">
        <ele>1469.5</ele>
        <extensions>
          <distance>21445</distance>
        </extensions>
      </trkpt>
      <trkpt lat="46.49095" lon="14.03468">
        <ele>1467</ele>
        <extensions>
          <distance>21473</distance>
        </extensions>
      </trkpt>
      <trkpt lat="46.490877499999996" lon="14.034505">
        <ele>1466.25</ele>
        <extensions>
          <distance>21488</distance>
        </extensions>
      </trkpt>
      <trkpt lat="46.490804999999995" lon="14.03433">
        <ele>1465.5</ele>
        <extensions>
          <distance>21504</distance>
        </extensions>
      </trkpt>
      <trkpt lat="46.49073249999999" lon="14.034155">
        <ele>1465.5</ele>
        <extensions>
          <distance>21520</distance>
        </extensions>
      </trkpt>
      <trkpt lat="46.49066" lon="14.03398">
        <ele>1465.5</ele>
        <extensions>
          <distance>21535</distance>
        </extensions>
      </trkpt>
      <trkpt lat="46.49048" lon="14.03382">
        <ele>1465.5</ele>
        <extensions>
          <distance>21559</distance>
        </extensions>
      </trkpt>
      <trkpt lat="46.490305" lon="14.03354">
        <ele>1469.25</ele>
        <extensions>
          <distance>21588</distance>
        </extensions>
      </trkpt>
      <trkpt lat="46.49013" lon="14.03326">
        <ele>1474.5</ele>
        <extensions>
          <distance>21617</distance>
        </extensions>
      </trkpt>
      <trkpt lat="46.489955" lon="14.03298">
        <ele>1479.75</ele>
        <extensions>
          <distance>21647</distance>
        </extensions>
      </trkpt>
      <trkpt lat="46.48978" lon="14.0327">
        <ele>1485</ele>
        <extensions>
          <distance>21676</distance>
        </extensions>
      </trkpt>
      <trkpt lat="46.48963500000001" lon="14.03271">
        <ele>1489.5</ele>
        <extensions>
          <distance>21693</distance>
        </extensions>
      </trkpt>
      <trkpt lat="46.48949" lon="14.03272">
        <ele>1494</ele>
        <extensions>
          <distance>21710</distance>
        </extensions>
      </trkpt>
      <trkpt lat="46.48934" lon="14.03266">
        <ele>1500</ele>
        <extensions>
          <distance>21728</distance>
        </extensions>
      </trkpt>
      <trkpt lat="46.48912" lon="14.03284">
        <ele>1504</ele>
        <extensions>
          <distance>21756</distance>
        </extensions>
      </trkpt>
      <trkpt lat="46.48904" lon="14.03281">
        <ele>1507</ele>
        <extensions>
          <distance>21766</distance>
        </extensions>
      </trkpt>
      <trkpt lat="46.48908" lon="14.03259">
        <ele>1509</ele>
        <extensions>
          <distance>21784</distance>
        </extensions>
      </trkpt>
      <trkpt lat="46.48898" lon="14.03253">
        <ele>1514</ele>
        <extensions>
          <distance>21797</distance>
        </extensions>
      </trkpt>
      <trkpt lat="46.48894" lon="14.03235">
        <ele>1518</ele>
        <extensions>
          <distance>21812</distance>
        </extensions>
      </trkpt>
      <trkpt lat="46.488805" lon="14.032215">
        <ele>1525.5</ele>
        <extensions>
          <distance>21831</distance>
        </extensions>
      </trkpt>
      <trkpt lat="46.48867" lon="14.03208">
        <ele>1533</ele>
        <extensions>
          <distance>21851</distance>
        </extensions>
      </trkpt>
      <trkpt lat="46.48867" lon="14.03194">
        <ele>1535</ele>
        <extensions>
          <distance>21862</distance>
        </extensions>
      </trkpt>
      <trkpt lat="46.48843" lon="14.03186">
        <ele>1547</ele>
        <extensions>
          <distance>21892</distance>
        </extensions>
      </trkpt>
      <trkpt lat="46.48828" lon="14.03196">
        <ele>1552</ele>
        <extensions>
          <distance>21911</distance>
        </extensions>
      </trkpt>
      <trkpt lat="46.48814" lon="14.03198">
        <ele>1559</ele>
        <extensions>
          <distance>21928</distance>
        </extensions>
      </trkpt>
      <trkpt lat="46.48803" lon="14.0321575">
        <ele>1560.5</ele>
        <extensions>
          <distance>21946</distance>
        </extensions>
      </trkpt>
      <trkpt lat="46.48792" lon="14.032335">
        <ele>1562</ele>
        <extensions>
          <distance>21965</distance>
        </extensions>
      </trkpt>
      <trkpt lat="46.487809999999996" lon="14.0325125">
        <ele>1563.5</ele>
        <extensions>
          <distance>21983</distance>
        </extensions>
      </trkpt>
      <trkpt lat="46.4877" lon="14.03269">
        <ele>1564</ele>
        <extensions>
          <distance>22001</distance>
        </extensions>
      </trkpt>
      <trkpt lat="46.48763" lon="14.03289">
        <ele>1565</ele>
        <extensions>
          <distance>22019</distance>
        </extensions>
      </trkpt>
      <trkpt lat="46.487425" lon="14.033077500000001">
        <ele>1565.25</ele>
        <extensions>
          <distance>22046</distance>
        </extensions>
      </trkpt>
      <trkpt lat="46.48722" lon="14.033265">
        <ele>1566.5</ele>
        <extensions>
          <distance>22073</distance>
        </extensions>
      </trkpt>
      <trkpt lat="46.487015" lon="14.0334525">
        <ele>1567.75</ele>
        <extensions>
          <distance>22100</distance>
        </extensions>
      </trkpt>
      <trkpt lat="46.48681" lon="14.03364">
        <ele>1569</ele>
        <extensions>
          <distance>22127</distance>
        </extensions>
      </trkpt>
      <trkpt lat="46.486655" lon="14.03343">
        <ele>1573</ele>
        <extensions>
          <distance>22151</distance>
        </extensions>
      </trkpt>
      <trkpt lat="46.4865" lon="14.03322">
        <ele>1577</ele>
        <extensions>
          <distance>22174</distance>
        </extensions>
      </trkpt>
      <trkpt lat="46.4864225" lon="14.0330575">
        <ele>1579</ele>
        <extensions>
          <distance>22190</distance>
        </extensions>
      </trkpt>
      <trkpt lat="46.486345" lon="14.032895">
        <ele>1581</ele>
        <extensions>
          <distance>22205</distance>
        </extensions>
      </trkpt>
      <trkpt lat="46.4862675" lon="14.0327325">
        <ele>1583</ele>
        <extensions>
          <distance>22220</distance>
        </extensions>
      </trkpt>
      <trkpt lat="46.48619" lon="14.03257">
        <ele>1585</ele>
        <extensions>
          <distance>22236</distance>
        </extensions>
      </trkpt>
      <trkpt lat="46.485995" lon="14.0323">
        <ele>1587</ele>
        <extensions>
          <distance>22266</distance>
        </extensions>
      </trkpt>
      <trkpt lat="46.4858" lon="14.03203">
        <ele>1589</ele>
        <extensions>
          <distance>22296</distance>
        </extensions>
      </trkpt>
      <trkpt lat="46.48569" lon="14.031755">
        <ele>1595.5</ele>
        <extensions>
          <distance>22321</distance>
        </extensions>
      </trkpt>
      <trkpt lat="46.48558" lon="14.03148">
        <ele>1602</ele>
        <extensions>
          <distance>22346</distance>
        </extensions>
      </trkpt>
      <trkpt lat="46.48555" lon="14.03127">
        <ele>1602</ele>
        <extensions>
          <distance>22363</distance>
        </extensions>
      </trkpt>
      <trkpt lat="46.48548" lon="14.03133">
        <ele>1602</ele>
        <extensions>
          <distance>22372</distance>
        </extensions>
      </trkpt>
      <trkpt lat="46.48538" lon="14.03134">
        <ele>1602</ele>
        <extensions>
          <distance>22383</distance>
        </extensions>
      </trkpt>
      <trkpt lat="46.48519" lon="14.031305">
        <ele>1601.5</ele>
        <extensions>
          <distance>22404</distance>
        </extensions>
      </trkpt>
      <trkpt lat="46.485" lon="14.03127">
        <ele>1601.5</ele>
        <extensions>
          <distance>22426</distance>
        </extensions>
      </trkpt>
      <trkpt lat="46.484775" lon="14.03131">
        <ele>1601.5</ele>
        <extensions>
          <distance>22451</distance>
        </extensions>
      </trkpt>
      <trkpt lat="46.48455" lon="14.03135">
        <ele>1601.5</ele>
        <extensions>
          <distance>22476</distance>
        </extensions>
      </trkpt>
      <trkpt lat="46.48447" lon="14.03122">
        <ele>1604</ele>
        <extensions>
          <distance>22489</distance>
        </extensions>
      </trkpt>
      <trkpt lat="46.48438" lon="14.0312">
        <ele>1604</ele>
        <extensions>
          <distance>22499</distance>
        </extensions>
      </trkpt>
      <trkpt lat="46.48427" lon="14.03104">
        <ele>1604</ele>
        <extensions>
          <distance>22517</distance>
        </extensions>
      </trkpt>
      <trkpt lat="46.48428" lon="14.03077">
        <ele>1604</ele>
        <extensions>
          <distance>22538</distance>
        </extensions>
      </trkpt>
      <trkpt lat="46.48419" lon="14.03051">
        <ele>1604</ele>
        <extensions>
          <distance>22560</distance>
        </extensions>
      </trkpt>
      <trkpt lat="46.48417" lon="14.030185">
        <ele>1604</ele>
        <extensions>
          <distance>22585</distance>
        </extensions>
      </trkpt>
      <trkpt lat="46.48415" lon="14.02986">
        <ele>1603</ele>
        <extensions>
          <distance>22610</distance>
        </extensions>
      </trkpt>
      <trkpt lat="46.484115" lon="14.029605">
        <ele>1600</ele>
        <extensions>
          <distance>22630</distance>
        </extensions>
      </trkpt>
      <trkpt lat="46.48408" lon="14.02935">
        <ele>1597</ele>
        <extensions>
          <distance>22650</distance>
        </extensions>
      </trkpt>
      <trkpt lat="46.483995" lon="14.029055">
        <ele>1596</ele>
        <extensions>
          <distance>22675</distance>
        </extensions>
      </trkpt>
      <trkpt lat="46.48391" lon="14.02876">
        <ele>1595</ele>
        <extensions>
          <distance>22699</distance>
        </extensions>
      </trkpt>
      <trkpt lat="46.48382" lon="14.02855">
        <ele>1595</ele>
        <extensions>
          <distance>22718</distance>
        </extensions>
      </trkpt>
      <trkpt lat="46.48361" lon="14.02844">
        <ele>1587</ele>
        <extensions>
          <distance>22744</distance>
        </extensions>
      </trkpt>
      <trkpt lat="46.4835" lon="14.0283">
        <ele>1586</ele>
        <extensions>
          <distance>22760</distance>
        </extensions>
      </trkpt>
      <trkpt lat="46.48326" lon="14.02829">
        <ele>1575</ele>
        <extensions>
          <distance>22788</distance>
        </extensions>
      </trkpt>
      <trkpt lat="46.48313" lon="14.02823">
        <ele>1570.5</ele>
        <extensions>
          <distance>22804</distance>
        </extensions>
      </trkpt>
      <trkpt lat="46.483" lon="14.02817">
        <ele>1568</ele>
        <extensions>
          <distance>22820</distance>
        </extensions>
      </trkpt>
      <trkpt lat="46.48284" lon="14.02802">
        <ele>1568</ele>
        <extensions>
          <distance>22841</distance>
        </extensions>
      </trkpt>
      <trkpt lat="46.48269" lon="14.02781">
        <ele>1568</ele>
        <extensions>
          <distance>22864</distance>
        </extensions>
      </trkpt>
      <trkpt lat="46.482555" lon="14.027485">
        <ele>1568</ele>
        <extensions>
          <distance>22893</distance>
        </extensions>
      </trkpt>
      <trkpt lat="46.48242" lon="14.02716">
        <ele>1573</ele>
        <extensions>
          <distance>22922</distance>
        </extensions>
      </trkpt>
      <trkpt lat="46.48238" lon="14.026965">
        <ele>1577</ele>
        <extensions>
          <distance>22939</distance>
        </extensions>
      </trkpt>
      <trkpt lat="46.48234" lon="14.02677">
        <ele>1577</ele>
        <extensions>
          <distance>22954</distance>
        </extensions>
      </trkpt>
      <trkpt lat="46.48218" lon="14.0266275">
        <ele>1577</ele>
        <extensions>
          <distance>22975</distance>
        </extensions>
      </trkpt>
      <trkpt lat="46.48202" lon="14.026485000000001">
        <ele>1577</ele>
        <extensions>
          <distance>22996</distance>
        </extensions>
      </trkpt>
      <trkpt lat="46.48186" lon="14.0263425">
        <ele>1575</ele>
        <extensions>
          <distance>23017</distance>
        </extensions>
      </trkpt>
      <trkpt lat="46.4817" lon="14.0262">
        <ele>1575</ele>
        <extensions>
          <distance>23038</distance>
        </extensions>
      </trkpt>
      <trkpt lat="46.481635" lon="14.02596">
        <ele>1575</ele>
        <extensions>
          <distance>23057</distance>
        </extensions>
      </trkpt>
      <trkpt lat="46.48157" lon="14.02572">
        <ele>1575</ele>
        <extensions>
          <distance>23077</distance>
        </extensions>
      </trkpt>
      <trkpt lat="46.48159" lon="14.0255">
        <ele>1578</ele>
        <extensions>
          <distance>23094</distance>
        </extensions>
      </trkpt>
      <trkpt lat="46.481519999999996" lon="14.0252875">
        <ele>1578.25</ele>
        <extensions>
          <distance>23112</distance>
        </extensions>
      </trkpt>
      <trkpt lat="46.481449999999995" lon="14.025075">
        <ele>1578.25</ele>
        <extensions>
          <distance>23131</distance>
        </extensions>
      </trkpt>
      <trkpt lat="46.48138" lon="14.0248625">
        <ele>1578.25</ele>
        <extensions>
          <distance>23149</distance>
        </extensions>
      </trkpt>
      <trkpt lat="46.48131" lon="14.02465">
        <ele>1578.25</ele>
        <extensions>
          <distance>23167</distance>
        </extensions>
      </trkpt>
      <trkpt lat="46.48115" lon="14.024505">
        <ele>1574.5</ele>
        <extensions>
          <distance>23188</distance>
        </extensions>
      </trkpt>
      <trkpt lat="46.48099" lon="14.02436">
        <ele>1572.5</ele>
        <extensions>
          <distance>23209</distance>
        </extensions>
      </trkpt>
      <trkpt lat="46.48094" lon="14.02424">
        <ele>1572.5</ele>
        <extensions>
          <distance>23220</distance>
        </extensions>
      </trkpt>
      <trkpt lat="46.48096" lon="14.02411">
        <ele>1572.5</ele>
        <extensions>
          <distance>23230</distance>
        </extensions>
      </trkpt>
      <trkpt lat="46.48107" lon="14.02388">
        <ele>1572.5</ele>
        <extensions>
          <distance>23251</distance>
        </extensions>
      </trkpt>
      <trkpt lat="46.48118" lon="14.02365">
        <ele>1573</ele>
        <extensions>
          <distance>23273</distance>
        </extensions>
      </trkpt>
      <trkpt lat="46.48136" lon="14.02351">
        <ele>1576</ele>
        <extensions>
          <distance>23296</distance>
        </extensions>
      </trkpt>
      <trkpt lat="46.481440000000006" lon="14.023299999999999">
        <ele>1577</ele>
        <extensions>
          <distance>23314</distance>
        </extensions>
      </trkpt>
      <trkpt lat="46.48152" lon="14.02309">
        <ele>1577</ele>
        <extensions>
          <distance>23332</distance>
        </extensions>
      </trkpt>
      <trkpt lat="46.48162000000001" lon="14.022895">
        <ele>1577</ele>
        <extensions>
          <distance>23351</distance>
        </extensions>
      </trkpt>
      <trkpt lat="46.48172" lon="14.0227">
        <ele>1576</ele>
        <extensions>
          <distance>23370</distance>
        </extensions>
      </trkpt>
      <trkpt lat="46.48163" lon="14.02244">
        <ele>1574</ele>
        <extensions>
          <distance>23392</distance>
        </extensions>
      </trkpt>
      <trkpt lat="46.48161" lon="14.02224">
        <ele>1574</ele>
        <extensions>
          <distance>23408</distance>
        </extensions>
      </trkpt>
      <trkpt lat="46.48154" lon="14.0219">
        <ele>1573</ele>
        <extensions>
          <distance>23435</distance>
        </extensions>
      </trkpt>
      <trkpt lat="46.48147" lon="14.0217">
        <ele>1573</ele>
        <extensions>
          <distance>23452</distance>
        </extensions>
      </trkpt>
      <trkpt lat="46.4814" lon="14.0215">
        <ele>1572</ele>
        <extensions>
          <distance>23469</distance>
        </extensions>
      </trkpt>
      <trkpt lat="46.48133" lon="14.02132">
        <ele>1571</ele>
        <extensions>
          <distance>23485</distance>
        </extensions>
      </trkpt>
      <trkpt lat="46.48126" lon="14.02114">
        <ele>1569</ele>
        <extensions>
          <distance>23501</distance>
        </extensions>
      </trkpt>
      <trkpt lat="46.4811475" lon="14.0208975">
        <ele>1567</ele>
        <extensions>
          <distance>23524</distance>
        </extensions>
      </trkpt>
      <trkpt lat="46.481035" lon="14.020655000000001">
        <ele>1565</ele>
        <extensions>
          <distance>23546</distance>
        </extensions>
      </trkpt>
      <trkpt lat="46.4809225" lon="14.0204125">
        <ele>1565</ele>
        <extensions>
          <distance>23569</distance>
        </extensions>
      </trkpt>
      <trkpt lat="46.48081" lon="14.02017">
        <ele>1563</ele>
        <extensions>
          <distance>23591</distance>
        </extensions>
      </trkpt>
      <trkpt lat="46.48075" lon="14.01999">
        <ele>1560</ele>
        <extensions>
          <distance>23607</distance>
        </extensions>
      </trkpt>
      <trkpt lat="46.48069" lon="14.01981">
        <ele>1556</ele>
        <extensions>
          <distance>23623</distance>
        </extensions>
      </trkpt>
      <trkpt lat="46.48067" lon="14.01954">
        <ele>1555</ele>
        <extensions>
          <distance>23643</distance>
        </extensions>
      </trkpt>
      <trkpt lat="46.48071" lon="14.0194">
        <ele>1553</ele>
        <extensions>
          <distance>23655</distance>
        </extensions>
      </trkpt>
      <trkpt lat="46.48062" lon="14.01914">
        <ele>1546.5</ele>
        <extensions>
          <distance>23678</distance>
        </extensions>
      </trkpt>
      <trkpt lat="46.48053" lon="14.01888">
        <ele>1540</ele>
        <extensions>
          <distance>23702</distance>
        </extensions>
      </trkpt>
      <trkpt lat="46.4804" lon="14.01877">
        <ele>1532</ele>
        <extensions>
          <distance>23720</distance>
        </extensions>
      </trkpt>
      <trkpt lat="46.48033" lon="14.01845">
        <ele>1526</ele>
        <extensions>
          <distance>23747</distance>
        </extensions>
      </trkpt>
      <trkpt lat="46.48025" lon="14.01829">
        <ele>1521</ele>
        <extensions>
          <distance>23763</distance>
        </extensions>
      </trkpt>
      <trkpt lat="46.48011" lon="14.01816">
        <ele>1512</ele>
        <extensions>
          <distance>23783</distance>
        </extensions>
      </trkpt>
      <trkpt lat="46.47997" lon="14.01812">
        <ele>1503</ele>
        <extensions>
          <distance>23801</distance>
        </extensions>
      </trkpt>
      <trkpt lat="46.47983" lon="14.01808">
        <ele>1494</ele>
        <extensions>
          <distance>23820</distance>
        </extensions>
      </trkpt>
      <trkpt lat="46.47982" lon="14.01772">
        <ele>1490</ele>
        <extensions>
          <distance>23848</distance>
        </extensions>
      </trkpt>
      <trkpt lat="46.47974" lon="14.017405">
        <ele>1483</ele>
        <extensions>
          <distance>23874</distance>
        </extensions>
      </trkpt>
      <trkpt lat="46.47966" lon="14.01709">
        <ele>1476</ele>
        <extensions>
          <distance>23901</distance>
        </extensions>
      </trkpt>
      <trkpt lat="46.47962" lon="14.01704">
        <ele>1472</ele>
        <extensions>
          <distance>23908</distance>
        </extensions>
      </trkpt>
      <trkpt lat="46.47945" lon="14.0171">
        <ele>1462</ele>
        <extensions>
          <distance>23930</distance>
        </extensions>
      </trkpt>
      <trkpt lat="46.47937" lon="14.01676">
        <ele>1458</ele>
        <extensions>
          <distance>23958</distance>
        </extensions>
      </trkpt>
      <trkpt lat="46.47911" lon="14.01675">
        <ele>1446</ele>
        <extensions>
          <distance>23989</distance>
        </extensions>
      </trkpt>
      <trkpt lat="46.47905" lon="14.01651">
        <ele>1445</ele>
        <extensions>
          <distance>24009</distance>
        </extensions>
      </trkpt>
      <trkpt lat="46.47895" lon="14.01645">
        <ele>1442</ele>
        <extensions>
          <distance>24021</distance>
        </extensions>
      </trkpt>
      <trkpt lat="46.47879" lon="14.01642">
        <ele>1434</ele>
        <extensions>
          <distance>24041</distance>
        </extensions>
      </trkpt>
      <trkpt lat="46.47856" lon="14.01643">
        <ele>1424</ele>
        <extensions>
          <distance>24068</distance>
        </extensions>
      </trkpt>
      <trkpt lat="46.47845" lon="14.01631">
        <ele>1420</ele>
        <extensions>
          <distance>24084</distance>
        </extensions>
      </trkpt>
      <trkpt lat="46.47839" lon="14.01616">
        <ele>1419</ele>
        <extensions>
          <distance>24097</distance>
        </extensions>
      </trkpt>
      <trkpt lat="46.47828" lon="14.015934999999999">
        <ele>1416</ele>
        <extensions>
          <distance>24119</distance>
        </extensions>
      </trkpt>
      <trkpt lat="46.47817" lon="14.01571">
        <ele>1411</ele>
        <extensions>
          <distance>24141</distance>
        </extensions>
      </trkpt>
      <trkpt lat="46.478044999999995" lon="14.01549">
        <ele>1404</ele>
        <extensions>
          <distance>24163</distance>
        </extensions>
      </trkpt>
      <trkpt lat="46.47792" lon="14.01527">
        <ele>1401</ele>
        <extensions>
          <distance>24186</distance>
        </extensions>
      </trkpt>
      <trkpt lat="46.477774999999994" lon="14.01508">
        <ele>1396</ele>
        <extensions>
          <distance>24208</distance>
        </extensions>
      </trkpt>
      <trkpt lat="46.47763" lon="14.01489">
        <ele>1394</ele>
        <extensions>
          <distance>24230</distance>
        </extensions>
      </trkpt>
      <trkpt lat="46.477515" lon="14.014685">
        <ele>1393.5</ele>
        <extensions>
          <distance>24250</distance>
        </extensions>
      </trkpt>
      <trkpt lat="46.4774" lon="14.01448">
        <ele>1393</ele>
        <extensions>
          <distance>24270</distance>
        </extensions>
      </trkpt>
      <trkpt lat="46.47731" lon="14.01436">
        <ele>1388</ele>
        <extensions>
          <distance>24284</distance>
        </extensions>
      </trkpt>
      <trkpt lat="46.4771975" lon="14.0142175">
        <ele>1386</ele>
        <extensions>
          <distance>24301</distance>
        </extensions>
      </trkpt>
      <trkpt lat="46.477085" lon="14.014075">
        <ele>1385</ele>
        <extensions>
          <distance>24318</distance>
        </extensions>
      </trkpt>
      <trkpt lat="46.4769725" lon="14.0139325">
        <ele>1384</ele>
        <extensions>
          <distance>24334</distance>
        </extensions>
      </trkpt>
      <trkpt lat="46.47686" lon="14.01379">
        <ele>1382</ele>
        <extensions>
          <distance>24351</distance>
        </extensions>
      </trkpt>
      <trkpt lat="46.47671" lon="14.01365">
        <ele>1380.5</ele>
        <extensions>
          <distance>24371</distance>
        </extensions>
      </trkpt>
      <trkpt lat="46.47656" lon="14.01351">
        <ele>1378</ele>
        <extensions>
          <distance>24391</distance>
        </extensions>
      </trkpt>
      <trkpt lat="46.476420000000005" lon="14.013335">
        <ele>1377.5</ele>
        <extensions>
          <distance>24411</distance>
        </extensions>
      </trkpt>
      <trkpt lat="46.47628" lon="14.01316">
        <ele>1377</ele>
        <extensions>
          <distance>24432</distance>
        </extensions>
      </trkpt>
      <trkpt lat="46.47612" lon="14.01303">
        <ele>1376.5</ele>
        <extensions>
          <distance>24452</distance>
        </extensions>
      </trkpt>
      <trkpt lat="46.47596" lon="14.0129">
        <ele>1375</ele>
        <extensions>
          <distance>24473</distance>
        </extensions>
      </trkpt>
      <trkpt lat="46.475845" lon="14.0127825">
        <ele>1374.5</ele>
        <extensions>
          <distance>24488</distance>
        </extensions>
      </trkpt>
      <trkpt lat="46.47573" lon="14.012665">
        <ele>1374</ele>
        <extensions>
          <distance>24504</distance>
        </extensions>
      </trkpt>
      <trkpt lat="46.475615" lon="14.0125475">
        <ele>1374</ele>
        <extensions>
          <distance>24520</distance>
        </extensions>
      </trkpt>
      <trkpt lat="46.4755" lon="14.01243">
        <ele>1374</ele>
        <extensions>
          <distance>24535</distance>
        </extensions>
      </trkpt>
      <trkpt lat="46.47543" lon="14.0123">
        <ele>1374</ele>
        <extensions>
          <distance>24548</distance>
        </extensions>
      </trkpt>
      <trkpt lat="46.47532" lon="14.01196">
        <ele>1375</ele>
        <extensions>
          <distance>24577</distance>
        </extensions>
      </trkpt>
      <trkpt lat="46.4752" lon="14.01188">
        <ele>1375</ele>
        <extensions>
          <distance>24592</distance>
        </extensions>
      </trkpt>
      <trkpt lat="46.47514" lon="14.01178">
        <ele>1375</ele>
        <extensions>
          <distance>24602</distance>
        </extensions>
      </trkpt>
      <trkpt lat="46.475" lon="14.0115">
        <ele>1375</ele>
        <extensions>
          <distance>24628</distance>
        </extensions>
      </trkpt>
      <trkpt lat="46.47482" lon="14.01121">
        <ele>1373</ele>
        <extensions>
          <distance>24658</distance>
        </extensions>
      </trkpt>
      <trkpt lat="46.47476" lon="14.01105">
        <ele>1372</ele>
        <extensions>
          <distance>24672</distance>
        </extensions>
      </trkpt>
      <trkpt lat="46.47475" lon="14.01095">
        <ele>1372</ele>
        <extensions>
          <distance>24680</distance>
        </extensions>
      </trkpt>
      <trkpt lat="46.47471" lon="14.01084">
        <ele>1371</ele>
        <extensions>
          <distance>24690</distance>
        </extensions>
      </trkpt>
      <trkpt lat="46.47469" lon="14.01081">
        <ele>1371</ele>
        <extensions>
          <distance>24693</distance>
        </extensions>
      </trkpt>
      <trkpt lat="46.47457" lon="14.01082">
        <ele>1370</ele>
        <extensions>
          <distance>24706</distance>
        </extensions>
      </trkpt>
      <trkpt lat="46.47441" lon="14.01091">
        <ele>1369</ele>
        <extensions>
          <distance>24725</distance>
        </extensions>
      </trkpt>
      <trkpt lat="46.47428" lon="14.01089">
        <ele>1369</ele>
        <extensions>
          <distance>24740</distance>
        </extensions>
      </trkpt>
      <trkpt lat="46.47415" lon="14.01078">
        <ele>1369</ele>
        <extensions>
          <distance>24757</distance>
        </extensions>
      </trkpt>
      <trkpt lat="46.4741" lon="14.01072">
        <ele>1369</ele>
        <extensions>
          <distance>24764</distance>
        </extensions>
      </trkpt>
      <trkpt lat="46.47402" lon="14.01052">
        <ele>1368</ele>
        <extensions>
          <distance>24782</distance>
        </extensions>
      </trkpt>
      <trkpt lat="46.47396" lon="14.01045">
        <ele>1368</ele>
        <extensions>
          <distance>24790</distance>
        </extensions>
      </trkpt>
      <trkpt lat="46.47387" lon="14.0104">
        <ele>1368</ele>
        <extensions>
          <distance>24801</distance>
        </extensions>
      </trkpt>
      <trkpt lat="46.47381" lon="14.01042">
        <ele>1368</ele>
        <extensions>
          <distance>24808</distance>
        </extensions>
      </trkpt>
      <trkpt lat="46.473659999999995" lon="14.0105">
        <ele>1366</ele>
        <extensions>
          <distance>24825</distance>
        </extensions>
      </trkpt>
      <trkpt lat="46.47351" lon="14.01058">
        <ele>1365</ele>
        <extensions>
          <distance>24843</distance>
        </extensions>
      </trkpt>
      <trkpt lat="46.473385" lon="14.010725">
        <ele>1364</ele>
        <extensions>
          <distance>24861</distance>
        </extensions>
      </trkpt>
      <trkpt lat="46.47326" lon="14.01087">
        <ele>1361</ele>
        <extensions>
          <distance>24879</distance>
        </extensions>
      </trkpt>
      <trkpt lat="46.47309" lon="14.01095">
        <ele>1360</ele>
        <extensions>
          <distance>24899</distance>
        </extensions>
      </trkpt>
      <trkpt lat="46.47295" lon="14.01096">
        <ele>1359</ele>
        <extensions>
          <distance>24915</distance>
        </extensions>
      </trkpt>
      <trkpt lat="46.47274" lon="14.0109">
        <ele>1359</ele>
        <extensions>
          <distance>24938</distance>
        </extensions>
      </trkpt>
      <trkpt lat="46.472605" lon="14.01088">
        <ele>1358.5</ele>
        <extensions>
          <distance>24954</distance>
        </extensions>
      </trkpt>
      <trkpt lat="46.47247" lon="14.01086">
        <ele>1358</ele>
        <extensions>
          <distance>24969</distance>
        </extensions>
      </trkpt>
      <trkpt lat="46.47233" lon="14.01075">
        <ele>1355.5</ele>
        <extensions>
          <distance>24986</distance>
        </extensions>
      </trkpt>
      <trkpt lat="46.47219" lon="14.01064">
        <ele>1353</ele>
        <extensions>
          <distance>25004</distance>
        </extensions>
      </trkpt>
      <trkpt lat="46.472015" lon="14.010575">
        <ele>1350</ele>
        <extensions>
          <distance>25025</distance>
        </extensions>
      </trkpt>
      <trkpt lat="46.47184" lon="14.01051">
        <ele>1347</ele>
        <extensions>
          <distance>25045</distance>
        </extensions>
      </trkpt>
      <trkpt lat="46.47165" lon="14.0106">
        <ele>1343.5</ele>
        <extensions>
          <distance>25067</distance>
        </extensions>
      </trkpt>
      <trkpt lat="46.47146" lon="14.01069">
        <ele>1340</ele>
        <extensions>
          <distance>25090</distance>
        </extensions>
      </trkpt>
      <trkpt lat="46.47132" lon="14.01078">
        <ele>1337</ele>
        <extensions>
          <distance>25107</distance>
        </extensions>
      </trkpt>
      <trkpt lat="46.4711" lon="14.01079">
        <ele>1334</ele>
        <extensions>
          <distance>25132</distance>
        </extensions>
      </trkpt>
      <trkpt lat="46.47088" lon="14.0108">
        <ele>1332</ele>
        <extensions>
          <distance>25156</distance>
        </extensions>
      </trkpt>
      <trkpt lat="46.470725" lon="14.010845">
        <ele>1332</ele>
        <extensions>
          <distance>25174</distance>
        </extensions>
      </trkpt>
      <trkpt lat="46.47057" lon="14.01089">
        <ele>1332</ele>
        <extensions>
          <distance>25192</distance>
        </extensions>
      </trkpt>
      <trkpt lat="46.470380000000006" lon="14.010975">
        <ele>1332</ele>
        <extensions>
          <distance>25214</distance>
        </extensions>
      </trkpt>
      <trkpt lat="46.47019" lon="14.01106">
        <ele>1332</ele>
        <extensions>
          <distance>25236</distance>
        </extensions>
      </trkpt>
      <trkpt lat="46.47" lon="14.011065">
        <ele>1332</ele>
        <extensions>
          <distance>25257</distance>
        </extensions>
      </trkpt>
      <trkpt lat="46.46981" lon="14.01107">
        <ele>1332</ele>
        <extensions>
          <distance>25278</distance>
        </extensions>
      </trkpt>
      <trkpt lat="46.469625" lon="14.011050000000001">
        <ele>1330</ele>
        <extensions>
          <distance>25299</distance>
        </extensions>
      </trkpt>
      <trkpt lat="46.46944" lon="14.01103">
        <ele>1328</ele>
        <extensions>
          <distance>25319</distance>
        </extensions>
      </trkpt>
      <trkpt lat="46.469295" lon="14.01107">
        <ele>1327</ele>
        <extensions>
          <distance>25336</distance>
        </extensions>
      </trkpt>
      <trkpt lat="46.46915" lon="14.01111">
        <ele>1326</ele>
        <extensions>
          <distance>25352</distance>
        </extensions>
      </trkpt>
      <trkpt lat="46.46898" lon="14.0112">
        <ele>1325</ele>
        <extensions>
          <distance>25372</distance>
        </extensions>
      </trkpt>
      <trkpt lat="46.4688" lon="14.01124">
        <ele>1323</ele>
        <extensions>
          <distance>25393</distance>
        </extensions>
      </trkpt>
      <trkpt lat="46.468665" lon="14.01121">
        <ele>1320</ele>
        <extensions>
          <distance>25408</distance>
        </extensions>
      </trkpt>
      <trkpt lat="46.46853" lon="14.01118">
        <ele>1317</ele>
        <extensions>
          <distance>25424</distance>
        </extensions>
      </trkpt>
      <trkpt lat="46.468379999999996" lon="14.01117">
        <ele>1314</ele>
        <extensions>
          <distance>25441</distance>
        </extensions>
      </trkpt>
      <trkpt lat="46.46823" lon="14.01116">
        <ele>1311</ele>
        <extensions>
          <distance>25458</distance>
        </extensions>
      </trkpt>
      <trkpt lat="46.46801" lon="14.011">
        <ele>1303</ele>
        <extensions>
          <distance>25486</distance>
        </extensions>
      </trkpt>
      <trkpt lat="46.46796" lon="14.01093">
        <ele>1300</ele>
        <extensions>
          <distance>25494</distance>
        </extensions>
      </trkpt>
      <trkpt lat="46.46799" lon="14.01086">
        <ele>1298</ele>
        <extensions>
          <distance>25501</distance>
        </extensions>
      </trkpt>
      <trkpt lat="46.46806" lon="14.01078">
        <ele>1297</ele>
        <extensions>
          <distance>25511</distance>
        </extensions>
      </trkpt>
      <trkpt lat="46.46814" lon="14.01064">
        <ele>1293</ele>
        <extensions>
          <distance>25525</distance>
        </extensions>
      </trkpt>
      <trkpt lat="46.46818" lon="14.01035">
        <ele>1285</ele>
        <extensions>
          <distance>25550</distance>
        </extensions>
      </trkpt>
      <trkpt lat="46.46818" lon="14.01029">
        <ele>1283</ele>
        <extensions>
          <distance>25555</distance>
        </extensions>
      </trkpt>
      <trkpt lat="46.46801" lon="14.01027">
        <ele>1280</ele>
        <extensions>
          <distance>25574</distance>
        </extensions>
      </trkpt>
      <trkpt lat="46.46786" lon="14.01019">
        <ele>1275</ele>
        <extensions>
          <distance>25592</distance>
        </extensions>
      </trkpt>
      <trkpt lat="46.46772" lon="14.01014">
        <ele>1271</ele>
        <extensions>
          <distance>25609</distance>
        </extensions>
      </trkpt>
      <trkpt lat="46.46758" lon="14.01009">
        <ele>1267</ele>
        <extensions>
          <distance>25625</distance>
        </extensions>
      </trkpt>
      <trkpt lat="46.46732" lon="14.01009">
        <ele>1259</ele>
        <extensions>
          <distance>25655</distance>
        </extensions>
      </trkpt>
      <trkpt lat="46.46718" lon="14.01004">
        <ele>1253.5</ele>
        <extensions>
          <distance>25672</distance>
        </extensions>
      </trkpt>
      <trkpt lat="46.46704" lon="14.00999">
        <ele>1248</ele>
        <extensions>
          <distance>25689</distance>
        </extensions>
      </trkpt>
      <trkpt lat="46.46688" lon="14.01003">
        <ele>1244</ele>
        <extensions>
          <distance>25708</distance>
        </extensions>
      </trkpt>
      <trkpt lat="46.46669" lon="14.01015">
        <ele>1241</ele>
        <extensions>
          <distance>25731</distance>
        </extensions>
      </trkpt>
      <trkpt lat="46.46649" lon="14.01033">
        <ele>1238</ele>
        <extensions>
          <distance>25757</distance>
        </extensions>
      </trkpt>
      <trkpt lat="46.46629" lon="14.01033">
        <ele>1228</ele>
        <extensions>
          <distance>25782</distance>
        </extensions>
      </trkpt>
      <trkpt lat="46.46611" lon="14.01044">
        <ele>1219</ele>
        <extensions>
          <distance>25805</distance>
        </extensions>
      </trkpt>
      <trkpt lat="46.46593" lon="14.01055">
        <ele>1211</ele>
        <extensions>
          <distance>25828</distance>
        </extensions>
      </trkpt>
      <trkpt lat="46.4658" lon="14.01064">
        <ele>1207</ele>
        <extensions>
          <distance>25845</distance>
        </extensions>
      </trkpt>
      <trkpt lat="46.46561" lon="14.01067">
        <ele>1202</ele>
        <extensions>
          <distance>25867</distance>
        </extensions>
      </trkpt>
      <trkpt lat="46.46546" lon="14.01075">
        <ele>1198</ele>
        <extensions>
          <distance>25885</distance>
        </extensions>
      </trkpt>
      <trkpt lat="46.465345" lon="14.010860000000001">
        <ele>1195.5</ele>
        <extensions>
          <distance>25900</distance>
        </extensions>
      </trkpt>
      <trkpt lat="46.46523" lon="14.01097">
        <ele>1193</ele>
        <extensions>
          <distance>25916</distance>
        </extensions>
      </trkpt>
      <trkpt lat="46.46516" lon="14.01102">
        <ele>1192</ele>
        <extensions>
          <distance>25925</distance>
        </extensions>
      </trkpt>
      <trkpt lat="46.465" lon="14.01105">
        <ele>1188</ele>
        <extensions>
          <distance>25943</distance>
        </extensions>
      </trkpt>
      <trkpt lat="46.46492" lon="14.01109">
        <ele>1186</ele>
        <extensions>
          <distance>25953</distance>
        </extensions>
      </trkpt>
      <trkpt lat="46.4648" lon="14.0111">
        <ele>1185</ele>
        <extensions>
          <distance>25966</distance>
        </extensions>
      </trkpt>
      <trkpt lat="46.464659999999995" lon="14.011095000000001">
        <ele>1183</ele>
        <extensions>
          <distance>25982</distance>
        </extensions>
      </trkpt>
      <trkpt lat="46.46451999999999" lon="14.01109">
        <ele>1181</ele>
        <extensions>
          <distance>25997</distance>
        </extensions>
      </trkpt>
      <trkpt lat="46.46437999999999" lon="14.011085">
        <ele>1178</ele>
        <extensions>
          <distance>26013</distance>
        </extensions>
      </trkpt>
      <trkpt lat="46.46424" lon="14.01108">
        <ele>1175</ele>
        <extensions>
          <distance>26029</distance>
        </extensions>
      </trkpt>
      <trkpt lat="46.46416" lon="14.0111">
        <ele>1174</ele>
        <extensions>
          <distance>26038</distance>
        </extensions>
      </trkpt>
      <trkpt lat="46.46407" lon="14.01117">
        <ele>1172</ele>
        <extensions>
          <distance>26050</distance>
        </extensions>
      </trkpt>
      <trkpt lat="46.46405" lon="14.01111">
        <ele>1172</ele>
        <extensions>
          <distance>26055</distance>
        </extensions>
      </trkpt>
      <trkpt lat="46.46405" lon="14.01093">
        <ele>1172</ele>
        <extensions>
          <distance>26069</distance>
        </extensions>
      </trkpt>
      <trkpt lat="46.4641" lon="14.01077">
        <ele>1172</ele>
        <extensions>
          <distance>26082</distance>
        </extensions>
      </trkpt>
      <trkpt lat="46.46417" lon="14.01063">
        <ele>1173</ele>
        <extensions>
          <distance>26095</distance>
        </extensions>
      </trkpt>
      <trkpt lat="46.46424" lon="14.01056">
        <ele>1174</ele>
        <extensions>
          <distance>26105</distance>
        </extensions>
      </trkpt>
      <trkpt lat="46.46433" lon="14.01053">
        <ele>1175</ele>
        <extensions>
          <distance>26115</distance>
        </extensions>
      </trkpt>
      <trkpt lat="46.46458" lon="14.01052">
        <ele>1179</ele>
        <extensions>
          <distance>26143</distance>
        </extensions>
      </trkpt>
      <trkpt lat="46.4647" lon="14.01043">
        <ele>1181</ele>
        <extensions>
          <distance>26158</distance>
        </extensions>
      </trkpt>
      <trkpt lat="46.464807500000006" lon="14.0102175">
        <ele>1182.5</ele>
        <extensions>
          <distance>26179</distance>
        </extensions>
      </trkpt>
      <trkpt lat="46.464915000000005" lon="14.010005">
        <ele>1184</ele>
        <extensions>
          <distance>26199</distance>
        </extensions>
      </trkpt>
      <trkpt lat="46.4650225" lon="14.0097925">
        <ele>1185.5</ele>
        <extensions>
          <distance>26219</distance>
        </extensions>
      </trkpt>
      <trkpt lat="46.46513" lon="14.00958">
        <ele>1187</ele>
        <extensions>
          <distance>26240</distance>
        </extensions>
      </trkpt>
      <trkpt lat="46.4652" lon="14.00933">
        <ele>1187</ele>
        <extensions>
          <distance>26260</distance>
        </extensions>
      </trkpt>
      <trkpt lat="46.465320000000006" lon="14.009155">
        <ele>1190</ele>
        <extensions>
          <distance>26279</distance>
        </extensions>
      </trkpt>
      <trkpt lat="46.46544" lon="14.00898">
        <ele>1190</ele>
        <extensions>
          <distance>26298</distance>
        </extensions>
      </trkpt>
      <trkpt lat="46.46543" lon="14.00888">
        <ele>1190</ele>
        <extensions>
          <distance>26306</distance>
        </extensions>
      </trkpt>
      <trkpt lat="46.4653175" lon="14.008769999999998">
        <ele>1190</ele>
        <extensions>
          <distance>26321</distance>
        </extensions>
      </trkpt>
      <trkpt lat="46.465205" lon="14.008659999999999">
        <ele>1187.5</ele>
        <extensions>
          <distance>26336</distance>
        </extensions>
      </trkpt>
      <trkpt lat="46.4650925" lon="14.00855">
        <ele>1184.75</ele>
        <extensions>
          <distance>26352</distance>
        </extensions>
      </trkpt>
      <trkpt lat="46.46498" lon="14.00844">
        <ele>1182</ele>
        <extensions>
          <distance>26367</distance>
        </extensions>
      </trkpt>
      <trkpt lat="46.464785" lon="14.00833">
        <ele>1178</ele>
        <extensions>
          <distance>26391</distance>
        </extensions>
      </trkpt>
      <trkpt lat="46.46459" lon="14.00822">
        <ele>1174</ele>
        <extensions>
          <distance>26414</distance>
        </extensions>
      </trkpt>
      <trkpt lat="46.46447" lon="14.00812">
        <ele>1174</ele>
        <extensions>
          <distance>26429</distance>
        </extensions>
      </trkpt>
      <trkpt lat="46.46438" lon="14.00801">
        <ele>1174</ele>
        <extensions>
          <distance>26443</distance>
        </extensions>
      </trkpt>
      <trkpt lat="46.46436" lon="14.00786">
        <ele>1174</ele>
        <extensions>
          <distance>26454</distance>
        </extensions>
      </trkpt>
      <trkpt lat="46.46439" lon="14.00759">
        <ele>1179</ele>
        <extensions>
          <distance>26476</distance>
        </extensions>
      </trkpt>
      <trkpt lat="46.46451" lon="14.00725">
        <ele>1185</ele>
        <extensions>
          <distance>26505</distance>
        </extensions>
      </trkpt>
      <trkpt lat="46.46465" lon="14.007005">
        <ele>1190</ele>
        <extensions>
          <distance>26530</distance>
        </extensions>
      </trkpt>
      <trkpt lat="46.46479" lon="14.00676">
        <ele>1193</ele>
        <extensions>
          <distance>26555</distance>
        </extensions>
      </trkpt>
      <trkpt lat="46.46472" lon="14.00651">
        <ele>1194</ele>
        <extensions>
          <distance>26576</distance>
        </extensions>
      </trkpt>
      <trkpt lat="46.46469" lon="14.00636">
        <ele>1195</ele>
        <extensions>
          <distance>26588</distance>
        </extensions>
      </trkpt>
      <trkpt lat="46.46456" lon="14.00614">
        <ele>1195</ele>
        <extensions>
          <distance>26610</distance>
        </extensions>
      </trkpt>
      <trkpt lat="46.46451" lon="14.00596">
        <ele>1195</ele>
        <extensions>
          <distance>26625</distance>
        </extensions>
      </trkpt>
      <trkpt lat="46.46453" lon="14.0057">
        <ele>1196</ele>
        <extensions>
          <distance>26645</distance>
        </extensions>
      </trkpt>
      <trkpt lat="46.46459" lon="14.005495">
        <ele>1198</ele>
        <extensions>
          <distance>26662</distance>
        </extensions>
      </trkpt>
      <trkpt lat="46.46465" lon="14.00529">
        <ele>1200</ele>
        <extensions>
          <distance>26679</distance>
        </extensions>
      </trkpt>
      <trkpt lat="46.46474" lon="14.00506">
        <ele>1203</ele>
        <extensions>
          <distance>26700</distance>
        </extensions>
      </trkpt>
      <trkpt lat="46.46493" lon="14.00494">
        <ele>1206</ele>
        <extensions>
          <distance>26723</distance>
        </extensions>
      </trkpt>
      <trkpt lat="46.46495" lon="14.00486">
        <ele>1207</ele>
        <extensions>
          <distance>26730</distance>
        </extensions>
      </trkpt>
      <trkpt lat="46.46491" lon="14.00457">
        <ele>1208</ele>
        <extensions>
          <distance>26752</distance>
        </extensions>
      </trkpt>
      <trkpt lat="46.46483" lon="14.00431">
        <ele>1210</ele>
        <extensions>
          <distance>26774</distance>
        </extensions>
      </trkpt>
      <trkpt lat="46.464834999999994" lon="14.00407">
        <ele>1212.25</ele>
        <extensions>
          <distance>26793</distance>
        </extensions>
      </trkpt>
      <trkpt lat="46.464839999999995" lon="14.00383">
        <ele>1214.5</ele>
        <extensions>
          <distance>26812</distance>
        </extensions>
      </trkpt>
      <trkpt lat="46.464845" lon="14.003589999999999">
        <ele>1216.75</ele>
        <extensions>
          <distance>26830</distance>
        </extensions>
      </trkpt>
      <trkpt lat="46.46485" lon="14.00335">
        <ele>1219</ele>
        <extensions>
          <distance>26849</distance>
        </extensions>
      </trkpt>
      <trkpt lat="46.46493" lon="14.00306">
        <ele>1220</ele>
        <extensions>
          <distance>26873</distance>
        </extensions>
      </trkpt>
      <trkpt lat="46.46496" lon="14.0029">
        <ele>1221</ele>
        <extensions>
          <distance>26886</distance>
        </extensions>
      </trkpt>
      <trkpt lat="46.46496" lon="14.00277">
        <ele>1221</ele>
        <extensions>
          <distance>26895</distance>
        </extensions>
      </trkpt>
      <trkpt lat="46.46489" lon="14.00263">
        <ele>1223</ele>
        <extensions>
          <distance>26909</distance>
        </extensions>
      </trkpt>
      <trkpt lat="46.46486" lon="14.00251">
        <ele>1224</ele>
        <extensions>
          <distance>26919</distance>
        </extensions>
      </trkpt>
      <trkpt lat="46.46485" lon="14.00229">
        <ele>1227</ele>
        <extensions>
          <distance>26936</distance>
        </extensions>
      </trkpt>
      <trkpt lat="46.46487" lon="14.00196">
        <ele>1231</ele>
        <extensions>
          <distance>26962</distance>
        </extensions>
      </trkpt>
      <trkpt lat="46.464905" lon="14.001715">
        <ele>1233</ele>
        <extensions>
          <distance>26981</distance>
        </extensions>
      </trkpt>
      <trkpt lat="46.46494" lon="14.00147">
        <ele>1235</ele>
        <extensions>
          <distance>27000</distance>
        </extensions>
      </trkpt>
      <trkpt lat="46.46494" lon="14.00121">
        <ele>1235</ele>
        <extensions>
          <distance>27020</distance>
        </extensions>
      </trkpt>
      <trkpt lat="46.46494" lon="14.00095">
        <ele>1235</ele>
        <extensions>
          <distance>27040</distance>
        </extensions>
      </trkpt>
      <trkpt lat="46.46492" lon="14.00068">
        <ele>1235</ele>
        <extensions>
          <distance>27061</distance>
        </extensions>
      </trkpt>
      <trkpt lat="46.4649" lon="14.00041">
        <ele>1234</ele>
        <extensions>
          <distance>27082</distance>
        </extensions>
      </trkpt>
      <trkpt lat="46.46497" lon="14.00021">
        <ele>1231</ele>
        <extensions>
          <distance>27099</distance>
        </extensions>
      </trkpt>
      <trkpt lat="46.464985" lon="13.999994999999998">
        <ele>1229</ele>
        <extensions>
          <distance>27116</distance>
        </extensions>
      </trkpt>
      <trkpt lat="46.465" lon="13.99978">
        <ele>1227</ele>
        <extensions>
          <distance>27133</distance>
        </extensions>
      </trkpt>
      <trkpt lat="46.465" lon="13.999514999999999">
        <ele>1225.5</ele>
        <extensions>
          <distance>27153</distance>
        </extensions>
      </trkpt>
      <trkpt lat="46.465" lon="13.99925">
        <ele>1224</ele>
        <extensions>
          <distance>27174</distance>
        </extensions>
      </trkpt>
      <trkpt lat="46.46506" lon="13.99911">
        <ele>1223</ele>
        <extensions>
          <distance>27186</distance>
        </extensions>
      </trkpt>
      <trkpt lat="46.46525" lon="13.99902">
        <ele>1223</ele>
        <extensions>
          <distance>27208</distance>
        </extensions>
      </trkpt>
      <trkpt lat="46.46536" lon="13.99894">
        <ele>1223</ele>
        <extensions>
          <distance>27222</distance>
        </extensions>
      </trkpt>
      <trkpt lat="46.46542" lon="13.99873">
        <ele>1221</ele>
        <extensions>
          <distance>27240</distance>
        </extensions>
      </trkpt>
      <trkpt lat="46.46564" lon="13.99856">
        <ele>1221</ele>
        <extensions>
          <distance>27267</distance>
        </extensions>
      </trkpt>
      <trkpt lat="46.46584" lon="13.99856">
        <ele>1219</ele>
        <extensions>
          <distance>27290</distance>
        </extensions>
      </trkpt>
      <trkpt lat="46.46605" lon="13.99879">
        <ele>1219</ele>
        <extensions>
          <distance>27319</distance>
        </extensions>
      </trkpt>
      <trkpt lat="46.46614" lon="13.9988">
        <ele>1219</ele>
        <extensions>
          <distance>27329</distance>
        </extensions>
      </trkpt>
      <trkpt lat="46.46634" lon="13.99874">
        <ele>1221</ele>
        <extensions>
          <distance>27352</distance>
        </extensions>
      </trkpt>
      <trkpt lat="46.46643" lon="13.99877">
        <ele>1221</ele>
        <extensions>
          <distance>27362</distance>
        </extensions>
      </trkpt>
      <trkpt lat="46.46653" lon="13.9989">
        <ele>1223</ele>
        <extensions>
          <distance>27377</distance>
        </extensions>
      </trkpt>
      <trkpt lat="46.466685" lon="13.99906">
        <ele>1227</ele>
        <extensions>
          <distance>27398</distance>
        </extensions>
      </trkpt>
      <trkpt lat="46.46684" lon="13.99922">
        <ele>1228</ele>
        <extensions>
          <distance>27420</distance>
        </extensions>
      </trkpt>
      <trkpt lat="46.46694" lon="13.99931">
        <ele>1228</ele>
        <extensions>
          <distance>27433</distance>
        </extensions>
      </trkpt>
      <trkpt lat="46.46713" lon="13.99931">
        <ele>1228</ele>
        <extensions>
          <distance>27454</distance>
        </extensions>
      </trkpt>
      <trkpt lat="46.46726" lon="13.99926">
        <ele>1228</ele>
        <extensions>
          <distance>27469</distance>
        </extensions>
      </trkpt>
      <trkpt lat="46.46741" lon="13.99917">
        <ele>1222</ele>
        <extensions>
          <distance>27487</distance>
        </extensions>
      </trkpt>
      <trkpt lat="46.467565" lon="13.999155">
        <ele>1221.5</ele>
        <extensions>
          <distance>27504</distance>
        </extensions>
      </trkpt>
      <trkpt lat="46.46772" lon="13.99914">
        <ele>1221</ele>
        <extensions>
          <distance>27522</distance>
        </extensions>
      </trkpt>
      <trkpt lat="46.467845" lon="13.99906">
        <ele>1221</ele>
        <extensions>
          <distance>27537</distance>
        </extensions>
      </trkpt>
      <trkpt lat="46.46797" lon="13.99898">
        <ele>1221</ele>
        <extensions>
          <distance>27552</distance>
        </extensions>
      </trkpt>
      <trkpt lat="46.46808" lon="13.99897">
        <ele>1220</ele>
        <extensions>
          <distance>27564</distance>
        </extensions>
      </trkpt>
      <trkpt lat="46.46825" lon="13.99901">
        <ele>1219</ele>
        <extensions>
          <distance>27583</distance>
        </extensions>
      </trkpt>
      <trkpt lat="46.46845" lon="13.99911">
        <ele>1219</ele>
        <extensions>
          <distance>27607</distance>
        </extensions>
      </trkpt>
      <trkpt lat="46.46859" lon="13.99915">
        <ele>1219</ele>
        <extensions>
          <distance>27623</distance>
        </extensions>
      </trkpt>
      <trkpt lat="46.46878" lon="13.99917">
        <ele>1219</ele>
        <extensions>
          <distance>27644</distance>
        </extensions>
      </trkpt>
      <trkpt lat="46.46891" lon="13.99926">
        <ele>1219</ele>
        <extensions>
          <distance>27660</distance>
        </extensions>
      </trkpt>
      <trkpt lat="46.469035000000005" lon="13.999405">
        <ele>1218</ele>
        <extensions>
          <distance>27678</distance>
        </extensions>
      </trkpt>
      <trkpt lat="46.46916" lon="13.99955">
        <ele>1217.5</ele>
        <extensions>
          <distance>27696</distance>
        </extensions>
      </trkpt>
      <trkpt lat="46.46923" lon="13.99953">
        <ele>1217.5</ele>
        <extensions>
          <distance>27703</distance>
        </extensions>
      </trkpt>
      <trkpt lat="46.46932" lon="13.99947">
        <ele>1217.5</ele>
        <extensions>
          <distance>27714</distance>
        </extensions>
      </trkpt>
      <trkpt lat="46.46944" lon="13.99934">
        <ele>1216</ele>
        <extensions>
          <distance>27731</distance>
        </extensions>
      </trkpt>
      <trkpt lat="46.46954" lon="13.9993">
        <ele>1215</ele>
        <extensions>
          <distance>27743</distance>
        </extensions>
      </trkpt>
      <trkpt lat="46.46972" lon="13.99928">
        <ele>1215</ele>
        <extensions>
          <distance>27763</distance>
        </extensions>
      </trkpt>
      <trkpt lat="46.46982" lon="13.99919">
        <ele>1215</ele>
        <extensions>
          <distance>27776</distance>
        </extensions>
      </trkpt>
      <trkpt lat="46.46987" lon="13.99907">
        <ele>1214</ele>
        <extensions>
          <distance>27787</distance>
        </extensions>
      </trkpt>
      <trkpt lat="46.46988" lon="13.99886">
        <ele>1214</ele>
        <extensions>
          <distance>27803</distance>
        </extensions>
      </trkpt>
      <trkpt lat="46.4699" lon="13.99878">
        <ele>1213.5</ele>
        <extensions>
          <distance>27809</distance>
        </extensions>
      </trkpt>
      <trkpt lat="46.4701" lon="13.99853">
        <ele>1213</ele>
        <extensions>
          <distance>27839</distance>
        </extensions>
      </trkpt>
      <trkpt lat="46.4701475" lon="13.998335">
        <ele>1212.5</ele>
        <extensions>
          <distance>27855</distance>
        </extensions>
      </trkpt>
      <trkpt lat="46.470195000000004" lon="13.99814">
        <ele>1212.5</ele>
        <extensions>
          <distance>27871</distance>
        </extensions>
      </trkpt>
      <trkpt lat="46.4702425" lon="13.997945">
        <ele>1212.5</ele>
        <extensions>
          <distance>27886</distance>
        </extensions>
      </trkpt>
      <trkpt lat="46.47029" lon="13.99775">
        <ele>1212</ele>
        <extensions>
          <distance>27902</distance>
        </extensions>
      </trkpt>
      <trkpt lat="46.47026" lon="13.99743">
        <ele>1205</ele>
        <extensions>
          <distance>27928</distance>
        </extensions>
      </trkpt>
      <trkpt lat="46.47032" lon="13.99711">
        <ele>1203</ele>
        <extensions>
          <distance>27954</distance>
        </extensions>
      </trkpt>
      <trkpt lat="46.47038" lon="13.99689">
        <ele>1202</ele>
        <extensions>
          <distance>27972</distance>
        </extensions>
      </trkpt>
      <trkpt lat="46.470485" lon="13.996735000000001">
        <ele>1201</ele>
        <extensions>
          <distance>27989</distance>
        </extensions>
      </trkpt>
      <trkpt lat="46.47059" lon="13.99658">
        <ele>1200</ele>
        <extensions>
          <distance>28005</distance>
        </extensions>
      </trkpt>
      <trkpt lat="46.47067" lon="13.996355000000001">
        <ele>1200</ele>
        <extensions>
          <distance>28025</distance>
        </extensions>
      </trkpt>
      <trkpt lat="46.47075" lon="13.99613">
        <ele>1197</ele>
        <extensions>
          <distance>28044</distance>
        </extensions>
      </trkpt>
      <trkpt lat="46.47082" lon="13.995805">
        <ele>1192</ele>
        <extensions>
          <distance>28071</distance>
        </extensions>
      </trkpt>
      <trkpt lat="46.47089" lon="13.99548">
        <ele>1188</ele>
        <extensions>
          <distance>28097</distance>
        </extensions>
      </trkpt>
      <trkpt lat="46.47099" lon="13.99528">
        <ele>1188</ele>
        <extensions>
          <distance>28116</distance>
        </extensions>
      </trkpt>
      <trkpt lat="46.471095000000005" lon="13.99504">
        <ele>1188</ele>
        <extensions>
          <distance>28138</distance>
        </extensions>
      </trkpt>
      <trkpt lat="46.4712" lon="13.9948">
        <ele>1187</ele>
        <extensions>
          <distance>28160</distance>
        </extensions>
      </trkpt>
      <trkpt lat="46.47128" lon="13.99446">
        <ele>1183</ele>
        <extensions>
          <distance>28188</distance>
        </extensions>
      </trkpt>
      <trkpt lat="46.47126" lon="13.99431">
        <ele>1179</ele>
        <extensions>
          <distance>28200</distance>
        </extensions>
      </trkpt>
      <trkpt lat="46.47119" lon="13.9943">
        <ele>1178</ele>
        <extensions>
          <distance>28208</distance>
        </extensions>
      </trkpt>
      <trkpt lat="46.47114" lon="13.99436">
        <ele>1177</ele>
        <extensions>
          <distance>28215</distance>
        </extensions>
      </trkpt>
      <trkpt lat="46.47107" lon="13.99464">
        <ele>1175</ele>
        <extensions>
          <distance>28238</distance>
        </extensions>
      </trkpt>
      <trkpt lat="46.471" lon="13.99475">
        <ele>1175</ele>
        <extensions>
          <distance>28250</distance>
        </extensions>
      </trkpt>
      <trkpt lat="46.470839999999995" lon="13.994869999999999">
        <ele>1173</ele>
        <extensions>
          <distance>28270</distance>
        </extensions>
      </trkpt>
      <trkpt lat="46.47068" lon="13.99499">
        <ele>1169</ele>
        <extensions>
          <distance>28290</distance>
        </extensions>
      </trkpt>
      <trkpt lat="46.47051" lon="13.99507">
        <ele>1167</ele>
        <extensions>
          <distance>28310</distance>
        </extensions>
      </trkpt>
      <trkpt lat="46.4703" lon="13.9951">
        <ele>1162</ele>
        <extensions>
          <distance>28334</distance>
        </extensions>
      </trkpt>
      <trkpt lat="46.47018" lon="13.99517">
        <ele>1161</ele>
        <extensions>
          <distance>28348</distance>
        </extensions>
      </trkpt>
      <trkpt lat="46.47005" lon="13.99532">
        <ele>1160</ele>
        <extensions>
          <distance>28367</distance>
        </extensions>
      </trkpt>
      <trkpt lat="46.46993" lon="13.99542">
        <ele>1160</ele>
        <extensions>
          <distance>28382</distance>
        </extensions>
      </trkpt>
      <trkpt lat="46.4698" lon="13.99543">
        <ele>1158</ele>
        <extensions>
          <distance>28397</distance>
        </extensions>
      </trkpt>
      <trkpt lat="46.46965" lon="13.99534">
        <ele>1154</ele>
        <extensions>
          <distance>28415</distance>
        </extensions>
      </trkpt>
      <trkpt lat="46.46946" lon="13.99508">
        <ele>1147</ele>
        <extensions>
          <distance>28445</distance>
        </extensions>
      </trkpt>
      <trkpt lat="46.46928" lon="13.99503">
        <ele>1145</ele>
        <extensions>
          <distance>28466</distance>
        </extensions>
      </trkpt>
      <trkpt lat="46.4691" lon="13.99524">
        <ele>1144.5</ele>
        <extensions>
          <distance>28491</distance>
        </extensions>
      </trkpt>
      <trkpt lat="46.46895" lon="13.99534">
        <ele>1144</ele>
        <extensions>
          <distance>28510</distance>
        </extensions>
      </trkpt>
      <trkpt lat="46.468815" lon="13.9953675">
        <ele>1144</ele>
        <extensions>
          <distance>28525</distance>
        </extensions>
      </trkpt>
      <trkpt lat="46.46868" lon="13.995395">
        <ele>1144</ele>
        <extensions>
          <distance>28540</distance>
        </extensions>
      </trkpt>
      <trkpt lat="46.468545" lon="13.9954225">
        <ele>1143.5</ele>
        <extensions>
          <distance>28555</distance>
        </extensions>
      </trkpt>
      <trkpt lat="46.46841" lon="13.99545">
        <ele>1143</ele>
        <extensions>
          <distance>28570</distance>
        </extensions>
      </trkpt>
      <trkpt lat="46.46832" lon="13.99544">
        <ele>1142</ele>
        <extensions>
          <distance>28581</distance>
        </extensions>
      </trkpt>
      <trkpt lat="46.468149999999994" lon="13.99531">
        <ele>1138</ele>
        <extensions>
          <distance>28602</distance>
        </extensions>
      </trkpt>
      <trkpt lat="46.46798" lon="13.99518">
        <ele>1134</ele>
        <extensions>
          <distance>28624</distance>
        </extensions>
      </trkpt>
      <trkpt lat="46.46788" lon="13.99513">
        <ele>1132</ele>
        <extensions>
          <distance>28636</distance>
        </extensions>
      </trkpt>
      <trkpt lat="46.46773" lon="13.995125">
        <ele>1131.5</ele>
        <extensions>
          <distance>28653</distance>
        </extensions>
      </trkpt>
      <trkpt lat="46.46758" lon="13.99512">
        <ele>1131</ele>
        <extensions>
          <distance>28669</distance>
        </extensions>
      </trkpt>
      <trkpt lat="46.46733" lon="13.99501">
        <ele>1127</ele>
        <extensions>
          <distance>28699</distance>
        </extensions>
      </trkpt>
      <trkpt lat="46.46731" lon="13.99493">
        <ele>1125</ele>
        <extensions>
          <distance>28705</distance>
        </extensions>
      </trkpt>
      <trkpt lat="46.46733" lon="13.99485">
        <ele>1125</ele>
        <extensions>
          <distance>28712</distance>
        </extensions>
      </trkpt>
      <trkpt lat="46.46739" lon="13.9948">
        <ele>1125</ele>
        <extensions>
          <distance>28720</distance>
        </extensions>
      </trkpt>
      <trkpt lat="46.46765" lon="13.99488">
        <ele>1124</ele>
        <extensions>
          <distance>28749</distance>
        </extensions>
      </trkpt>
      <trkpt lat="46.46776" lon="13.99486">
        <ele>1123</ele>
        <extensions>
          <distance>28762</distance>
        </extensions>
      </trkpt>
      <trkpt lat="46.46785" lon="13.99481">
        <ele>1122</ele>
        <extensions>
          <distance>28772</distance>
        </extensions>
      </trkpt>
      <trkpt lat="46.46788" lon="13.99475">
        <ele>1120</ele>
        <extensions>
          <distance>28778</distance>
        </extensions>
      </trkpt>
      <trkpt lat="46.4679" lon="13.99466">
        <ele>1120</ele>
        <extensions>
          <distance>28785</distance>
        </extensions>
      </trkpt>
      <trkpt lat="46.467925" lon="13.99442">
        <ele>1114.5</ele>
        <extensions>
          <distance>28805</distance>
        </extensions>
      </trkpt>
      <trkpt lat="46.46795" lon="13.99418">
        <ele>1109</ele>
        <extensions>
          <distance>28824</distance>
        </extensions>
      </trkpt>
      <trkpt lat="46.46799" lon="13.99395">
        <ele>1104</ele>
        <extensions>
          <distance>28843</distance>
        </extensions>
      </trkpt>
      <trkpt lat="46.46803" lon="13.99372">
        <ele>1099</ele>
        <extensions>
          <distance>28862</distance>
        </extensions>
      </trkpt>
      <trkpt lat="46.46807" lon="13.99361">
        <ele>1097</ele>
        <extensions>
          <distance>28872</distance>
        </extensions>
      </trkpt>
      <trkpt lat="46.46815" lon="13.9935">
        <ele>1095</ele>
        <extensions>
          <distance>28884</distance>
        </extensions>
      </trkpt>
      <trkpt lat="46.468295" lon="13.993345">
        <ele>1095</ele>
        <extensions>
          <distance>28904</distance>
        </extensions>
      </trkpt>
      <trkpt lat="46.46844" lon="13.99319">
        <ele>1095</ele>
        <extensions>
          <distance>28924</distance>
        </extensions>
      </trkpt>
      <trkpt lat="46.46849" lon="13.99299">
        <ele>1095</ele>
        <extensions>
          <distance>28940</distance>
        </extensions>
      </trkpt>
      <trkpt lat="46.46845" lon="13.99276">
        <ele>1093</ele>
        <extensions>
          <distance>28959</distance>
        </extensions>
      </trkpt>
      <trkpt lat="46.4683" lon="13.99248">
        <ele>1089</ele>
        <extensions>
          <distance>28986</distance>
        </extensions>
      </trkpt>
      <trkpt lat="46.468109999999996" lon="13.99234">
        <ele>1086.5</ele>
        <extensions>
          <distance>29010</distance>
        </extensions>
      </trkpt>
      <trkpt lat="46.46792" lon="13.9922">
        <ele>1084</ele>
        <extensions>
          <distance>29034</distance>
        </extensions>
      </trkpt>
      <trkpt lat="46.46786" lon="13.99212">
        <ele>1084</ele>
        <extensions>
          <distance>29043</distance>
        </extensions>
      </trkpt>
      <trkpt lat="46.46783" lon="13.991914999999999">
        <ele>1084</ele>
        <extensions>
          <distance>29059</distance>
        </extensions>
      </trkpt>
      <trkpt lat="46.4678" lon="13.99171">
        <ele>1084</ele>
        <extensions>
          <distance>29075</distance>
        </extensions>
      </trkpt>
      <trkpt lat="46.46766" lon="13.99142">
        <ele>1082</ele>
        <extensions>
          <distance>29102</distance>
        </extensions>
      </trkpt>
      <trkpt lat="46.46749" lon="13.99119">
        <ele>1080</ele>
        <extensions>
          <distance>29128</distance>
        </extensions>
      </trkpt>
      <trkpt lat="46.46736" lon="13.99095">
        <ele>1078</ele>
        <extensions>
          <distance>29152</distance>
        </extensions>
      </trkpt>
      <trkpt lat="46.46722" lon="13.99074">
        <ele>1075</ele>
        <extensions>
          <distance>29174</distance>
        </extensions>
      </trkpt>
      <trkpt lat="46.4671" lon="13.99061">
        <ele>1073</ele>
        <extensions>
          <distance>29191</distance>
        </extensions>
      </trkpt>
      <trkpt lat="46.466955" lon="13.990485">
        <ele>1070.5</ele>
        <extensions>
          <distance>29210</distance>
        </extensions>
      </trkpt>
      <trkpt lat="46.46681" lon="13.99036">
        <ele>1068</ele>
        <extensions>
          <distance>29229</distance>
        </extensions>
      </trkpt>
      <trkpt lat="46.46668" lon="13.99022">
        <ele>1065.5</ele>
        <extensions>
          <distance>29247</distance>
        </extensions>
      </trkpt>
      <trkpt lat="46.46655" lon="13.99008">
        <ele>1063</ele>
        <extensions>
          <distance>29265</distance>
        </extensions>
      </trkpt>
      <trkpt lat="46.4664425" lon="13.989887500000002">
        <ele>1062</ele>
        <extensions>
          <distance>29284</distance>
        </extensions>
      </trkpt>
      <trkpt lat="46.466335" lon="13.989695000000001">
        <ele>1061</ele>
        <extensions>
          <distance>29304</distance>
        </extensions>
      </trkpt>
      <trkpt lat="46.4662275" lon="13.9895025">
        <ele>1060</ele>
        <extensions>
          <distance>29323</distance>
        </extensions>
      </trkpt>
      <trkpt lat="46.46612" lon="13.98931">
        <ele>1059</ele>
        <extensions>
          <distance>29342</distance>
        </extensions>
      </trkpt>
      <trkpt lat="46.466065" lon="13.989085">
        <ele>1057</ele>
        <extensions>
          <distance>29360</distance>
        </extensions>
      </trkpt>
      <trkpt lat="46.46601" lon="13.98886">
        <ele>1055</ele>
        <extensions>
          <distance>29378</distance>
        </extensions>
      </trkpt>
      <trkpt lat="46.46599" lon="13.98862">
        <ele>1053</ele>
        <extensions>
          <distance>29397</distance>
        </extensions>
      </trkpt>
      <trkpt lat="46.46601" lon="13.98829">
        <ele>1051</ele>
        <extensions>
          <distance>29423</distance>
        </extensions>
      </trkpt>
      <trkpt lat="46.466" lon="13.98802">
        <ele>1047</ele>
        <extensions>
          <distance>29444</distance>
        </extensions>
      </trkpt>
      <trkpt lat="46.46602" lon="13.98783">
        <ele>1047</ele>
        <extensions>
          <distance>29459</distance>
        </extensions>
      </trkpt>
      <trkpt lat="46.46607" lon="13.98772">
        <ele>1047</ele>
        <extensions>
          <distance>29469</distance>
        </extensions>
      </trkpt>
      <trkpt lat="46.46616" lon="13.9876">
        <ele>1047</ele>
        <extensions>
          <distance>29482</distance>
        </extensions>
      </trkpt>
      <trkpt lat="46.466375" lon="13.987390000000001">
        <ele>1048.5</ele>
        <extensions>
          <distance>29511</distance>
        </extensions>
      </trkpt>
      <trkpt lat="46.46659" lon="13.98718">
        <ele>1050</ele>
        <extensions>
          <distance>29540</distance>
        </extensions>
      </trkpt>
      <trkpt lat="46.46668" lon="13.98706">
        <ele>1050</ele>
        <extensions>
          <distance>29554</distance>
        </extensions>
      </trkpt>
      <trkpt lat="46.46675" lon="13.986889999999999">
        <ele>1050</ele>
        <extensions>
          <distance>29569</distance>
        </extensions>
      </trkpt>
      <trkpt lat="46.46682" lon="13.98672">
        <ele>1050</ele>
        <extensions>
          <distance>29584</distance>
        </extensions>
      </trkpt>
      <trkpt lat="46.466895" lon="13.986555">
        <ele>1050</ele>
        <extensions>
          <distance>29599</distance>
        </extensions>
      </trkpt>
      <trkpt lat="46.46697" lon="13.98639">
        <ele>1050</ele>
        <extensions>
          <distance>29614</distance>
        </extensions>
      </trkpt>
      <trkpt lat="46.467035" lon="13.986115">
        <ele>1049</ele>
        <extensions>
          <distance>29637</distance>
        </extensions>
      </trkpt>
      <trkpt lat="46.4671" lon="13.98584">
        <ele>1048</ele>
        <extensions>
          <distance>29659</distance>
        </extensions>
      </trkpt>
      <trkpt lat="46.4672" lon="13.9856">
        <ele>1048</ele>
        <extensions>
          <distance>29681</distance>
        </extensions>
      </trkpt>
      <trkpt lat="46.46723" lon="13.98545">
        <ele>1047</ele>
        <extensions>
          <distance>29693</distance>
        </extensions>
      </trkpt>
      <trkpt lat="46.46723" lon="13.9853">
        <ele>1046</ele>
        <extensions>
          <distance>29704</distance>
        </extensions>
      </trkpt>
      <trkpt lat="46.467169999999996" lon="13.985009999999999">
        <ele>1043</ele>
        <extensions>
          <distance>29728</distance>
        </extensions>
      </trkpt>
      <trkpt lat="46.46711" lon="13.98472">
        <ele>1040</ele>
        <extensions>
          <distance>29751</distance>
        </extensions>
      </trkpt>
      <trkpt lat="46.46696" lon="13.9844">
        <ele>1036</ele>
        <extensions>
          <distance>29781</distance>
        </extensions>
      </trkpt>
      <trkpt lat="46.466905" lon="13.984195">
        <ele>1035</ele>
        <extensions>
          <distance>29798</distance>
        </extensions>
      </trkpt>
      <trkpt lat="46.46685" lon="13.98399">
        <ele>1035</ele>
        <extensions>
          <distance>29815</distance>
        </extensions>
      </trkpt>
      <trkpt lat="46.466835" lon="13.983795">
        <ele>1034.5</ele>
        <extensions>
          <distance>29830</distance>
        </extensions>
      </trkpt>
      <trkpt lat="46.46682" lon="13.9836">
        <ele>1034</ele>
        <extensions>
          <distance>29845</distance>
        </extensions>
      </trkpt>
      <trkpt lat="46.46679" lon="13.98343">
        <ele>1033</ele>
        <extensions>
          <distance>29858</distance>
        </extensions>
      </trkpt>
      <trkpt lat="46.46668" lon="13.98319">
        <ele>1032</ele>
        <extensions>
          <distance>29881</distance>
        </extensions>
      </trkpt>
      <trkpt lat="46.46665" lon="13.98304">
        <ele>1031</ele>
        <extensions>
          <distance>29893</distance>
        </extensions>
      </trkpt>
      <trkpt lat="46.46664" lon="13.98273">
        <ele>1029</ele>
        <extensions>
          <distance>29917</distance>
        </extensions>
      </trkpt>
      <trkpt lat="46.46661" lon="13.98252">
        <ele>1028</ele>
        <extensions>
          <distance>29933</distance>
        </extensions>
      </trkpt>
      <trkpt lat="46.46656" lon="13.98231">
        <ele>1027</ele>
        <extensions>
          <distance>29950</distance>
        </extensions>
      </trkpt>
      <trkpt lat="46.46649" lon="13.98209">
        <ele>1026</ele>
        <extensions>
          <distance>29969</distance>
        </extensions>
      </trkpt>
      <trkpt lat="46.46642" lon="13.98194">
        <ele>1024</ele>
        <extensions>
          <distance>29983</distance>
        </extensions>
      </trkpt>
      <trkpt lat="46.46629" lon="13.98182">
        <ele>1022</ele>
        <extensions>
          <distance>30000</distance>
        </extensions>
      </trkpt>
      <trkpt lat="46.46613" lon="13.981755">
        <ele>1020</ele>
        <extensions>
          <distance>30019</distance>
        </extensions>
      </trkpt>
      <trkpt lat="46.46597" lon="13.98169">
        <ele>1018</ele>
        <extensions>
          <distance>30037</distance>
        </extensions>
      </trkpt>
      <trkpt lat="46.46591" lon="13.98162">
        <ele>1017</ele>
        <extensions>
          <distance>30046</distance>
        </extensions>
      </trkpt>
      <trkpt lat="46.46587" lon="13.9815">
        <ele>1016</ele>
        <extensions>
          <distance>30056</distance>
        </extensions>
      </trkpt>
      <trkpt lat="46.46589" lon="13.98137">
        <ele>1015</ele>
        <extensions>
          <distance>30066</distance>
        </extensions>
      </trkpt>
      <trkpt lat="46.46595" lon="13.98115">
        <ele>1015</ele>
        <extensions>
          <distance>30084</distance>
        </extensions>
      </trkpt>
      <trkpt lat="46.46604" lon="13.98091">
        <ele>1015</ele>
        <extensions>
          <distance>30105</distance>
        </extensions>
      </trkpt>
      <trkpt lat="46.466125000000005" lon="13.9807575">
        <ele>1014</ele>
        <extensions>
          <distance>30121</distance>
        </extensions>
      </trkpt>
      <trkpt lat="46.466210000000004" lon="13.980605">
        <ele>1013</ele>
        <extensions>
          <distance>30136</distance>
        </extensions>
      </trkpt>
      <trkpt lat="46.466295" lon="13.9804525">
        <ele>1012</ele>
        <extensions>
          <distance>30151</distance>
        </extensions>
      </trkpt>
      <trkpt lat="46.46638" lon="13.9803">
        <ele>1011</ele>
        <extensions>
          <distance>30166</distance>
        </extensions>
      </trkpt>
      <trkpt lat="46.466499999999996" lon="13.980145">
        <ele>1009</ele>
        <extensions>
          <distance>30184</distance>
        </extensions>
      </trkpt>
      <trkpt lat="46.46662" lon="13.97999">
        <ele>1007</ele>
        <extensions>
          <distance>30202</distance>
        </extensions>
      </trkpt>
      <trkpt lat="46.46666" lon="13.9799">
        <ele>1005</ele>
        <extensions>
          <distance>30210</distance>
        </extensions>
      </trkpt>
      <trkpt lat="46.46669" lon="13.97978">
        <ele>1004</ele>
        <extensions>
          <distance>30220</distance>
        </extensions>
      </trkpt>
      <trkpt lat="46.466715" lon="13.97947">
        <ele>998.5</ele>
        <extensions>
          <distance>30245</distance>
        </extensions>
      </trkpt>
      <trkpt lat="46.46674" lon="13.97916">
        <ele>993</ele>
        <extensions>
          <distance>30269</distance>
        </extensions>
      </trkpt>
      <trkpt lat="46.46678" lon="13.97903">
        <ele>991</ele>
        <extensions>
          <distance>30280</distance>
        </extensions>
      </trkpt>
      <trkpt lat="46.46684" lon="13.97893">
        <ele>990</ele>
        <extensions>
          <distance>30290</distance>
        </extensions>
      </trkpt>
      <trkpt lat="46.4669" lon="13.97888">
        <ele>989</ele>
        <extensions>
          <distance>30298</distance>
        </extensions>
      </trkpt>
      <trkpt lat="46.467035" lon="13.978845">
        <ele>989</ele>
        <extensions>
          <distance>30314</distance>
        </extensions>
      </trkpt>
      <trkpt lat="46.46717" lon="13.97881">
        <ele>989</ele>
        <extensions>
          <distance>30329</distance>
        </extensions>
      </trkpt>
      <trkpt lat="46.46732" lon="13.97873">
        <ele>989</ele>
        <extensions>
          <distance>30347</distance>
        </extensions>
      </trkpt>
      <trkpt lat="46.46757" lon="13.97866">
        <ele>989</ele>
        <extensions>
          <distance>30375</distance>
        </extensions>
      </trkpt>
      <trkpt lat="46.46773" lon="13.97859">
        <ele>989</ele>
        <extensions>
          <distance>30393</distance>
        </extensions>
      </trkpt>
      <trkpt lat="46.46789" lon="13.97849">
        <ele>989</ele>
        <extensions>
          <distance>30413</distance>
        </extensions>
      </trkpt>
      <trkpt lat="46.46796" lon="13.97839">
        <ele>989</ele>
        <extensions>
          <distance>30424</distance>
        </extensions>
      </trkpt>
      <trkpt lat="46.46804" lon="13.978224999999998">
        <ele>986</ele>
        <extensions>
          <distance>30439</distance>
        </extensions>
      </trkpt>
      <trkpt lat="46.46812" lon="13.97806">
        <ele>983</ele>
        <extensions>
          <distance>30455</distance>
        </extensions>
      </trkpt>
      <trkpt lat="46.4682" lon="13.97777">
        <ele>976</ele>
        <extensions>
          <distance>30480</distance>
        </extensions>
      </trkpt>
      <trkpt lat="46.46828" lon="13.97755">
        <ele>972</ele>
        <extensions>
          <distance>30500</distance>
        </extensions>
      </trkpt>
      <trkpt lat="46.46841" lon="13.97729">
        <ele>972</ele>
        <extensions>
          <distance>30524</distance>
        </extensions>
      </trkpt>
      <trkpt lat="46.46841" lon="13.97719">
        <ele>971</ele>
        <extensions>
          <distance>30532</distance>
        </extensions>
      </trkpt>
      <trkpt lat="46.46839" lon="13.97713">
        <ele>970</ele>
        <extensions>
          <distance>30537</distance>
        </extensions>
      </trkpt>
      <trkpt lat="46.46833" lon="13.9771">
        <ele>968</ele>
        <extensions>
          <distance>30544</distance>
        </extensions>
      </trkpt>
      <trkpt lat="46.46826" lon="13.97715">
        <ele>968</ele>
        <extensions>
          <distance>30553</distance>
        </extensions>
      </trkpt>
      <trkpt lat="46.468175" lon="13.977325">
        <ele>968</ele>
        <extensions>
          <distance>30569</distance>
        </extensions>
      </trkpt>
      <trkpt lat="46.46809" lon="13.9775">
        <ele>968</ele>
        <extensions>
          <distance>30586</distance>
        </extensions>
      </trkpt>
      <trkpt lat="46.46799" lon="13.97765">
        <ele>968</ele>
        <extensions>
          <distance>30602</distance>
        </extensions>
      </trkpt>
      <trkpt lat="46.46788" lon="13.97772">
        <ele>968</ele>
        <extensions>
          <distance>30615</distance>
        </extensions>
      </trkpt>
      <trkpt lat="46.46777" lon="13.97772">
        <ele>968</ele>
        <extensions>
          <distance>30628</distance>
        </extensions>
      </trkpt>
      <trkpt lat="46.46769" lon="13.97768">
        <ele>968</ele>
        <extensions>
          <distance>30637</distance>
        </extensions>
      </trkpt>
      <trkpt lat="46.46754" lon="13.97745">
        <ele>961</ele>
        <extensions>
          <distance>30661</distance>
        </extensions>
      </trkpt>
      <trkpt lat="46.46743" lon="13.97738">
        <ele>959</ele>
        <extensions>
          <distance>30675</distance>
        </extensions>
      </trkpt>
      <trkpt lat="46.467285000000004" lon="13.97739">
        <ele>957</ele>
        <extensions>
          <distance>30691</distance>
        </extensions>
      </trkpt>
      <trkpt lat="46.46714" lon="13.9774">
        <ele>955</ele>
        <extensions>
          <distance>30707</distance>
        </extensions>
      </trkpt>
      <trkpt lat="46.4669" lon="13.97739">
        <ele>951</ele>
        <extensions>
          <distance>30734</distance>
        </extensions>
      </trkpt>
      <trkpt lat="46.46669" lon="13.9774">
        <ele>949</ele>
        <extensions>
          <distance>30758</distance>
        </extensions>
      </trkpt>
      <trkpt lat="46.4666" lon="13.97743">
        <ele>949</ele>
        <extensions>
          <distance>30768</distance>
        </extensions>
      </trkpt>
      <trkpt lat="46.46644" lon="13.97758">
        <ele>948</ele>
        <extensions>
          <distance>30789</distance>
        </extensions>
      </trkpt>
      <trkpt lat="46.46637" lon="13.97761">
        <ele>947</ele>
        <extensions>
          <distance>30797</distance>
        </extensions>
      </trkpt>
      <trkpt lat="46.46613" lon="13.97762">
        <ele>946</ele>
        <extensions>
          <distance>30824</distance>
        </extensions>
      </trkpt>
      <trkpt lat="46.46592" lon="13.97768">
        <ele>944</ele>
        <extensions>
          <distance>30848</distance>
        </extensions>
      </trkpt>
      <trkpt lat="46.46575" lon="13.97769">
        <ele>941</ele>
        <extensions>
          <distance>30867</distance>
        </extensions>
      </trkpt>
      <trkpt lat="46.46568" lon="13.97765">
        <ele>938</ele>
        <extensions>
          <distance>30876</distance>
        </extensions>
      </trkpt>
      <trkpt lat="46.46566" lon="13.97756">
        <ele>938</ele>
        <extensions>
          <distance>30883</distance>
        </extensions>
      </trkpt>
      <trkpt lat="46.46568" lon="13.97749">
        <ele>938</ele>
        <extensions>
          <distance>30889</distance>
        </extensions>
      </trkpt>
      <trkpt lat="46.46575" lon="13.97745">
        <ele>937</ele>
        <extensions>
          <distance>30898</distance>
        </extensions>
      </trkpt>
      <trkpt lat="46.4659" lon="13.97745">
        <ele>937</ele>
        <extensions>
          <distance>30914</distance>
        </extensions>
      </trkpt>
      <trkpt lat="46.46606" lon="13.97735">
        <ele>938</ele>
        <extensions>
          <distance>30934</distance>
        </extensions>
      </trkpt>
      <trkpt lat="46.46622" lon="13.9772">
        <ele>938</ele>
        <extensions>
          <distance>30955</distance>
        </extensions>
      </trkpt>
      <trkpt lat="46.46641" lon="13.97714">
        <ele>938</ele>
        <extensions>
          <distance>30976</distance>
        </extensions>
      </trkpt>
      <trkpt lat="46.46653" lon="13.97705">
        <ele>937</ele>
        <extensions>
          <distance>30991</distance>
        </extensions>
      </trkpt>
      <trkpt lat="46.4666" lon="13.97694">
        <ele>936</ele>
        <extensions>
          <distance>31003</distance>
        </extensions>
      </trkpt>
      <trkpt lat="46.466655" lon="13.976725">
        <ele>932.5</ele>
        <extensions>
          <distance>31021</distance>
        </extensions>
      </trkpt>
      <trkpt lat="46.46671" lon="13.97651">
        <ele>929</ele>
        <extensions>
          <distance>31039</distance>
        </extensions>
      </trkpt>
      <trkpt lat="46.46679" lon="13.97642">
        <ele>928</ele>
        <extensions>
          <distance>31050</distance>
        </extensions>
      </trkpt>
      <trkpt lat="46.46699" lon="13.97627">
        <ele>928</ele>
        <extensions>
          <distance>31075</distance>
        </extensions>
      </trkpt>
      <trkpt lat="46.46703" lon="13.97619">
        <ele>927</ele>
        <extensions>
          <distance>31083</distance>
        </extensions>
      </trkpt>
      <trkpt lat="46.4671" lon="13.975935">
        <ele>924</ele>
        <extensions>
          <distance>31104</distance>
        </extensions>
      </trkpt>
      <trkpt lat="46.46717" lon="13.97568">
        <ele>921</ele>
        <extensions>
          <distance>31125</distance>
        </extensions>
      </trkpt>
      <trkpt lat="46.46718" lon="13.97553">
        <ele>919</ele>
        <extensions>
          <distance>31137</distance>
        </extensions>
      </trkpt>
      <trkpt lat="46.467105000000004" lon="13.975255">
        <ele>914</ele>
        <extensions>
          <distance>31160</distance>
        </extensions>
      </trkpt>
      <trkpt lat="46.46703" lon="13.97498">
        <ele>909</ele>
        <extensions>
          <distance>31184</distance>
        </extensions>
      </trkpt>
      <trkpt lat="46.46701" lon="13.97487">
        <ele>907</ele>
        <extensions>
          <distance>31193</distance>
        </extensions>
      </trkpt>
      <trkpt lat="46.46701" lon="13.97475">
        <ele>905</ele>
        <extensions>
          <distance>31202</distance>
        </extensions>
      </trkpt>
      <trkpt lat="46.46704" lon="13.97461">
        <ele>904</ele>
        <extensions>
          <distance>31213</distance>
        </extensions>
      </trkpt>
      <trkpt lat="46.46717" lon="13.97434">
        <ele>904</ele>
        <extensions>
          <distance>31239</distance>
        </extensions>
      </trkpt>
      <trkpt lat="46.46721" lon="13.97416">
        <ele>902</ele>
        <extensions>
          <distance>31253</distance>
        </extensions>
      </trkpt>
      <trkpt lat="46.467200000000005" lon="13.97393">
        <ele>899</ele>
        <extensions>
          <distance>31271</distance>
        </extensions>
      </trkpt>
      <trkpt lat="46.46719" lon="13.9737">
        <ele>896</ele>
        <extensions>
          <distance>31289</distance>
        </extensions>
      </trkpt>
      <trkpt lat="46.4672" lon="13.97354">
        <ele>894</ele>
        <extensions>
          <distance>31302</distance>
        </extensions>
      </trkpt>
      <trkpt lat="46.467275" lon="13.973245">
        <ele>893</ele>
        <extensions>
          <distance>31326</distance>
        </extensions>
      </trkpt>
      <trkpt lat="46.46735" lon="13.97295">
        <ele>892</ele>
        <extensions>
          <distance>31350</distance>
        </extensions>
      </trkpt>
      <trkpt lat="46.467380000000006" lon="13.972745">
        <ele>890.5</ele>
        <extensions>
          <distance>31366</distance>
        </extensions>
      </trkpt>
      <trkpt lat="46.46741" lon="13.97254">
        <ele>889</ele>
        <extensions>
          <distance>31382</distance>
        </extensions>
      </trkpt>
      <trkpt lat="46.467439999999996" lon="13.972335000000001">
        <ele>889</ele>
        <extensions>
          <distance>31398</distance>
        </extensions>
      </trkpt>
      <trkpt lat="46.46747" lon="13.97213">
        <ele>889</ele>
        <extensions>
          <distance>31414</distance>
        </extensions>
      </trkpt>
      <trkpt lat="46.46757" lon="13.97185">
        <ele>889</ele>
        <extensions>
          <distance>31439</distance>
        </extensions>
      </trkpt>
      <trkpt lat="46.46774" lon="13.97161">
        <ele>887.5</ele>
        <extensions>
          <distance>31465</distance>
        </extensions>
      </trkpt>
      <trkpt lat="46.46774" lon="13.9715">
        <ele>887</ele>
        <extensions>
          <distance>31473</distance>
        </extensions>
      </trkpt>
      <trkpt lat="46.46771" lon="13.97147">
        <ele>887</ele>
        <extensions>
          <distance>31478</distance>
        </extensions>
      </trkpt>
      <trkpt lat="46.46767" lon="13.97147">
        <ele>887</ele>
        <extensions>
          <distance>31482</distance>
        </extensions>
      </trkpt>
      <trkpt lat="46.467524999999995" lon="13.97161">
        <ele>882.5</ele>
        <extensions>
          <distance>31502</distance>
        </extensions>
      </trkpt>
      <trkpt lat="46.46738" lon="13.97175">
        <ele>878</ele>
        <extensions>
          <distance>31522</distance>
        </extensions>
      </trkpt>
      <trkpt lat="46.467235" lon="13.971965">
        <ele>876</ele>
        <extensions>
          <distance>31545</distance>
        </extensions>
      </trkpt>
      <trkpt lat="46.46709" lon="13.97218">
        <ele>874</ele>
        <extensions>
          <distance>31568</distance>
        </extensions>
      </trkpt>
      <trkpt lat="46.46696" lon="13.97233">
        <ele>872</ele>
        <extensions>
          <distance>31587</distance>
        </extensions>
      </trkpt>
      <trkpt lat="46.46685" lon="13.97239">
        <ele>869</ele>
        <extensions>
          <distance>31600</distance>
        </extensions>
      </trkpt>
      <trkpt lat="46.4666" lon="13.97243">
        <ele>863</ele>
        <extensions>
          <distance>31629</distance>
        </extensions>
      </trkpt>
      <trkpt lat="46.46653" lon="13.97253">
        <ele>863</ele>
        <extensions>
          <distance>31639</distance>
        </extensions>
      </trkpt>
      <trkpt lat="46.46644" lon="13.97284">
        <ele>863</ele>
        <extensions>
          <distance>31665</distance>
        </extensions>
      </trkpt>
      <trkpt lat="46.46634" lon="13.97303">
        <ele>862</ele>
        <extensions>
          <distance>31684</distance>
        </extensions>
      </trkpt>
      <trkpt lat="46.46628" lon="13.97308">
        <ele>862</ele>
        <extensions>
          <distance>31691</distance>
        </extensions>
      </trkpt>
      <trkpt lat="46.46621" lon="13.97305">
        <ele>861</ele>
        <extensions>
          <distance>31699</distance>
        </extensions>
      </trkpt>
      <trkpt lat="46.46619" lon="13.97293">
        <ele>859</ele>
        <extensions>
          <distance>31709</distance>
        </extensions>
      </trkpt>
      <trkpt lat="46.46622" lon="13.97273">
        <ele>857</ele>
        <extensions>
          <distance>31725</distance>
        </extensions>
      </trkpt>
      <trkpt lat="46.46623" lon="13.97258">
        <ele>856</ele>
        <extensions>
          <distance>31737</distance>
        </extensions>
      </trkpt>
      <trkpt lat="46.4662" lon="13.97231">
        <ele>852</ele>
        <extensions>
          <distance>31758</distance>
        </extensions>
      </trkpt>
      <trkpt lat="46.46621" lon="13.97207">
        <ele>849</ele>
        <extensions>
          <distance>31777</distance>
        </extensions>
      </trkpt>
      <trkpt lat="46.46631" lon="13.97173">
        <ele>849</ele>
        <extensions>
          <distance>31805</distance>
        </extensions>
      </trkpt>
      <trkpt lat="46.46651" lon="13.97156">
        <ele>849</ele>
        <extensions>
          <distance>31831</distance>
        </extensions>
      </trkpt>
      <trkpt lat="46.46667" lon="13.97131">
        <ele>848</ele>
        <extensions>
          <distance>31857</distance>
        </extensions>
      </trkpt>
      <trkpt lat="46.46672" lon="13.9711">
        <ele>847</ele>
        <extensions>
          <distance>31874</distance>
        </extensions>
      </trkpt>
      <trkpt lat="46.466715" lon="13.970875">
        <ele>844.5</ele>
        <extensions>
          <distance>31892</distance>
        </extensions>
      </trkpt>
      <trkpt lat="46.46671" lon="13.97065">
        <ele>841</ele>
        <extensions>
          <distance>31909</distance>
        </extensions>
      </trkpt>
      <trkpt lat="46.46674" lon="13.97053">
        <ele>840</ele>
        <extensions>
          <distance>31919</distance>
        </extensions>
      </trkpt>
      <trkpt lat="46.46682" lon="13.97035">
        <ele>839</ele>
        <extensions>
          <distance>31936</distance>
        </extensions>
      </trkpt>
      <trkpt lat="46.46685" lon="13.97017">
        <ele>836</ele>
        <extensions>
          <distance>31950</distance>
        </extensions>
      </trkpt>
      <trkpt lat="46.46686" lon="13.97002">
        <ele>832</ele>
        <extensions>
          <distance>31962</distance>
        </extensions>
      </trkpt>
      <trkpt lat="46.4669" lon="13.96986">
        <ele>831</ele>
        <extensions>
          <distance>31975</distance>
        </extensions>
      </trkpt>
      <trkpt lat="46.46706" lon="13.96964">
        <ele>831</ele>
        <extensions>
          <distance>32000</distance>
        </extensions>
      </trkpt>
      <trkpt lat="46.46708" lon="13.96957">
        <ele>831</ele>
        <extensions>
          <distance>32006</distance>
        </extensions>
      </trkpt>
      <trkpt lat="46.46708" lon="13.96947">
        <ele>829</ele>
        <extensions>
          <distance>32013</distance>
        </extensions>
      </trkpt>
      <trkpt lat="46.46703" lon="13.96927">
        <ele>824</ele>
        <extensions>
          <distance>32031</distance>
        </extensions>
      </trkpt>
      <trkpt lat="46.46702" lon="13.96916">
        <ele>822</ele>
        <extensions>
          <distance>32039</distance>
        </extensions>
      </trkpt>
      <trkpt lat="46.467034999999996" lon="13.9689375">
        <ele>820.25</ele>
        <extensions>
          <distance>32057</distance>
        </extensions>
      </trkpt>
      <trkpt lat="46.46705" lon="13.968715">
        <ele>818.5</ele>
        <extensions>
          <distance>32074</distance>
        </extensions>
      </trkpt>
      <trkpt lat="46.467065000000005" lon="13.9684925">
        <ele>816.75</ele>
        <extensions>
          <distance>32091</distance>
        </extensions>
      </trkpt>
      <trkpt lat="46.46708" lon="13.96827">
        <ele>816.75</ele>
        <extensions>
          <distance>32108</distance>
        </extensions>
      </trkpt>
      <trkpt lat="46.46717" lon="13.96802">
        <ele>816</ele>
        <extensions>
          <distance>32130</distance>
        </extensions>
      </trkpt>
      <trkpt lat="46.467295" lon="13.967875">
        <ele>815.5</ele>
        <extensions>
          <distance>32148</distance>
        </extensions>
      </trkpt>
      <trkpt lat="46.46742" lon="13.96773">
        <ele>815</ele>
        <extensions>
          <distance>32166</distance>
        </extensions>
      </trkpt>
      <trkpt lat="46.46746" lon="13.96764">
        <ele>814.5</ele>
        <extensions>
          <distance>32174</distance>
        </extensions>
      </trkpt>
      <trkpt lat="46.46752" lon="13.9673">
        <ele>814.5</ele>
        <extensions>
          <distance>32201</distance>
        </extensions>
      </trkpt>
      <trkpt lat="46.46758" lon="13.96696">
        <ele>814.5</ele>
        <extensions>
          <distance>32228</distance>
        </extensions>
      </trkpt>
      <trkpt lat="46.46762" lon="13.96659">
        <ele>814.5</ele>
        <extensions>
          <distance>32256</distance>
        </extensions>
      </trkpt>
      <trkpt lat="46.467685" lon="13.966355">
        <ele>813</ele>
        <extensions>
          <distance>32276</distance>
        </extensions>
      </trkpt>
      <trkpt lat="46.46775" lon="13.96612">
        <ele>813</ele>
        <extensions>
          <distance>32295</distance>
        </extensions>
      </trkpt>
      <trkpt lat="46.46777" lon="13.96599">
        <ele>812.5</ele>
        <extensions>
          <distance>32306</distance>
        </extensions>
      </trkpt>
      <trkpt lat="46.46776" lon="13.96583">
        <ele>812.5</ele>
        <extensions>
          <distance>32318</distance>
        </extensions>
      </trkpt>
      <trkpt lat="46.46772" lon="13.96561">
        <ele>809</ele>
        <extensions>
          <distance>32336</distance>
        </extensions>
      </trkpt>
      <trkpt lat="46.46765" lon="13.96541">
        <ele>803</ele>
        <extensions>
          <distance>32354</distance>
        </extensions>
      </trkpt>
      <trkpt lat="46.46763" lon="13.9652">
        <ele>801</ele>
        <extensions>
          <distance>32370</distance>
        </extensions>
      </trkpt>
      <trkpt lat="46.4677" lon="13.96495">
        <ele>801</ele>
        <extensions>
          <distance>32391</distance>
        </extensions>
      </trkpt>
      <trkpt lat="46.46778" lon="13.96478">
        <ele>800</ele>
        <extensions>
          <distance>32407</distance>
        </extensions>
      </trkpt>
      <trkpt lat="46.467805" lon="13.964585">
        <ele>798.5</ele>
        <extensions>
          <distance>32422</distance>
        </extensions>
      </trkpt>
      <trkpt lat="46.46783" lon="13.96439">
        <ele>796</ele>
        <extensions>
          <distance>32437</distance>
        </extensions>
      </trkpt>
      <trkpt lat="46.46792" lon="13.9641">
        <ele>795</ele>
        <extensions>
          <distance>32462</distance>
        </extensions>
      </trkpt>
      <trkpt lat="46.46796" lon="13.96384">
        <ele>792</ele>
        <extensions>
          <distance>32482</distance>
        </extensions>
      </trkpt>
      <trkpt lat="46.46797" lon="13.96355">
        <ele>788</ele>
        <extensions>
          <distance>32505</distance>
        </extensions>
      </trkpt>
      <trkpt lat="46.467929999999996" lon="13.963215">
        <ele>782</ele>
        <extensions>
          <distance>32532</distance>
        </extensions>
      </trkpt>
      <trkpt lat="46.46789" lon="13.96288">
        <ele>777</ele>
        <extensions>
          <distance>32558</distance>
        </extensions>
      </trkpt>
      <trkpt lat="46.4679" lon="13.96277">
        <ele>776</ele>
        <extensions>
          <distance>32567</distance>
        </extensions>
      </trkpt>
      <trkpt lat="46.46793" lon="13.96265">
        <ele>776</ele>
        <extensions>
          <distance>32577</distance>
        </extensions>
      </trkpt>
      <trkpt lat="46.46803" lon="13.9624">
        <ele>776</ele>
        <extensions>
          <distance>32599</distance>
        </extensions>
      </trkpt>
      <trkpt lat="46.46809" lon="13.96211">
        <ele>775</ele>
        <extensions>
          <distance>32622</distance>
        </extensions>
      </trkpt>
      <trkpt lat="46.468109999999996" lon="13.961849999999998">
        <ele>771.5</ele>
        <extensions>
          <distance>32643</distance>
        </extensions>
      </trkpt>
      <trkpt lat="46.46813" lon="13.96159">
        <ele>768</ele>
        <extensions>
          <distance>32663</distance>
        </extensions>
      </trkpt>
      <trkpt lat="46.468185000000005" lon="13.961335">
        <ele>766</ele>
        <extensions>
          <distance>32684</distance>
        </extensions>
      </trkpt>
      <trkpt lat="46.46824" lon="13.96108">
        <ele>765.5</ele>
        <extensions>
          <distance>32704</distance>
        </extensions>
      </trkpt>
      <trkpt lat="46.46836" lon="13.96078">
        <ele>765.5</ele>
        <extensions>
          <distance>32731</distance>
        </extensions>
      </trkpt>
      <trkpt lat="46.46845" lon="13.96066">
        <ele>764</ele>
        <extensions>
          <distance>32744</distance>
        </extensions>
      </trkpt>
      <trkpt lat="46.468575" lon="13.96058">
        <ele>764</ele>
        <extensions>
          <distance>32760</distance>
        </extensions>
      </trkpt>
      <trkpt lat="46.4687" lon="13.9605">
        <ele>764</ele>
        <extensions>
          <distance>32775</distance>
        </extensions>
      </trkpt>
      <trkpt lat="46.46881" lon="13.96029">
        <ele>764</ele>
        <extensions>
          <distance>32795</distance>
        </extensions>
      </trkpt>
      <trkpt lat="46.46882" lon="13.96009">
        <ele>762</ele>
        <extensions>
          <distance>32811</distance>
        </extensions>
      </trkpt>
      <trkpt lat="46.46881" lon="13.95998">
        <ele>761</ele>
        <extensions>
          <distance>32819</distance>
        </extensions>
      </trkpt>
      <trkpt lat="46.46876" lon="13.95984">
        <ele>759</ele>
        <extensions>
          <distance>32831</distance>
        </extensions>
      </trkpt>
      <trkpt lat="46.46861" lon="13.959745">
        <ele>756.5</ele>
        <extensions>
          <distance>32850</distance>
        </extensions>
      </trkpt>
      <trkpt lat="46.46846" lon="13.95965">
        <ele>754</ele>
        <extensions>
          <distance>32868</distance>
        </extensions>
      </trkpt>
      <trkpt lat="46.4684" lon="13.95958">
        <ele>754</ele>
        <extensions>
          <distance>32877</distance>
        </extensions>
      </trkpt>
      <trkpt lat="46.46833" lon="13.95942">
        <ele>754</ele>
        <extensions>
          <distance>32891</distance>
        </extensions>
      </trkpt>
      <trkpt lat="46.468345" lon="13.959185">
        <ele>754</ele>
        <extensions>
          <distance>32909</distance>
        </extensions>
      </trkpt>
      <trkpt lat="46.46836" lon="13.95895">
        <ele>756</ele>
        <extensions>
          <distance>32928</distance>
        </extensions>
      </trkpt>
      <trkpt lat="46.46835" lon="13.95867">
        <ele>758</ele>
        <extensions>
          <distance>32949</distance>
        </extensions>
      </trkpt>
      <trkpt lat="46.468315000000004" lon="13.95842">
        <ele>758</ele>
        <extensions>
          <distance>32969</distance>
        </extensions>
      </trkpt>
      <trkpt lat="46.46828" lon="13.95817">
        <ele>758</ele>
        <extensions>
          <distance>32988</distance>
        </extensions>
      </trkpt>
      <trkpt lat="46.4683" lon="13.95803">
        <ele>759</ele>
        <extensions>
          <distance>32999</distance>
        </extensions>
      </trkpt>
      <trkpt lat="46.4684" lon="13.95782">
        <ele>765</ele>
        <extensions>
          <distance>33019</distance>
        </extensions>
      </trkpt>
      <trkpt lat="46.46843" lon="13.95768">
        <ele>765</ele>
        <extensions>
          <distance>33030</distance>
        </extensions>
      </trkpt>
      <trkpt lat="46.46841" lon="13.95748">
        <ele>765</ele>
        <extensions>
          <distance>33046</distance>
        </extensions>
      </trkpt>
      <trkpt lat="46.468329999999995" lon="13.95731">
        <ele>765</ele>
        <extensions>
          <distance>33062</distance>
        </extensions>
      </trkpt>
      <trkpt lat="46.46825" lon="13.95714">
        <ele>763</ele>
        <extensions>
          <distance>33078</distance>
        </extensions>
      </trkpt>
      <trkpt lat="46.46815" lon="13.957">
        <ele>760</ele>
        <extensions>
          <distance>33093</distance>
        </extensions>
      </trkpt>
      <trkpt lat="46.46795" lon="13.9568">
        <ele>753</ele>
        <extensions>
          <distance>33121</distance>
        </extensions>
      </trkpt>
      <trkpt lat="46.4678" lon="13.9566">
        <ele>749</ele>
        <extensions>
          <distance>33144</distance>
        </extensions>
      </trkpt>
      <trkpt lat="46.46761" lon="13.95644">
        <ele>742</ele>
        <extensions>
          <distance>33170</distance>
        </extensions>
      </trkpt>
      <trkpt lat="46.46751" lon="13.95631">
        <ele>742</ele>
        <extensions>
          <distance>33185</distance>
        </extensions>
      </trkpt>
      <trkpt lat="46.46748" lon="13.95616">
        <ele>742</ele>
        <extensions>
          <distance>33197</distance>
        </extensions>
      </trkpt>
      <trkpt lat="46.46749" lon="13.95597">
        <ele>742</ele>
        <extensions>
          <distance>33211</distance>
        </extensions>
      </trkpt>
      <trkpt lat="46.467524999999995" lon="13.95578">
        <ele>742</ele>
        <extensions>
          <distance>33226</distance>
        </extensions>
      </trkpt>
      <trkpt lat="46.46756" lon="13.95559">
        <ele>742</ele>
        <extensions>
          <distance>33242</distance>
        </extensions>
      </trkpt>
      <trkpt lat="46.46757" lon="13.95549">
        <ele>742</ele>
        <extensions>
          <distance>33249</distance>
        </extensions>
      </trkpt>
      <trkpt lat="46.46755" lon="13.95521">
        <ele>742</ele>
        <extensions>
          <distance>33271</distance>
        </extensions>
      </trkpt>
      <trkpt lat="46.467455" lon="13.9549475">
        <ele>738.5</ele>
        <extensions>
          <distance>33294</distance>
        </extensions>
      </trkpt>
      <trkpt lat="46.46736" lon="13.954685">
        <ele>734</ele>
        <extensions>
          <distance>33317</distance>
        </extensions>
      </trkpt>
      <trkpt lat="46.467265" lon="13.9544225">
        <ele>729.5</ele>
        <extensions>
          <distance>33340</distance>
        </extensions>
      </trkpt>
      <trkpt lat="46.46717" lon="13.95416">
        <ele>725</ele>
        <extensions>
          <distance>33363</distance>
        </extensions>
      </trkpt>
      <trkpt lat="46.46715" lon="13.95397">
        <ele>723</ele>
        <extensions>
          <distance>33378</distance>
        </extensions>
      </trkpt>
      <trkpt lat="46.46716" lon="13.95376">
        <ele>721</ele>
        <extensions>
          <distance>33395</distance>
        </extensions>
      </trkpt>
      <trkpt lat="46.46719" lon="13.953520000000001">
        <ele>719.5</ele>
        <extensions>
          <distance>33413</distance>
        </extensions>
      </trkpt>
      <trkpt lat="46.46722" lon="13.95328">
        <ele>718</ele>
        <extensions>
          <distance>33432</distance>
        </extensions>
      </trkpt>
      <trkpt lat="46.46726" lon="13.95311">
        <ele>718</ele>
        <extensions>
          <distance>33446</distance>
        </extensions>
      </trkpt>
      <trkpt lat="46.46733" lon="13.95291">
        <ele>718</ele>
        <extensions>
          <distance>33463</distance>
        </extensions>
      </trkpt>
      <trkpt lat="46.46748" lon="13.95271">
        <ele>718</ele>
        <extensions>
          <distance>33486</distance>
        </extensions>
      </trkpt>
      <trkpt lat="46.46757" lon="13.95241">
        <ele>719</ele>
        <extensions>
          <distance>33511</distance>
        </extensions>
      </trkpt>
      <trkpt lat="46.4676" lon="13.95213">
        <ele>719</ele>
        <extensions>
          <distance>33533</distance>
        </extensions>
      </trkpt>
      <trkpt lat="46.467605" lon="13.951744999999999">
        <ele>719</ele>
        <extensions>
          <distance>33562</distance>
        </extensions>
      </trkpt>
      <trkpt lat="46.46761" lon="13.95136">
        <ele>719</ele>
        <extensions>
          <distance>33592</distance>
        </extensions>
      </trkpt>
      <trkpt lat="46.46756" lon="13.95116">
        <ele>719</ele>
        <extensions>
          <distance>33608</distance>
        </extensions>
      </trkpt>
      <trkpt lat="46.46738" lon="13.951">
        <ele>716</ele>
        <extensions>
          <distance>33632</distance>
        </extensions>
      </trkpt>
      <trkpt lat="46.4672" lon="13.95084">
        <ele>710</ele>
        <extensions>
          <distance>33656</distance>
        </extensions>
      </trkpt>
      <trkpt lat="46.4671" lon="13.95063">
        <ele>710</ele>
        <extensions>
          <distance>33675</distance>
        </extensions>
      </trkpt>
      <trkpt lat="46.46722" lon="13.95028">
        <ele>710</ele>
        <extensions>
          <distance>33705</distance>
        </extensions>
      </trkpt>
      <trkpt lat="46.46727" lon="13.95005">
        <ele>710</ele>
        <extensions>
          <distance>33724</distance>
        </extensions>
      </trkpt>
      <trkpt lat="46.46734" lon="13.94984">
        <ele>711</ele>
        <extensions>
          <distance>33742</distance>
        </extensions>
      </trkpt>
      <trkpt lat="46.46741" lon="13.94963">
        <ele>713</ele>
        <extensions>
          <distance>33760</distance>
        </extensions>
      </trkpt>
      <trkpt lat="46.46747" lon="13.949280000000002">
        <ele>713</ele>
        <extensions>
          <distance>33788</distance>
        </extensions>
      </trkpt>
      <trkpt lat="46.46753" lon="13.94893">
        <ele>713</ele>
        <extensions>
          <distance>33815</distance>
        </extensions>
      </trkpt>
      <trkpt lat="46.46756" lon="13.9489">
        <ele>713</ele>
        <extensions>
          <distance>33819</distance>
        </extensions>
      </trkpt>
      <trkpt lat="46.467614999999995" lon="13.94868">
        <ele>713</ele>
        <extensions>
          <distance>33837</distance>
        </extensions>
      </trkpt>
      <trkpt lat="46.46767" lon="13.94846">
        <ele>713</ele>
        <extensions>
          <distance>33855</distance>
        </extensions>
      </trkpt>
      <trkpt lat="46.467725" lon="13.94824">
        <ele>713</ele>
        <extensions>
          <distance>33873</distance>
        </extensions>
      </trkpt>
      <trkpt lat="46.46778" lon="13.94802">
        <ele>713</ele>
        <extensions>
          <distance>33891</distance>
        </extensions>
      </trkpt>
      <trkpt lat="46.46766" lon="13.94786">
        <ele>711</ele>
        <extensions>
          <distance>33909</distance>
        </extensions>
      </trkpt>
      <trkpt lat="46.46763" lon="13.9478">
        <ele>710</ele>
        <extensions>
          <distance>33915</distance>
        </extensions>
      </trkpt>
      <trkpt lat="46.46759" lon="13.94766">
        <ele>710</ele>
        <extensions>
          <distance>33927</distance>
        </extensions>
      </trkpt>
      <trkpt lat="46.46752" lon="13.94731">
        <ele>709</ele>
        <extensions>
          <distance>33955</distance>
        </extensions>
      </trkpt>
      <trkpt lat="46.46743" lon="13.94713">
        <ele>709</ele>
        <extensions>
          <distance>33972</distance>
        </extensions>
      </trkpt>
      <trkpt lat="46.46739" lon="13.94698">
        <ele>709</ele>
        <extensions>
          <distance>33984</distance>
        </extensions>
      </trkpt>
      <trkpt lat="46.467365" lon="13.9467775">
        <ele>709</ele>
        <extensions>
          <distance>34000</distance>
        </extensions>
      </trkpt>
      <trkpt lat="46.46734" lon="13.946575">
        <ele>709</ele>
        <extensions>
          <distance>34016</distance>
        </extensions>
      </trkpt>
      <trkpt lat="46.467315" lon="13.946372499999999">
        <ele>709.25</ele>
        <extensions>
          <distance>34032</distance>
        </extensions>
      </trkpt>
      <trkpt lat="46.46729" lon="13.94617">
        <ele>709.25</ele>
        <extensions>
          <distance>34047</distance>
        </extensions>
      </trkpt>
      <trkpt lat="46.46724" lon="13.94585">
        <ele>709.25</ele>
        <extensions>
          <distance>34073</distance>
        </extensions>
      </trkpt>
      <trkpt lat="46.4672075" lon="13.9454925">
        <ele>709</ele>
        <extensions>
          <distance>34100</distance>
        </extensions>
      </trkpt>
      <trkpt lat="46.467175" lon="13.945135">
        <ele>708.5</ele>
        <extensions>
          <distance>34128</distance>
        </extensions>
      </trkpt>
      <trkpt lat="46.467142499999994" lon="13.9447775">
        <ele>707.75</ele>
        <extensions>
          <distance>34156</distance>
        </extensions>
      </trkpt>
      <trkpt lat="46.46711" lon="13.94442">
        <ele>707</ele>
        <extensions>
          <distance>34183</distance>
        </extensions>
      </trkpt>
      <trkpt lat="46.4671" lon="13.944189999999999">
        <ele>706.5</ele>
        <extensions>
          <distance>34201</distance>
        </extensions>
      </trkpt>
      <trkpt lat="46.46709" lon="13.94396">
        <ele>706</ele>
        <extensions>
          <distance>34219</distance>
        </extensions>
      </trkpt>
      <trkpt lat="46.467095" lon="13.943585">
        <ele>704</ele>
        <extensions>
          <distance>34248</distance>
        </extensions>
      </trkpt>
      <trkpt lat="46.4671" lon="13.94321">
        <ele>702</ele>
        <extensions>
          <distance>34276</distance>
        </extensions>
      </trkpt>
      <trkpt lat="46.46713" lon="13.942975">
        <ele>701.5</ele>
        <extensions>
          <distance>34295</distance>
        </extensions>
      </trkpt>
      <trkpt lat="46.46716" lon="13.94274">
        <ele>701.5</ele>
        <extensions>
          <distance>34313</distance>
        </extensions>
      </trkpt>
      <trkpt lat="46.467214999999996" lon="13.942455">
        <ele>701.5</ele>
        <extensions>
          <distance>34336</distance>
        </extensions>
      </trkpt>
      <trkpt lat="46.46727" lon="13.94217">
        <ele>701.5</ele>
        <extensions>
          <distance>34359</distance>
        </extensions>
      </trkpt>
      <trkpt lat="46.467335" lon="13.941960000000002">
        <ele>701</ele>
        <extensions>
          <distance>34376</distance>
        </extensions>
      </trkpt>
      <trkpt lat="46.4674" lon="13.94175">
        <ele>701</ele>
        <extensions>
          <distance>34394</distance>
        </extensions>
      </trkpt>
      <trkpt lat="46.467465" lon="13.94154">
        <ele>701</ele>
        <extensions>
          <distance>34412</distance>
        </extensions>
      </trkpt>
      <trkpt lat="46.46753" lon="13.94133">
        <ele>701</ele>
        <extensions>
          <distance>34429</distance>
        </extensions>
      </trkpt>
      <trkpt lat="46.467595" lon="13.941025">
        <ele>701</ele>
        <extensions>
          <distance>34454</distance>
        </extensions>
      </trkpt>
      <trkpt lat="46.46766" lon="13.94072">
        <ele>701</ele>
        <extensions>
          <distance>34478</distance>
        </extensions>
      </trkpt>
      <trkpt lat="46.46768" lon="13.94043">
        <ele>700</ele>
        <extensions>
          <distance>34501</distance>
        </extensions>
      </trkpt>
      <trkpt lat="46.467655" lon="13.940185">
        <ele>699</ele>
        <extensions>
          <distance>34520</distance>
        </extensions>
      </trkpt>
      <trkpt lat="46.46763" lon="13.93994">
        <ele>698</ele>
        <extensions>
          <distance>34539</distance>
        </extensions>
      </trkpt>
      <trkpt lat="46.4676375" lon="13.93974">
        <ele>697.75</ele>
        <extensions>
          <distance>34554</distance>
        </extensions>
      </trkpt>
      <trkpt lat="46.467645000000005" lon="13.939540000000001">
        <ele>697.75</ele>
        <extensions>
          <distance>34570</distance>
        </extensions>
      </trkpt>
      <trkpt lat="46.4676525" lon="13.939340000000001">
        <ele>697.75</ele>
        <extensions>
          <distance>34585</distance>
        </extensions>
      </trkpt>
      <trkpt lat="46.46766" lon="13.93914">
        <ele>697.75</ele>
        <extensions>
          <distance>34600</distance>
        </extensions>
      </trkpt>
      <trkpt lat="46.467745" lon="13.938970000000001">
        <ele>700</ele>
        <extensions>
          <distance>34617</distance>
        </extensions>
      </trkpt>
      <trkpt lat="46.46783" lon="13.9388">
        <ele>700</ele>
        <extensions>
          <distance>34633</distance>
        </extensions>
      </trkpt>
      <trkpt lat="46.46792" lon="13.93877">
        <ele>702</ele>
        <extensions>
          <distance>34643</distance>
        </extensions>
      </trkpt>
      <trkpt lat="46.46808" lon="13.938802500000001">
        <ele>705</ele>
        <extensions>
          <distance>34661</distance>
        </extensions>
      </trkpt>
      <trkpt lat="46.468239999999994" lon="13.938835000000001">
        <ele>708</ele>
        <extensions>
          <distance>34679</distance>
        </extensions>
      </trkpt>
      <trkpt lat="46.468399999999995" lon="13.9388675">
        <ele>712</ele>
        <extensions>
          <distance>34698</distance>
        </extensions>
      </trkpt>
      <trkpt lat="46.46856" lon="13.9389">
        <ele>716</ele>
        <extensions>
          <distance>34716</distance>
        </extensions>
      </trkpt>
      <trkpt lat="46.46863" lon="13.9389">
        <ele>717</ele>
        <extensions>
          <distance>34724</distance>
        </extensions>
      </trkpt>
      <trkpt lat="46.46864" lon="13.93887">
        <ele>717</ele>
        <extensions>
          <distance>34727</distance>
        </extensions>
      </trkpt>
      <trkpt lat="46.46880625" lon="13.9388975">
        <ele>720</ele>
        <extensions>
          <distance>34745</distance>
        </extensions>
      </trkpt>
      <trkpt lat="46.46897250000001" lon="13.938925000000001">
        <ele>724</ele>
        <extensions>
          <distance>34764</distance>
        </extensions>
      </trkpt>
      <trkpt lat="46.469138750000006" lon="13.938952500000001">
        <ele>729</ele>
        <extensions>
          <distance>34784</distance>
        </extensions>
      </trkpt>
      <trkpt lat="46.469305000000006" lon="13.93898">
        <ele>734</ele>
        <extensions>
          <distance>34803</distance>
        </extensions>
      </trkpt>
      <trkpt lat="46.469471250000005" lon="13.9390075">
        <ele>739</ele>
        <extensions>
          <distance>34822</distance>
        </extensions>
      </trkpt>
      <trkpt lat="46.469637500000005" lon="13.939035">
        <ele>742</ele>
        <extensions>
          <distance>34841</distance>
        </extensions>
      </trkpt>
      <trkpt lat="46.469803750000004" lon="13.9390625">
        <ele>745</ele>
        <extensions>
          <distance>34860</distance>
        </extensions>
      </trkpt>
      <trkpt lat="46.46997" lon="13.93909">
        <ele>748</ele>
        <extensions>
          <distance>34879</distance>
        </extensions>
      </trkpt>
      <trkpt lat="46.47013625" lon="13.9391175">
        <ele>752</ele>
        <extensions>
          <distance>34898</distance>
        </extensions>
      </trkpt>
      <trkpt lat="46.4703025" lon="13.939145">
        <ele>755</ele>
        <extensions>
          <distance>34917</distance>
        </extensions>
      </trkpt>
      <trkpt lat="46.47046875" lon="13.9391725">
        <ele>758</ele>
        <extensions>
          <distance>34935</distance>
        </extensions>
      </trkpt>
      <trkpt lat="46.470635" lon="13.9392">
        <ele>763</ele>
        <extensions>
          <distance>34955</distance>
        </extensions>
      </trkpt>
      <trkpt lat="46.47080125" lon="13.9392275">
        <ele>770</ele>
        <extensions>
          <distance>34975</distance>
        </extensions>
      </trkpt>
      <trkpt lat="46.4709675" lon="13.939255">
        <ele>777</ele>
        <extensions>
          <distance>34994</distance>
        </extensions>
      </trkpt>
      <trkpt lat="46.47113375" lon="13.939282500000001">
        <ele>784</ele>
        <extensions>
          <distance>35014</distance>
        </extensions>
      </trkpt>
      <trkpt lat="46.4713" lon="13.93931">
        <ele>784.5</ele>
        <extensions>
          <distance>35033</distance>
        </extensions>
      </trkpt>
      <trkpt lat="46.47127" lon="13.93918">
        <ele>784.5</ele>
        <extensions>
          <distance>35043</distance>
        </extensions>
      </trkpt>
      <trkpt lat="46.47121" lon="13.93904">
        <ele>785</ele>
        <extensions>
          <distance>35056</distance>
        </extensions>
      </trkpt>
      <trkpt lat="46.471115" lon="13.938895">
        <ele>785</ele>
        <extensions>
          <distance>35071</distance>
        </extensions>
      </trkpt>
      <trkpt lat="46.47102" lon="13.93875">
        <ele>785</ele>
        <extensions>
          <distance>35087</distance>
        </extensions>
      </trkpt>
      <trkpt lat="46.47093" lon="13.938490000000002">
        <ele>785</ele>
        <extensions>
          <distance>35109</distance>
        </extensions>
      </trkpt>
      <trkpt lat="46.47084" lon="13.93823">
        <ele>785</ele>
        <extensions>
          <distance>35131</distance>
        </extensions>
      </trkpt>
      <trkpt lat="46.47074" lon="13.93801">
        <ele>786</ele>
        <extensions>
          <distance>35152</distance>
        </extensions>
      </trkpt>
      <trkpt lat="46.47059" lon="13.93775">
        <ele>787</ele>
        <extensions>
          <distance>35178</distance>
        </extensions>
      </trkpt>
      <trkpt lat="46.47054" lon="13.93756">
        <ele>787</ele>
        <extensions>
          <distance>35193</distance>
        </extensions>
      </trkpt>
      <trkpt lat="46.47054" lon="13.93732">
        <ele>790</ele>
        <extensions>
          <distance>35212</distance>
        </extensions>
      </trkpt>
      <trkpt lat="46.47049" lon="13.9370575">
        <ele>796</ele>
        <extensions>
          <distance>35234</distance>
        </extensions>
      </trkpt>
      <trkpt lat="46.470439999999996" lon="13.936795">
        <ele>797</ele>
        <extensions>
          <distance>35255</distance>
        </extensions>
      </trkpt>
      <trkpt lat="46.470389999999995" lon="13.9365325">
        <ele>798</ele>
        <extensions>
          <distance>35276</distance>
        </extensions>
      </trkpt>
      <trkpt lat="46.47034" lon="13.93627">
        <ele>799</ele>
        <extensions>
          <distance>35296</distance>
        </extensions>
      </trkpt>
      <trkpt lat="46.470290000000006" lon="13.9360075">
        <ele>799</ele>
        <extensions>
          <distance>35317</distance>
        </extensions>
      </trkpt>
      <trkpt lat="46.470240000000004" lon="13.935745">
        <ele>800</ele>
        <extensions>
          <distance>35338</distance>
        </extensions>
      </trkpt>
      <trkpt lat="46.47019" lon="13.935482499999999">
        <ele>801</ele>
        <extensions>
          <distance>35359</distance>
        </extensions>
      </trkpt>
      <trkpt lat="46.47014" lon="13.93522">
        <ele>801</ele>
        <extensions>
          <distance>35380</distance>
        </extensions>
      </trkpt>
      <trkpt lat="46.47024" lon="13.93486">
        <ele>802</ele>
        <extensions>
          <distance>35410</distance>
        </extensions>
      </trkpt>
      <trkpt lat="46.47025" lon="13.93455">
        <ele>803</ele>
        <extensions>
          <distance>35434</distance>
        </extensions>
      </trkpt>
      <trkpt lat="46.47032" lon="13.93446">
        <ele>806</ele>
        <extensions>
          <distance>35444</distance>
        </extensions>
      </trkpt>
      <trkpt lat="46.4704" lon="13.93433">
        <ele>810</ele>
        <extensions>
          <distance>35458</distance>
        </extensions>
      </trkpt>
      <trkpt lat="46.47042" lon="13.93416">
        <ele>810</ele>
        <extensions>
          <distance>35472</distance>
        </extensions>
      </trkpt>
      <trkpt lat="46.47041" lon="13.93399">
        <ele>810</ele>
        <extensions>
          <distance>35485</distance>
        </extensions>
      </trkpt>
      <trkpt lat="46.47037" lon="13.93388">
        <ele>810</ele>
        <extensions>
          <distance>35494</distance>
        </extensions>
      </trkpt>
      <trkpt lat="46.47035" lon="13.93376">
        <ele>809</ele>
        <extensions>
          <distance>35504</distance>
        </extensions>
      </trkpt>
      <trkpt lat="46.47034" lon="13.93346">
        <ele>809</ele>
        <extensions>
          <distance>35527</distance>
        </extensions>
      </trkpt>
      <trkpt lat="46.47028" lon="13.93321">
        <ele>806</ele>
        <extensions>
          <distance>35547</distance>
        </extensions>
      </trkpt>
      <trkpt lat="46.47022" lon="13.933019999999999">
        <ele>800</ele>
        <extensions>
          <distance>35564</distance>
        </extensions>
      </trkpt>
      <trkpt lat="46.47016" lon="13.93283">
        <ele>800</ele>
        <extensions>
          <distance>35580</distance>
        </extensions>
      </trkpt>
      <trkpt lat="46.47013" lon="13.9326">
        <ele>800</ele>
        <extensions>
          <distance>35598</distance>
        </extensions>
      </trkpt>
      <trkpt lat="46.47015" lon="13.93244">
        <ele>800</ele>
        <extensions>
          <distance>35611</distance>
        </extensions>
      </trkpt>
      <trkpt lat="46.47015" lon="13.93222">
        <ele>800</ele>
        <extensions>
          <distance>35628</distance>
        </extensions>
      </trkpt>
      <trkpt lat="46.47019" lon="13.93204">
        <ele>804</ele>
        <extensions>
          <distance>35642</distance>
        </extensions>
      </trkpt>
      <trkpt lat="46.47022" lon="13.9318">
        <ele>806</ele>
        <extensions>
          <distance>35661</distance>
        </extensions>
      </trkpt>
      <trkpt lat="46.47021" lon="13.9316">
        <ele>807</ele>
        <extensions>
          <distance>35677</distance>
        </extensions>
      </trkpt>
      <trkpt lat="46.470245000000006" lon="13.93141">
        <ele>808</ele>
        <extensions>
          <distance>35692</distance>
        </extensions>
      </trkpt>
      <trkpt lat="46.47028" lon="13.93122">
        <ele>810</ele>
        <extensions>
          <distance>35707</distance>
        </extensions>
      </trkpt>
      <trkpt lat="46.470330000000004" lon="13.93101">
        <ele>810</ele>
        <extensions>
          <distance>35724</distance>
        </extensions>
      </trkpt>
      <trkpt lat="46.47038" lon="13.9308">
        <ele>810</ele>
        <extensions>
          <distance>35741</distance>
        </extensions>
      </trkpt>
      <trkpt lat="46.47038" lon="13.93068">
        <ele>810</ele>
        <extensions>
          <distance>35750</distance>
        </extensions>
      </trkpt>
      <trkpt lat="46.47032" lon="13.930340000000001">
        <ele>810</ele>
        <extensions>
          <distance>35777</distance>
        </extensions>
      </trkpt>
      <trkpt lat="46.47026" lon="13.93">
        <ele>805</ele>
        <extensions>
          <distance>35804</distance>
        </extensions>
      </trkpt>
      <trkpt lat="46.47029" lon="13.92981">
        <ele>804</ele>
        <extensions>
          <distance>35819</distance>
        </extensions>
      </trkpt>
      <trkpt lat="46.47029" lon="13.92962">
        <ele>803</ele>
        <extensions>
          <distance>35834</distance>
        </extensions>
      </trkpt>
      <trkpt lat="46.4702675" lon="13.9293825">
        <ele>798.25</ele>
        <extensions>
          <distance>35853</distance>
        </extensions>
      </trkpt>
      <trkpt lat="46.470245" lon="13.929145">
        <ele>793.5</ele>
        <extensions>
          <distance>35872</distance>
        </extensions>
      </trkpt>
      <trkpt lat="46.4702225" lon="13.928907500000001">
        <ele>788.75</ele>
        <extensions>
          <distance>35891</distance>
        </extensions>
      </trkpt>
      <trkpt lat="46.4702" lon="13.92867">
        <ele>785</ele>
        <extensions>
          <distance>35910</distance>
        </extensions>
      </trkpt>
      <trkpt lat="46.47021" lon="13.92851">
        <ele>785</ele>
        <extensions>
          <distance>35922</distance>
        </extensions>
      </trkpt>
      <trkpt lat="46.47026" lon="13.92838">
        <ele>785</ele>
        <extensions>
          <distance>35934</distance>
        </extensions>
      </trkpt>
      <trkpt lat="46.47042" lon="13.92817">
        <ele>784</ele>
        <extensions>
          <distance>35958</distance>
        </extensions>
      </trkpt>
      <trkpt lat="46.4706" lon="13.92789">
        <ele>784</ele>
        <extensions>
          <distance>35987</distance>
        </extensions>
      </trkpt>
      <trkpt lat="46.47073" lon="13.9276">
        <ele>784</ele>
        <extensions>
          <distance>36014</distance>
        </extensions>
      </trkpt>
      <trkpt lat="46.47077" lon="13.92741">
        <ele>785</ele>
        <extensions>
          <distance>36029</distance>
        </extensions>
      </trkpt>
      <trkpt lat="46.47081" lon="13.92722">
        <ele>784</ele>
        <extensions>
          <distance>36044</distance>
        </extensions>
      </trkpt>
      <trkpt lat="46.4709" lon="13.92702">
        <ele>783</ele>
        <extensions>
          <distance>36062</distance>
        </extensions>
      </trkpt>
      <trkpt lat="46.4711" lon="13.92678">
        <ele>781</ele>
        <extensions>
          <distance>36091</distance>
        </extensions>
      </trkpt>
      <trkpt lat="46.47118" lon="13.92646">
        <ele>780</ele>
        <extensions>
          <distance>36118</distance>
        </extensions>
      </trkpt>
      <trkpt lat="46.47119" lon="13.92622">
        <ele>780</ele>
        <extensions>
          <distance>36136</distance>
        </extensions>
      </trkpt>
      <trkpt lat="46.4712" lon="13.92598">
        <ele>777</ele>
        <extensions>
          <distance>36155</distance>
        </extensions>
      </trkpt>
      <trkpt lat="46.47123500000001" lon="13.925754999999999">
        <ele>776.25</ele>
        <extensions>
          <distance>36172</distance>
        </extensions>
      </trkpt>
      <trkpt lat="46.471270000000004" lon="13.925529999999998">
        <ele>775.5</ele>
        <extensions>
          <distance>36190</distance>
        </extensions>
      </trkpt>
      <trkpt lat="46.471305" lon="13.925304999999998">
        <ele>774.75</ele>
        <extensions>
          <distance>36208</distance>
        </extensions>
      </trkpt>
      <trkpt lat="46.47134" lon="13.92508">
        <ele>774</ele>
        <extensions>
          <distance>36226</distance>
        </extensions>
      </trkpt>
      <trkpt lat="46.471329999999995" lon="13.924785">
        <ele>770.5</ele>
        <extensions>
          <distance>36248</distance>
        </extensions>
      </trkpt>
      <trkpt lat="46.47132" lon="13.92449">
        <ele>767</ele>
        <extensions>
          <distance>36271</distance>
        </extensions>
      </trkpt>
      <trkpt lat="46.47128" lon="13.9242">
        <ele>762</ele>
        <extensions>
          <distance>36295</distance>
        </extensions>
      </trkpt>
      <trkpt lat="46.471275" lon="13.92398">
        <ele>759</ele>
        <extensions>
          <distance>36312</distance>
        </extensions>
      </trkpt>
      <trkpt lat="46.47127" lon="13.92376">
        <ele>756</ele>
        <extensions>
          <distance>36329</distance>
        </extensions>
      </trkpt>
      <trkpt lat="46.471295" lon="13.923549999999999">
        <ele>755</ele>
        <extensions>
          <distance>36345</distance>
        </extensions>
      </trkpt>
      <trkpt lat="46.47132" lon="13.92334">
        <ele>755</ele>
        <extensions>
          <distance>36362</distance>
        </extensions>
      </trkpt>
      <trkpt lat="46.471345" lon="13.92313">
        <ele>753</ele>
        <extensions>
          <distance>36378</distance>
        </extensions>
      </trkpt>
      <trkpt lat="46.47137" lon="13.92292">
        <ele>752</ele>
        <extensions>
          <distance>36395</distance>
        </extensions>
      </trkpt>
      <trkpt lat="46.471334999999996" lon="13.92267">
        <ele>746</ele>
        <extensions>
          <distance>36415</distance>
        </extensions>
      </trkpt>
      <trkpt lat="46.4713" lon="13.92242">
        <ele>740</ele>
        <extensions>
          <distance>36435</distance>
        </extensions>
      </trkpt>
      <trkpt lat="46.47132" lon="13.92226">
        <ele>737</ele>
        <extensions>
          <distance>36448</distance>
        </extensions>
      </trkpt>
      <trkpt lat="46.471365" lon="13.922065">
        <ele>734.5</ele>
        <extensions>
          <distance>36464</distance>
        </extensions>
      </trkpt>
      <trkpt lat="46.47141" lon="13.92187">
        <ele>732</ele>
        <extensions>
          <distance>36480</distance>
        </extensions>
      </trkpt>
      <trkpt lat="46.47143" lon="13.92156">
        <ele>724.5</ele>
        <extensions>
          <distance>36505</distance>
        </extensions>
      </trkpt>
      <trkpt lat="46.47145" lon="13.92125">
        <ele>717</ele>
        <extensions>
          <distance>36530</distance>
        </extensions>
      </trkpt>
      <trkpt lat="46.47149" lon="13.92106">
        <ele>713</ele>
        <extensions>
          <distance>36546</distance>
        </extensions>
      </trkpt>
      <trkpt lat="46.47145" lon="13.92078">
        <ele>706</ele>
        <extensions>
          <distance>36569</distance>
        </extensions>
      </trkpt>
      <trkpt lat="46.47132" lon="13.92048">
        <ele>706</ele>
        <extensions>
          <distance>36596</distance>
        </extensions>
      </trkpt>
      <trkpt lat="46.4715" lon="13.92044">
        <ele>706</ele>
        <extensions>
          <distance>36616</distance>
        </extensions>
      </trkpt>
      <trkpt lat="46.47164" lon="13.92045">
        <ele>706</ele>
        <extensions>
          <distance>36632</distance>
        </extensions>
      </trkpt>
      <trkpt lat="46.471824999999995" lon="13.920580000000001">
        <ele>716.5</ele>
        <extensions>
          <distance>36656</distance>
        </extensions>
      </trkpt>
      <trkpt lat="46.47201" lon="13.92071">
        <ele>727</ele>
        <extensions>
          <distance>36681</distance>
        </extensions>
      </trkpt>
      <trkpt lat="46.47218" lon="13.92071">
        <ele>735</ele>
        <extensions>
          <distance>36701</distance>
        </extensions>
      </trkpt>
      <trkpt lat="46.47234" lon="13.92068">
        <ele>742</ele>
        <extensions>
          <distance>36720</distance>
        </extensions>
      </trkpt>
      <trkpt lat="46.47246" lon="13.92065">
        <ele>746</ele>
        <extensions>
          <distance>36735</distance>
        </extensions>
      </trkpt>
      <trkpt lat="46.472575" lon="13.92052">
        <ele>749</ele>
        <extensions>
          <distance>36751</distance>
        </extensions>
      </trkpt>
      <trkpt lat="46.47269" lon="13.92039">
        <ele>752</ele>
        <extensions>
          <distance>36768</distance>
        </extensions>
      </trkpt>
      <trkpt lat="46.472795000000005" lon="13.92025">
        <ele>754</ele>
        <extensions>
          <distance>36784</distance>
        </extensions>
      </trkpt>
      <trkpt lat="46.4729" lon="13.92011">
        <ele>756</ele>
        <extensions>
          <distance>36800</distance>
        </extensions>
      </trkpt>
      <trkpt lat="46.47299" lon="13.91993">
        <ele>756</ele>
        <extensions>
          <distance>36817</distance>
        </extensions>
      </trkpt>
      <trkpt lat="46.47303" lon="13.91964">
        <ele>758</ele>
        <extensions>
          <distance>36839</distance>
        </extensions>
      </trkpt>
      <trkpt lat="46.47313" lon="13.91947">
        <ele>759.5</ele>
        <extensions>
          <distance>36857</distance>
        </extensions>
      </trkpt>
      <trkpt lat="46.47323" lon="13.9193">
        <ele>763</ele>
        <extensions>
          <distance>36874</distance>
        </extensions>
      </trkpt>
      <trkpt lat="46.47328" lon="13.91915">
        <ele>763</ele>
        <extensions>
          <distance>36887</distance>
        </extensions>
      </trkpt>
      <trkpt lat="46.47334" lon="13.91907">
        <ele>763</ele>
        <extensions>
          <distance>36896</distance>
        </extensions>
      </trkpt>
      <trkpt lat="46.47334" lon="13.91894">
        <ele>764</ele>
        <extensions>
          <distance>36906</distance>
        </extensions>
      </trkpt>
      <trkpt lat="46.47339" lon="13.91878">
        <ele>766</ele>
        <extensions>
          <distance>36920</distance>
        </extensions>
      </trkpt>
      <trkpt lat="46.47353" lon="13.91857">
        <ele>766</ele>
        <extensions>
          <distance>36942</distance>
        </extensions>
      </trkpt>
      <trkpt lat="46.473614999999995" lon="13.918295">
        <ele>765</ele>
        <extensions>
          <distance>36965</distance>
        </extensions>
      </trkpt>
      <trkpt lat="46.4737" lon="13.91802">
        <ele>765</ele>
        <extensions>
          <distance>36988</distance>
        </extensions>
      </trkpt>
      <trkpt lat="46.4737" lon="13.91782">
        <ele>765</ele>
        <extensions>
          <distance>37004</distance>
        </extensions>
      </trkpt>
      <trkpt lat="46.47372" lon="13.917605">
        <ele>762.5</ele>
        <extensions>
          <distance>37020</distance>
        </extensions>
      </trkpt>
      <trkpt lat="46.47374" lon="13.91739">
        <ele>762.5</ele>
        <extensions>
          <distance>37037</distance>
        </extensions>
      </trkpt>
      <trkpt lat="46.473805" lon="13.9172">
        <ele>762.5</ele>
        <extensions>
          <distance>37053</distance>
        </extensions>
      </trkpt>
      <trkpt lat="46.47387" lon="13.91701">
        <ele>762.5</ele>
        <extensions>
          <distance>37069</distance>
        </extensions>
      </trkpt>
      <trkpt lat="46.47401" lon="13.91681">
        <ele>765</ele>
        <extensions>
          <distance>37091</distance>
        </extensions>
      </trkpt>
      <trkpt lat="46.4741" lon="13.91674">
        <ele>769</ele>
        <extensions>
          <distance>37103</distance>
        </extensions>
      </trkpt>
      <trkpt lat="46.47418" lon="13.91658">
        <ele>769</ele>
        <extensions>
          <distance>37119</distance>
        </extensions>
      </trkpt>
      <trkpt lat="46.47427999999999" lon="13.91643">
        <ele>770</ele>
        <extensions>
          <distance>37135</distance>
        </extensions>
      </trkpt>
      <trkpt lat="46.47438" lon="13.91628">
        <ele>771</ele>
        <extensions>
          <distance>37151</distance>
        </extensions>
      </trkpt>
      <trkpt lat="46.47457" lon="13.91607">
        <ele>773</ele>
        <extensions>
          <distance>37177</distance>
        </extensions>
      </trkpt>
      <trkpt lat="46.474745" lon="13.915955">
        <ele>773</ele>
        <extensions>
          <distance>37199</distance>
        </extensions>
      </trkpt>
      <trkpt lat="46.47492" lon="13.91584">
        <ele>776</ele>
        <extensions>
          <distance>37220</distance>
        </extensions>
      </trkpt>
      <trkpt lat="46.475025" lon="13.915685">
        <ele>776</ele>
        <extensions>
          <distance>37237</distance>
        </extensions>
      </trkpt>
      <trkpt lat="46.47513" lon="13.91553">
        <ele>776</ele>
        <extensions>
          <distance>37254</distance>
        </extensions>
      </trkpt>
      <trkpt lat="46.47527" lon="13.91552">
        <ele>776</ele>
        <extensions>
          <distance>37269</distance>
        </extensions>
      </trkpt>
      <trkpt lat="46.47539" lon="13.91537">
        <ele>778</ele>
        <extensions>
          <distance>37287</distance>
        </extensions>
      </trkpt>
      <trkpt lat="46.47543" lon="13.91517">
        <ele>778</ele>
        <extensions>
          <distance>37303</distance>
        </extensions>
      </trkpt>
      <trkpt lat="46.47557" lon="13.91493">
        <ele>780</ele>
        <extensions>
          <distance>37327</distance>
        </extensions>
      </trkpt>
      <trkpt lat="46.47571" lon="13.914805000000001">
        <ele>780</ele>
        <extensions>
          <distance>37345</distance>
        </extensions>
      </trkpt>
      <trkpt lat="46.47585" lon="13.91468">
        <ele>778</ele>
        <extensions>
          <distance>37364</distance>
        </extensions>
      </trkpt>
      <trkpt lat="46.4761" lon="13.91456">
        <ele>778</ele>
        <extensions>
          <distance>37393</distance>
        </extensions>
      </trkpt>
      <trkpt lat="46.47617" lon="13.91445">
        <ele>778</ele>
        <extensions>
          <distance>37404</distance>
        </extensions>
      </trkpt>
      <trkpt lat="46.47621" lon="13.91428">
        <ele>777</ele>
        <extensions>
          <distance>37418</distance>
        </extensions>
      </trkpt>
      <trkpt lat="46.47629" lon="13.91414">
        <ele>775</ele>
        <extensions>
          <distance>37432</distance>
        </extensions>
      </trkpt>
      <trkpt lat="46.47637" lon="13.91405">
        <ele>774</ele>
        <extensions>
          <distance>37443</distance>
        </extensions>
      </trkpt>
      <trkpt lat="46.47646" lon="13.91389">
        <ele>773</ele>
        <extensions>
          <distance>37459</distance>
        </extensions>
      </trkpt>
      <trkpt lat="46.47652" lon="13.91386">
        <ele>773</ele>
        <extensions>
          <distance>37466</distance>
        </extensions>
      </trkpt>
      <trkpt lat="46.4766" lon="13.91377">
        <ele>772</ele>
        <extensions>
          <distance>37478</distance>
        </extensions>
      </trkpt>
      <trkpt lat="46.47667" lon="13.91353">
        <ele>768</ele>
        <extensions>
          <distance>37498</distance>
        </extensions>
      </trkpt>
      <trkpt lat="46.4768" lon="13.91336">
        <ele>767.5</ele>
        <extensions>
          <distance>37517</distance>
        </extensions>
      </trkpt>
      <trkpt lat="46.47693" lon="13.91319">
        <ele>767</ele>
        <extensions>
          <distance>37537</distance>
        </extensions>
      </trkpt>
      <trkpt lat="46.477" lon="13.91304">
        <ele>765</ele>
        <extensions>
          <distance>37551</distance>
        </extensions>
      </trkpt>
      <trkpt lat="46.47704" lon="13.91279">
        <ele>759</ele>
        <extensions>
          <distance>37571</distance>
        </extensions>
      </trkpt>
      <trkpt lat="46.47718" lon="13.91263">
        <ele>759</ele>
        <extensions>
          <distance>37591</distance>
        </extensions>
      </trkpt>
      <trkpt lat="46.47725" lon="13.91267">
        <ele>759</ele>
        <extensions>
          <distance>37600</distance>
        </extensions>
      </trkpt>
      <trkpt lat="46.47744" lon="13.91266">
        <ele>759</ele>
        <extensions>
          <distance>37621</distance>
        </extensions>
      </trkpt>
      <trkpt lat="46.47756" lon="13.91269">
        <ele>760</ele>
        <extensions>
          <distance>37634</distance>
        </extensions>
      </trkpt>
      <trkpt lat="46.47761" lon="13.91272">
        <ele>761</ele>
        <extensions>
          <distance>37640</distance>
        </extensions>
      </trkpt>
      <trkpt lat="46.47774" lon="13.91274">
        <ele>761</ele>
        <extensions>
          <distance>37655</distance>
        </extensions>
      </trkpt>
      <trkpt lat="46.47786" lon="13.91267">
        <ele>761</ele>
        <extensions>
          <distance>37669</distance>
        </extensions>
      </trkpt>
      <trkpt lat="46.47804" lon="13.91275">
        <ele>761</ele>
        <extensions>
          <distance>37690</distance>
        </extensions>
      </trkpt>
      <trkpt lat="46.47815" lon="13.91267">
        <ele>758</ele>
        <extensions>
          <distance>37704</distance>
        </extensions>
      </trkpt>
      <trkpt lat="46.47827" lon="13.91263">
        <ele>758</ele>
        <extensions>
          <distance>37718</distance>
        </extensions>
      </trkpt>
      <trkpt lat="46.47842" lon="13.91265">
        <ele>756</ele>
        <extensions>
          <distance>37734</distance>
        </extensions>
      </trkpt>
      <trkpt lat="46.47852" lon="13.91262">
        <ele>753</ele>
        <extensions>
          <distance>37746</distance>
        </extensions>
      </trkpt>
      <trkpt lat="46.47874" lon="13.9125">
        <ele>753</ele>
        <extensions>
          <distance>37772</distance>
        </extensions>
      </trkpt>
      <trkpt lat="46.47876" lon="13.9125">
        <ele>752</ele>
        <extensions>
          <distance>37775</distance>
        </extensions>
      </trkpt>
      <trkpt lat="46.4788" lon="13.91228">
        <ele>736</ele>
        <extensions>
          <distance>37795</distance>
        </extensions>
      </trkpt>
      <trkpt lat="46.47873" lon="13.91217">
        <ele>730</ele>
        <extensions>
          <distance>37808</distance>
        </extensions>
      </trkpt>
      <trkpt lat="46.4785" lon="13.91216">
        <ele>730</ele>
        <extensions>
          <distance>37834</distance>
        </extensions>
      </trkpt>
      <trkpt lat="46.47827" lon="13.91215">
        <ele>728</ele>
        <extensions>
          <distance>37859</distance>
        </extensions>
      </trkpt>
      <trkpt lat="46.47805" lon="13.91219">
        <ele>728</ele>
        <extensions>
          <distance>37884</distance>
        </extensions>
      </trkpt>
      <trkpt lat="46.4778" lon="13.91207">
        <ele>727</ele>
        <extensions>
          <distance>37913</distance>
        </extensions>
      </trkpt>
      <trkpt lat="46.477605" lon="13.91189">
        <ele>727</ele>
        <extensions>
          <distance>37939</distance>
        </extensions>
      </trkpt>
      <trkpt lat="46.47741" lon="13.91171">
        <ele>725</ele>
        <extensions>
          <distance>37965</distance>
        </extensions>
      </trkpt>
      <trkpt lat="46.4773" lon="13.91147">
        <ele>714</ele>
        <extensions>
          <distance>37989</distance>
        </extensions>
      </trkpt>
      <trkpt lat="46.47719" lon="13.91123">
        <ele>713</ele>
        <extensions>
          <distance>38011</distance>
        </extensions>
      </trkpt>
      <trkpt lat="46.47705" lon="13.911100000000001">
        <ele>712</ele>
        <extensions>
          <distance>38030</distance>
        </extensions>
      </trkpt>
      <trkpt lat="46.47691" lon="13.91097">
        <ele>711</ele>
        <extensions>
          <distance>38048</distance>
        </extensions>
      </trkpt>
      <trkpt lat="46.4768" lon="13.91084">
        <ele>708</ele>
        <extensions>
          <distance>38065</distance>
        </extensions>
      </trkpt>
      <trkpt lat="46.4768075" lon="13.910595">
        <ele>701</ele>
        <extensions>
          <distance>38085</distance>
        </extensions>
      </trkpt>
      <trkpt lat="46.476815" lon="13.910350000000001">
        <ele>696</ele>
        <extensions>
          <distance>38104</distance>
        </extensions>
      </trkpt>
      <trkpt lat="46.4768225" lon="13.910105000000001">
        <ele>693</ele>
        <extensions>
          <distance>38123</distance>
        </extensions>
      </trkpt>
      <trkpt lat="46.47683" lon="13.90986">
        <ele>693</ele>
        <extensions>
          <distance>38142</distance>
        </extensions>
      </trkpt>
      <trkpt lat="46.47668" lon="13.90971">
        <ele>693</ele>
        <extensions>
          <distance>38162</distance>
        </extensions>
      </trkpt>
      <trkpt lat="46.47653" lon="13.909559999999999">
        <ele>693</ele>
        <extensions>
          <distance>38183</distance>
        </extensions>
      </trkpt>
      <trkpt lat="46.47638" lon="13.90941">
        <ele>692</ele>
        <extensions>
          <distance>38203</distance>
        </extensions>
      </trkpt>
      <trkpt lat="46.47623" lon="13.90926">
        <ele>691</ele>
        <extensions>
          <distance>38223</distance>
        </extensions>
      </trkpt>
      <trkpt lat="46.476075" lon="13.909165">
        <ele>691</ele>
        <extensions>
          <distance>38242</distance>
        </extensions>
      </trkpt>
      <trkpt lat="46.47592" lon="13.90907">
        <ele>691</ele>
        <extensions>
          <distance>38260</distance>
        </extensions>
      </trkpt>
      <trkpt lat="46.4758" lon="13.909410000000001">
        <ele>691</ele>
        <extensions>
          <distance>38290</distance>
        </extensions>
      </trkpt>
      <trkpt lat="46.47568" lon="13.90975">
        <ele>691</ele>
        <extensions>
          <distance>38319</distance>
        </extensions>
      </trkpt>
      <trkpt lat="46.47567" lon="13.9098">
        <ele>691</ele>
        <extensions>
          <distance>38323</distance>
        </extensions>
      </trkpt>
      <trkpt lat="46.47555" lon="13.90978">
        <ele>691</ele>
        <extensions>
          <distance>38337</distance>
        </extensions>
      </trkpt>
      <trkpt lat="46.475390000000004" lon="13.90978">
        <ele>690.5</ele>
        <extensions>
          <distance>38354</distance>
        </extensions>
      </trkpt>
      <trkpt lat="46.47523" lon="13.90978">
        <ele>690</ele>
        <extensions>
          <distance>38372</distance>
        </extensions>
      </trkpt>
      <trkpt lat="46.47513" lon="13.90977">
        <ele>689</ele>
        <extensions>
          <distance>38383</distance>
        </extensions>
      </trkpt>
      <trkpt lat="46.47504" lon="13.90972">
        <ele>689</ele>
        <extensions>
          <distance>38394</distance>
        </extensions>
      </trkpt>
      <trkpt lat="46.47491" lon="13.909614999999999">
        <ele>688.5</ele>
        <extensions>
          <distance>38411</distance>
        </extensions>
      </trkpt>
      <trkpt lat="46.47478" lon="13.90951">
        <ele>688</ele>
        <extensions>
          <distance>38427</distance>
        </extensions>
      </trkpt>
      <trkpt lat="46.47454" lon="13.90938">
        <ele>688</ele>
        <extensions>
          <distance>38456</distance>
        </extensions>
      </trkpt>
      <trkpt lat="46.47444" lon="13.9093">
        <ele>687</ele>
        <extensions>
          <distance>38468</distance>
        </extensions>
      </trkpt>
      <trkpt lat="46.47434" lon="13.909165">
        <ele>687</ele>
        <extensions>
          <distance>38484</distance>
        </extensions>
      </trkpt>
      <trkpt lat="46.47424" lon="13.90903">
        <ele>687</ele>
        <extensions>
          <distance>38499</distance>
        </extensions>
      </trkpt>
      <trkpt lat="46.47409" lon="13.90889">
        <ele>687</ele>
        <extensions>
          <distance>38519</distance>
        </extensions>
      </trkpt>
      <trkpt lat="46.473952499999996" lon="13.9087925">
        <ele>687</ele>
        <extensions>
          <distance>38536</distance>
        </extensions>
      </trkpt>
      <trkpt lat="46.473815" lon="13.908695">
        <ele>687</ele>
        <extensions>
          <distance>38553</distance>
        </extensions>
      </trkpt>
      <trkpt lat="46.4736775" lon="13.908597499999999">
        <ele>687</ele>
        <extensions>
          <distance>38570</distance>
        </extensions>
      </trkpt>
      <trkpt lat="46.47354" lon="13.9085">
        <ele>687</ele>
        <extensions>
          <distance>38587</distance>
        </extensions>
      </trkpt>
      <trkpt lat="46.473304999999996" lon="13.908380000000001">
        <ele>686</ele>
        <extensions>
          <distance>38614</distance>
        </extensions>
      </trkpt>
      <trkpt lat="46.47307" lon="13.90826">
        <ele>685</ele>
        <extensions>
          <distance>38642</distance>
        </extensions>
      </trkpt>
      <trkpt lat="46.47283" lon="13.908145000000001">
        <ele>684</ele>
        <extensions>
          <distance>38670</distance>
        </extensions>
      </trkpt>
      <trkpt lat="46.47259" lon="13.90803">
        <ele>683</ele>
        <extensions>
          <distance>38698</distance>
        </extensions>
      </trkpt>
      <trkpt lat="46.472404999999995" lon="13.90796">
        <ele>683</ele>
        <extensions>
          <distance>38720</distance>
        </extensions>
      </trkpt>
      <trkpt lat="46.47222" lon="13.90789">
        <ele>682</ele>
        <extensions>
          <distance>38741</distance>
        </extensions>
      </trkpt>
      <trkpt lat="46.47216" lon="13.90785">
        <ele>682</ele>
        <extensions>
          <distance>38748</distance>
        </extensions>
      </trkpt>
      <trkpt lat="46.47223" lon="13.9074975">
        <ele>682</ele>
        <extensions>
          <distance>38776</distance>
        </extensions>
      </trkpt>
      <trkpt lat="46.472300000000004" lon="13.907145">
        <ele>682</ele>
        <extensions>
          <distance>38804</distance>
        </extensions>
      </trkpt>
      <trkpt lat="46.47237" lon="13.9067925">
        <ele>682</ele>
        <extensions>
          <distance>38833</distance>
        </extensions>
      </trkpt>
      <trkpt lat="46.47244" lon="13.90644">
        <ele>682</ele>
        <extensions>
          <distance>38861</distance>
        </extensions>
      </trkpt>
      <trkpt lat="46.47233" lon="13.906315">
        <ele>682</ele>
        <extensions>
          <distance>38876</distance>
        </extensions>
      </trkpt>
      <trkpt lat="46.47222" lon="13.90619">
        <ele>682</ele>
        <extensions>
          <distance>38892</distance>
        </extensions>
      </trkpt>
      <trkpt lat="46.472" lon="13.90604">
        <ele>682</ele>
        <extensions>
          <distance>38919</distance>
        </extensions>
      </trkpt>
      <trkpt lat="46.471955" lon="13.905855">
        <ele>681.5</ele>
        <extensions>
          <distance>38934</distance>
        </extensions>
      </trkpt>
      <trkpt lat="46.47191" lon="13.90567">
        <ele>681</ele>
        <extensions>
          <distance>38949</distance>
        </extensions>
      </trkpt>
      <trkpt lat="46.47189" lon="13.90545">
        <ele>680</ele>
        <extensions>
          <distance>38966</distance>
        </extensions>
      </trkpt>
      <trkpt lat="46.47183" lon="13.9052">
        <ele>679</ele>
        <extensions>
          <distance>38986</distance>
        </extensions>
      </trkpt>
      <trkpt lat="46.47192" lon="13.90497">
        <ele>679</ele>
        <extensions>
          <distance>39007</distance>
        </extensions>
      </trkpt>
      <trkpt lat="46.472075" lon="13.9047175">
        <ele>679</ele>
        <extensions>
          <distance>39033</distance>
        </extensions>
      </trkpt>
      <trkpt lat="46.472229999999996" lon="13.904465">
        <ele>678</ele>
        <extensions>
          <distance>39059</distance>
        </extensions>
      </trkpt>
      <trkpt lat="46.472385" lon="13.9042125">
        <ele>678</ele>
        <extensions>
          <distance>39085</distance>
        </extensions>
      </trkpt>
      <trkpt lat="46.47254" lon="13.90396">
        <ele>678</ele>
        <extensions>
          <distance>39111</distance>
        </extensions>
      </trkpt>
      <trkpt lat="46.47257875" lon="13.90376375">
        <ele>678</ele>
        <extensions>
          <distance>39126</distance>
        </extensions>
      </trkpt>
      <trkpt lat="46.4726175" lon="13.903567500000001">
        <ele>678</ele>
        <extensions>
          <distance>39142</distance>
        </extensions>
      </trkpt>
      <trkpt lat="46.47265625" lon="13.903371250000001">
        <ele>678</ele>
        <extensions>
          <distance>39158</distance>
        </extensions>
      </trkpt>
      <trkpt lat="46.472695" lon="13.903175000000001">
        <ele>678</ele>
        <extensions>
          <distance>39173</distance>
        </extensions>
      </trkpt>
      <trkpt lat="46.47273375" lon="13.90297875">
        <ele>678</ele>
        <extensions>
          <distance>39189</distance>
        </extensions>
      </trkpt>
      <trkpt lat="46.472772500000005" lon="13.9027825">
        <ele>678</ele>
        <extensions>
          <distance>39205</distance>
        </extensions>
      </trkpt>
      <trkpt lat="46.47281125000001" lon="13.90258625">
        <ele>680</ele>
        <extensions>
          <distance>39220</distance>
        </extensions>
      </trkpt>
      <trkpt lat="46.47285" lon="13.90239">
        <ele>682</ele>
        <extensions>
          <distance>39236</distance>
        </extensions>
      </trkpt>
      <trkpt lat="46.472888749999996" lon="13.902167500000001">
        <ele>684</ele>
        <extensions>
          <distance>39254</distance>
        </extensions>
      </trkpt>
      <trkpt lat="46.4729275" lon="13.901945000000001">
        <ele>686</ele>
        <extensions>
          <distance>39271</distance>
        </extensions>
      </trkpt>
      <trkpt lat="46.47296625" lon="13.901722500000002">
        <ele>686</ele>
        <extensions>
          <distance>39289</distance>
        </extensions>
      </trkpt>
      <trkpt lat="46.473005" lon="13.9015">
        <ele>686</ele>
        <extensions>
          <distance>39307</distance>
        </extensions>
      </trkpt>
      <trkpt lat="46.47304375" lon="13.901277499999999">
        <ele>686</ele>
        <extensions>
          <distance>39324</distance>
        </extensions>
      </trkpt>
      <trkpt lat="46.473082500000004" lon="13.901055">
        <ele>686</ele>
        <extensions>
          <distance>39342</distance>
        </extensions>
      </trkpt>
      <trkpt lat="46.473121250000005" lon="13.9008325">
        <ele>685</ele>
        <extensions>
          <distance>39360</distance>
        </extensions>
      </trkpt>
      <trkpt lat="46.47316" lon="13.90061">
        <ele>684</ele>
        <extensions>
          <distance>39377</distance>
        </extensions>
      </trkpt>
      <trkpt lat="46.473240000000004" lon="13.900310000000001">
        <ele>684</ele>
        <extensions>
          <distance>39402</distance>
        </extensions>
      </trkpt>
      <trkpt lat="46.47332" lon="13.90001">
        <ele>684</ele>
        <extensions>
          <distance>39427</distance>
        </extensions>
      </trkpt>
      <trkpt lat="46.4732" lon="13.89975">
        <ele>684</ele>
        <extensions>
          <distance>39451</distance>
        </extensions>
      </trkpt>
      <trkpt lat="46.47318" lon="13.89974">
        <ele>684</ele>
        <extensions>
          <distance>39453</distance>
        </extensions>
      </trkpt>
      <trkpt lat="46.47327" lon="13.899505">
        <ele>686</ele>
        <extensions>
          <distance>39474</distance>
        </extensions>
      </trkpt>
      <trkpt lat="46.47336" lon="13.89927">
        <ele>688</ele>
        <extensions>
          <distance>39494</distance>
        </extensions>
      </trkpt>
      <trkpt lat="46.47338" lon="13.89917">
        <ele>688</ele>
        <extensions>
          <distance>39502</distance>
        </extensions>
      </trkpt>
      <trkpt lat="46.4735" lon="13.89887">
        <ele>688</ele>
        <extensions>
          <distance>39529</distance>
        </extensions>
      </trkpt>
      <trkpt lat="46.47354" lon="13.8986">
        <ele>688</ele>
        <extensions>
          <distance>39550</distance>
        </extensions>
      </trkpt>
      <trkpt lat="46.47362" lon="13.89827">
        <ele>688</ele>
        <extensions>
          <distance>39577</distance>
        </extensions>
      </trkpt>
      <trkpt lat="46.47366" lon="13.89797">
        <ele>688</ele>
        <extensions>
          <distance>39601</distance>
        </extensions>
      </trkpt>
      <trkpt lat="46.47374" lon="13.89767">
        <ele>689</ele>
        <extensions>
          <distance>39625</distance>
        </extensions>
      </trkpt>
      <trkpt lat="46.47383" lon="13.89748">
        <ele>690</ele>
        <extensions>
          <distance>39643</distance>
        </extensions>
      </trkpt>
      <trkpt lat="46.47395" lon="13.89733">
        <ele>691</ele>
        <extensions>
          <distance>39661</distance>
        </extensions>
      </trkpt>
      <trkpt lat="46.47404" lon="13.89711">
        <ele>691</ele>
        <extensions>
          <distance>39680</distance>
        </extensions>
      </trkpt>
      <trkpt lat="46.47404" lon="13.89682">
        <ele>691.5</ele>
        <extensions>
          <distance>39702</distance>
        </extensions>
      </trkpt>
      <trkpt lat="46.474064999999996" lon="13.89659">
        <ele>691.5</ele>
        <extensions>
          <distance>39720</distance>
        </extensions>
      </trkpt>
      <trkpt lat="46.47409" lon="13.89636">
        <ele>691.5</ele>
        <extensions>
          <distance>39738</distance>
        </extensions>
      </trkpt>
      <trkpt lat="46.47413" lon="13.8961">
        <ele>691.5</ele>
        <extensions>
          <distance>39759</distance>
        </extensions>
      </trkpt>
      <trkpt lat="46.47417" lon="13.89584">
        <ele>691.5</ele>
        <extensions>
          <distance>39779</distance>
        </extensions>
      </trkpt>
      <trkpt lat="46.4742125" lon="13.895645">
        <ele>691.5</ele>
        <extensions>
          <distance>39795</distance>
        </extensions>
      </trkpt>
      <trkpt lat="46.474255" lon="13.89545">
        <ele>691.5</ele>
        <extensions>
          <distance>39811</distance>
        </extensions>
      </trkpt>
      <trkpt lat="46.4742975" lon="13.895255">
        <ele>691.75</ele>
        <extensions>
          <distance>39826</distance>
        </extensions>
      </trkpt>
      <trkpt lat="46.47434" lon="13.89506">
        <ele>692</ele>
        <extensions>
          <distance>39842</distance>
        </extensions>
      </trkpt>
      <trkpt lat="46.47439" lon="13.894875">
        <ele>692.5</ele>
        <extensions>
          <distance>39857</distance>
        </extensions>
      </trkpt>
      <trkpt lat="46.47444" lon="13.89469">
        <ele>693</ele>
        <extensions>
          <distance>39872</distance>
        </extensions>
      </trkpt>
      <trkpt lat="46.474475" lon="13.89447">
        <ele>693</ele>
        <extensions>
          <distance>39890</distance>
        </extensions>
      </trkpt>
      <trkpt lat="46.47451" lon="13.89425">
        <ele>693</ele>
        <extensions>
          <distance>39907</distance>
        </extensions>
      </trkpt>
      <trkpt lat="46.47456" lon="13.8941">
        <ele>693</ele>
        <extensions>
          <distance>39920</distance>
        </extensions>
      </trkpt>
      <trkpt lat="46.47467" lon="13.89387">
        <ele>693</ele>
        <extensions>
          <distance>39941</distance>
        </extensions>
      </trkpt>
      <trkpt lat="46.47472500000001" lon="13.893564999999999">
        <ele>693.5</ele>
        <extensions>
          <distance>39966</distance>
        </extensions>
      </trkpt>
      <trkpt lat="46.47478" lon="13.89326">
        <ele>693.5</ele>
        <extensions>
          <distance>39990</distance>
        </extensions>
      </trkpt>
      <trkpt lat="46.47484" lon="13.89322">
        <ele>693.5</ele>
        <extensions>
          <distance>39997</distance>
        </extensions>
      </trkpt>
      <trkpt lat="46.47497" lon="13.89325">
        <ele>693.5</ele>
        <extensions>
          <distance>40012</distance>
        </extensions>
      </trkpt>
      <trkpt lat="46.474995" lon="13.892975">
        <ele>693</ele>
        <extensions>
          <distance>40033</distance>
        </extensions>
      </trkpt>
      <trkpt lat="46.47502" lon="13.8927">
        <ele>692</ele>
        <extensions>
          <distance>40054</distance>
        </extensions>
      </trkpt>
      <trkpt lat="46.47507" lon="13.892479999999999">
        <ele>690</ele>
        <extensions>
          <distance>40072</distance>
        </extensions>
      </trkpt>
      <trkpt lat="46.47512" lon="13.89226">
        <ele>690</ele>
        <extensions>
          <distance>40090</distance>
        </extensions>
      </trkpt>
      <trkpt lat="46.47519" lon="13.892">
        <ele>690</ele>
        <extensions>
          <distance>40111</distance>
        </extensions>
      </trkpt>
      <trkpt lat="46.4752" lon="13.89186">
        <ele>690</ele>
        <extensions>
          <distance>40122</distance>
        </extensions>
      </trkpt>
      <trkpt lat="46.47515" lon="13.89165">
        <ele>691</ele>
        <extensions>
          <distance>40139</distance>
        </extensions>
      </trkpt>
      <trkpt lat="46.475055" lon="13.891335">
        <ele>691.5</ele>
        <extensions>
          <distance>40166</distance>
        </extensions>
      </trkpt>
      <trkpt lat="46.47496" lon="13.89102">
        <ele>692</ele>
        <extensions>
          <distance>40192</distance>
        </extensions>
      </trkpt>
      <trkpt lat="46.474895000000004" lon="13.890744999999999">
        <ele>692.5</ele>
        <extensions>
          <distance>40214</distance>
        </extensions>
      </trkpt>
      <trkpt lat="46.47483" lon="13.89047">
        <ele>693</ele>
        <extensions>
          <distance>40237</distance>
        </extensions>
      </trkpt>
      <trkpt lat="46.4748" lon="13.890165">
        <ele>694</ele>
        <extensions>
          <distance>40260</distance>
        </extensions>
      </trkpt>
      <trkpt lat="46.47477" lon="13.88986">
        <ele>695</ele>
        <extensions>
          <distance>40284</distance>
        </extensions>
      </trkpt>
      <trkpt lat="46.474775" lon="13.88966">
        <ele>696</ele>
        <extensions>
          <distance>40299</distance>
        </extensions>
      </trkpt>
      <trkpt lat="46.47478" lon="13.88946">
        <ele>697</ele>
        <extensions>
          <distance>40315</distance>
        </extensions>
      </trkpt>
      <trkpt lat="46.474810000000005" lon="13.889175">
        <ele>698.5</ele>
        <extensions>
          <distance>40337</distance>
        </extensions>
      </trkpt>
      <trkpt lat="46.47484" lon="13.88889">
        <ele>700</ele>
        <extensions>
          <distance>40359</distance>
        </extensions>
      </trkpt>
      <trkpt lat="46.47491" lon="13.88852">
        <ele>700</ele>
        <extensions>
          <distance>40389</distance>
        </extensions>
      </trkpt>
      <trkpt lat="46.474965" lon="13.888314999999999">
        <ele>700</ele>
        <extensions>
          <distance>40406</distance>
        </extensions>
      </trkpt>
      <trkpt lat="46.47502" lon="13.88811">
        <ele>700</ele>
        <extensions>
          <distance>40422</distance>
        </extensions>
      </trkpt>
      <trkpt lat="46.475097500000004" lon="13.887899999999998">
        <ele>699.875</ele>
        <extensions>
          <distance>40441</distance>
        </extensions>
      </trkpt>
      <trkpt lat="46.475175" lon="13.88769">
        <ele>699.75</ele>
        <extensions>
          <distance>40459</distance>
        </extensions>
      </trkpt>
      <trkpt lat="46.475252499999996" lon="13.88748">
        <ele>699.625</ele>
        <extensions>
          <distance>40477</distance>
        </extensions>
      </trkpt>
      <trkpt lat="46.47533" lon="13.887270000000001">
        <ele>699.5</ele>
        <extensions>
          <distance>40496</distance>
        </extensions>
      </trkpt>
      <trkpt lat="46.4754075" lon="13.887060000000002">
        <ele>699.375</ele>
        <extensions>
          <distance>40514</distance>
        </extensions>
      </trkpt>
      <trkpt lat="46.475485" lon="13.88685">
        <ele>699.25</ele>
        <extensions>
          <distance>40532</distance>
        </extensions>
      </trkpt>
      <trkpt lat="46.475562499999995" lon="13.88664">
        <ele>699.125</ele>
        <extensions>
          <distance>40550</distance>
        </extensions>
      </trkpt>
      <trkpt lat="46.47564" lon="13.88643">
        <ele>699</ele>
        <extensions>
          <distance>40569</distance>
        </extensions>
      </trkpt>
      <trkpt lat="46.475725" lon="13.886135">
        <ele>699</ele>
        <extensions>
          <distance>40593</distance>
        </extensions>
      </trkpt>
      <trkpt lat="46.47581" lon="13.88584">
        <ele>699</ele>
        <extensions>
          <distance>40618</distance>
        </extensions>
      </trkpt>
      <trkpt lat="46.47587" lon="13.885570000000001">
        <ele>699</ele>
        <extensions>
          <distance>40640</distance>
        </extensions>
      </trkpt>
      <trkpt lat="46.475930000000005" lon="13.8853">
        <ele>699.75</ele>
        <extensions>
          <distance>40661</distance>
        </extensions>
      </trkpt>
      <trkpt lat="46.47599" lon="13.88503">
        <ele>700.625</ele>
        <extensions>
          <distance>40683</distance>
        </extensions>
      </trkpt>
      <trkpt lat="46.47605" lon="13.88476">
        <ele>701.5</ele>
        <extensions>
          <distance>40705</distance>
        </extensions>
      </trkpt>
      <trkpt lat="46.47611" lon="13.88449">
        <ele>702.375</ele>
        <extensions>
          <distance>40727</distance>
        </extensions>
      </trkpt>
      <trkpt lat="46.476169999999996" lon="13.88422">
        <ele>703.25</ele>
        <extensions>
          <distance>40749</distance>
        </extensions>
      </trkpt>
      <trkpt lat="46.47623" lon="13.883949999999999">
        <ele>704</ele>
        <extensions>
          <distance>40770</distance>
        </extensions>
      </trkpt>
      <trkpt lat="46.47629" lon="13.88368">
        <ele>704</ele>
        <extensions>
          <distance>40792</distance>
        </extensions>
      </trkpt>
      <trkpt lat="46.4763475" lon="13.8834375">
        <ele>704</ele>
        <extensions>
          <distance>40812</distance>
        </extensions>
      </trkpt>
      <trkpt lat="46.476405" lon="13.883195">
        <ele>704</ele>
        <extensions>
          <distance>40832</distance>
        </extensions>
      </trkpt>
      <trkpt lat="46.4764625" lon="13.8829525">
        <ele>703.5</ele>
        <extensions>
          <distance>40851</distance>
        </extensions>
      </trkpt>
      <trkpt lat="46.47652" lon="13.88271">
        <ele>703</ele>
        <extensions>
          <distance>40871</distance>
        </extensions>
      </trkpt>
      <trkpt lat="46.4765625" lon="13.882494999999999">
        <ele>701</ele>
        <extensions>
          <distance>40888</distance>
        </extensions>
      </trkpt>
      <trkpt lat="46.476605" lon="13.88228">
        <ele>701</ele>
        <extensions>
          <distance>40905</distance>
        </extensions>
      </trkpt>
      <trkpt lat="46.4766475" lon="13.882065">
        <ele>701</ele>
        <extensions>
          <distance>40922</distance>
        </extensions>
      </trkpt>
      <trkpt lat="46.47669" lon="13.88185">
        <ele>701</ele>
        <extensions>
          <distance>40940</distance>
        </extensions>
      </trkpt>
      <trkpt lat="46.4767125" lon="13.881625">
        <ele>701</ele>
        <extensions>
          <distance>40957</distance>
        </extensions>
      </trkpt>
      <trkpt lat="46.476735" lon="13.8814">
        <ele>701</ele>
        <extensions>
          <distance>40975</distance>
        </extensions>
      </trkpt>
      <trkpt lat="46.4767575" lon="13.881174999999999">
        <ele>701</ele>
        <extensions>
          <distance>40992</distance>
        </extensions>
      </trkpt>
      <trkpt lat="46.47678" lon="13.88095">
        <ele>701</ele>
        <extensions>
          <distance>41009</distance>
        </extensions>
      </trkpt>
      <trkpt lat="46.476785" lon="13.880685">
        <ele>702</ele>
        <extensions>
          <distance>41030</distance>
        </extensions>
      </trkpt>
      <trkpt lat="46.47679" lon="13.88042">
        <ele>703</ele>
        <extensions>
          <distance>41050</distance>
        </extensions>
      </trkpt>
      <trkpt lat="46.47678" lon="13.88007">
        <ele>704</ele>
        <extensions>
          <distance>41077</distance>
        </extensions>
      </trkpt>
      <trkpt lat="46.47676" lon="13.879850000000001">
        <ele>704.5</ele>
        <extensions>
          <distance>41094</distance>
        </extensions>
      </trkpt>
      <trkpt lat="46.47673999999999" lon="13.87963">
        <ele>705</ele>
        <extensions>
          <distance>41111</distance>
        </extensions>
      </trkpt>
      <trkpt lat="46.47671999999999" lon="13.87941">
        <ele>705.5</ele>
        <extensions>
          <distance>41128</distance>
        </extensions>
      </trkpt>
      <trkpt lat="46.476699999999994" lon="13.879190000000001">
        <ele>706</ele>
        <extensions>
          <distance>41145</distance>
        </extensions>
      </trkpt>
      <trkpt lat="46.476679999999995" lon="13.87897">
        <ele>706.5</ele>
        <extensions>
          <distance>41162</distance>
        </extensions>
      </trkpt>
      <trkpt lat="46.476659999999995" lon="13.87875">
        <ele>707</ele>
        <extensions>
          <distance>41179</distance>
        </extensions>
      </trkpt>
      <trkpt lat="46.476639999999996" lon="13.878530000000001">
        <ele>707.5</ele>
        <extensions>
          <distance>41196</distance>
        </extensions>
      </trkpt>
      <trkpt lat="46.47662" lon="13.87831">
        <ele>707.5</ele>
        <extensions>
          <distance>41213</distance>
        </extensions>
      </trkpt>
      <trkpt lat="46.476609999999994" lon="13.878075">
        <ele>707.5</ele>
        <extensions>
          <distance>41232</distance>
        </extensions>
      </trkpt>
      <trkpt lat="46.4766" lon="13.87784">
        <ele>707.5</ele>
        <extensions>
          <distance>41250</distance>
        </extensions>
      </trkpt>
      <trkpt lat="46.47661" lon="13.8775">
        <ele>707.75</ele>
        <extensions>
          <distance>41276</distance>
        </extensions>
      </trkpt>
      <trkpt lat="46.4766325" lon="13.8772875">
        <ele>707.75</ele>
        <extensions>
          <distance>41292</distance>
        </extensions>
      </trkpt>
      <trkpt lat="46.476655" lon="13.877075">
        <ele>707.75</ele>
        <extensions>
          <distance>41309</distance>
        </extensions>
      </trkpt>
      <trkpt lat="46.4766775" lon="13.8768625">
        <ele>707.75</ele>
        <extensions>
          <distance>41325</distance>
        </extensions>
      </trkpt>
      <trkpt lat="46.4767" lon="13.87665">
        <ele>708</ele>
        <extensions>
          <distance>41342</distance>
        </extensions>
      </trkpt>
      <trkpt lat="46.476755" lon="13.87636">
        <ele>709.5</ele>
        <extensions>
          <distance>41365</distance>
        </extensions>
      </trkpt>
      <trkpt lat="46.47681" lon="13.87607">
        <ele>711</ele>
        <extensions>
          <distance>41388</distance>
        </extensions>
      </trkpt>
      <trkpt lat="46.476865000000004" lon="13.875865000000001">
        <ele>711.5</ele>
        <extensions>
          <distance>41405</distance>
        </extensions>
      </trkpt>
      <trkpt lat="46.47692" lon="13.87566">
        <ele>712</ele>
        <extensions>
          <distance>41422</distance>
        </extensions>
      </trkpt>
      <trkpt lat="46.477045000000004" lon="13.875345">
        <ele>712.5</ele>
        <extensions>
          <distance>41450</distance>
        </extensions>
      </trkpt>
      <trkpt lat="46.47717" lon="13.87503">
        <ele>713</ele>
        <extensions>
          <distance>41478</distance>
        </extensions>
      </trkpt>
      <trkpt lat="46.477305" lon="13.87474">
        <ele>713</ele>
        <extensions>
          <distance>41504</distance>
        </extensions>
      </trkpt>
      <trkpt lat="46.47744" lon="13.87445">
        <ele>713</ele>
        <extensions>
          <distance>41531</distance>
        </extensions>
      </trkpt>
      <trkpt lat="46.477575" lon="13.87416">
        <ele>713</ele>
        <extensions>
          <distance>41558</distance>
        </extensions>
      </trkpt>
      <trkpt lat="46.47771" lon="13.87387">
        <ele>713</ele>
        <extensions>
          <distance>41585</distance>
        </extensions>
      </trkpt>
      <trkpt lat="46.47784125" lon="13.873575">
        <ele>714</ele>
        <extensions>
          <distance>41612</distance>
        </extensions>
      </trkpt>
      <trkpt lat="46.4779725" lon="13.873280000000001">
        <ele>716</ele>
        <extensions>
          <distance>41639</distance>
        </extensions>
      </trkpt>
      <trkpt lat="46.47810375" lon="13.872985">
        <ele>717</ele>
        <extensions>
          <distance>41666</distance>
        </extensions>
      </trkpt>
      <trkpt lat="46.478235" lon="13.87269">
        <ele>719</ele>
        <extensions>
          <distance>41693</distance>
        </extensions>
      </trkpt>
      <trkpt lat="46.47836625" lon="13.872395000000001">
        <ele>720</ele>
        <extensions>
          <distance>41720</distance>
        </extensions>
      </trkpt>
      <trkpt lat="46.4784975" lon="13.8721">
        <ele>720</ele>
        <extensions>
          <distance>41747</distance>
        </extensions>
      </trkpt>
      <trkpt lat="46.47862875" lon="13.871805">
        <ele>721</ele>
        <extensions>
          <distance>41774</distance>
        </extensions>
      </trkpt>
      <trkpt lat="46.47876" lon="13.87151">
        <ele>721</ele>
        <extensions>
          <distance>41801</distance>
        </extensions>
      </trkpt>
      <trkpt lat="46.478880000000004" lon="13.87123">
        <ele>721</ele>
        <extensions>
          <distance>41826</distance>
        </extensions>
      </trkpt>
      <trkpt lat="46.479" lon="13.87095">
        <ele>721</ele>
        <extensions>
          <distance>41851</distance>
        </extensions>
      </trkpt>
      <trkpt lat="46.4791" lon="13.87078">
        <ele>722</ele>
        <extensions>
          <distance>41869</distance>
        </extensions>
      </trkpt>
      <trkpt lat="46.479225" lon="13.870495">
        <ele>722.5</ele>
        <extensions>
          <distance>41894</distance>
        </extensions>
      </trkpt>
      <trkpt lat="46.47935" lon="13.87021">
        <ele>723</ele>
        <extensions>
          <distance>41920</distance>
        </extensions>
      </trkpt>
      <trkpt lat="46.47942" lon="13.870025">
        <ele>723.5</ele>
        <extensions>
          <distance>41937</distance>
        </extensions>
      </trkpt>
      <trkpt lat="46.47949" lon="13.86984">
        <ele>724</ele>
        <extensions>
          <distance>41953</distance>
        </extensions>
      </trkpt>
      <trkpt lat="46.479524999999995" lon="13.869620000000001">
        <ele>724.5</ele>
        <extensions>
          <distance>41970</distance>
        </extensions>
      </trkpt>
      <trkpt lat="46.47956" lon="13.8694">
        <ele>725</ele>
        <extensions>
          <distance>41988</distance>
        </extensions>
      </trkpt>
      <trkpt lat="46.47962" lon="13.86921">
        <ele>726</ele>
        <extensions>
          <distance>42004</distance>
        </extensions>
      </trkpt>
      <trkpt lat="46.47968" lon="13.86902">
        <ele>727</ele>
        <extensions>
          <distance>42020</distance>
        </extensions>
      </trkpt>
      <trkpt lat="46.47971" lon="13.86865">
        <ele>727</ele>
        <extensions>
          <distance>42048</distance>
        </extensions>
      </trkpt>
      <trkpt lat="46.47976" lon="13.8683025">
        <ele>727.5</ele>
        <extensions>
          <distance>42076</distance>
        </extensions>
      </trkpt>
      <trkpt lat="46.47981" lon="13.867955">
        <ele>728</ele>
        <extensions>
          <distance>42103</distance>
        </extensions>
      </trkpt>
      <trkpt lat="46.47986" lon="13.8676075">
        <ele>728</ele>
        <extensions>
          <distance>42130</distance>
        </extensions>
      </trkpt>
      <trkpt lat="46.47991" lon="13.86726">
        <ele>728</ele>
        <extensions>
          <distance>42157</distance>
        </extensions>
      </trkpt>
      <trkpt lat="46.479945" lon="13.86691">
        <ele>728</ele>
        <extensions>
          <distance>42184</distance>
        </extensions>
      </trkpt>
      <trkpt lat="46.47998" lon="13.86656">
        <ele>728</ele>
        <extensions>
          <distance>42212</distance>
        </extensions>
      </trkpt>
      <trkpt lat="46.479995" lon="13.866185">
        <ele>727.5</ele>
        <extensions>
          <distance>42240</distance>
        </extensions>
      </trkpt>
      <trkpt lat="46.48001" lon="13.86581">
        <ele>727</ele>
        <extensions>
          <distance>42269</distance>
        </extensions>
      </trkpt>
      <trkpt lat="46.479997499999996" lon="13.865465">
        <ele>725.75</ele>
        <extensions>
          <distance>42296</distance>
        </extensions>
      </trkpt>
      <trkpt lat="46.479985" lon="13.865120000000001">
        <ele>724.5</ele>
        <extensions>
          <distance>42322</distance>
        </extensions>
      </trkpt>
      <trkpt lat="46.4799725" lon="13.864775000000002">
        <ele>723.25</ele>
        <extensions>
          <distance>42349</distance>
        </extensions>
      </trkpt>
      <trkpt lat="46.47996" lon="13.86443">
        <ele>722</ele>
        <extensions>
          <distance>42375</distance>
        </extensions>
      </trkpt>
      <trkpt lat="46.4799625" lon="13.86418625">
        <ele>721</ele>
        <extensions>
          <distance>42394</distance>
        </extensions>
      </trkpt>
      <trkpt lat="46.47996499999999" lon="13.8639425">
        <ele>721</ele>
        <extensions>
          <distance>42413</distance>
        </extensions>
      </trkpt>
      <trkpt lat="46.479967499999994" lon="13.863698750000001">
        <ele>720</ele>
        <extensions>
          <distance>42432</distance>
        </extensions>
      </trkpt>
      <trkpt lat="46.479969999999994" lon="13.863455">
        <ele>720</ele>
        <extensions>
          <distance>42450</distance>
        </extensions>
      </trkpt>
      <trkpt lat="46.479972499999995" lon="13.863211249999999">
        <ele>719</ele>
        <extensions>
          <distance>42469</distance>
        </extensions>
      </trkpt>
      <trkpt lat="46.479974999999996" lon="13.8629675">
        <ele>719</ele>
        <extensions>
          <distance>42488</distance>
        </extensions>
      </trkpt>
      <trkpt lat="46.4799775" lon="13.86272375">
        <ele>719</ele>
        <extensions>
          <distance>42507</distance>
        </extensions>
      </trkpt>
      <trkpt lat="46.47998" lon="13.86248">
        <ele>719</ele>
        <extensions>
          <distance>42525</distance>
        </extensions>
      </trkpt>
      <trkpt lat="46.48" lon="13.86234">
        <ele>719</ele>
        <extensions>
          <distance>42536</distance>
        </extensions>
      </trkpt>
      <trkpt lat="46.48007" lon="13.862145">
        <ele>720</ele>
        <extensions>
          <distance>42553</distance>
        </extensions>
      </trkpt>
      <trkpt lat="46.48014" lon="13.86195">
        <ele>728</ele>
        <extensions>
          <distance>42570</distance>
        </extensions>
      </trkpt>
      <trkpt lat="46.480177499999996" lon="13.8616875">
        <ele>729.25</ele>
        <extensions>
          <distance>42591</distance>
        </extensions>
      </trkpt>
      <trkpt lat="46.480215" lon="13.861425">
        <ele>730.5</ele>
        <extensions>
          <distance>42611</distance>
        </extensions>
      </trkpt>
      <trkpt lat="46.4802525" lon="13.8611625">
        <ele>731.75</ele>
        <extensions>
          <distance>42632</distance>
        </extensions>
      </trkpt>
      <trkpt lat="46.48029" lon="13.8609">
        <ele>733</ele>
        <extensions>
          <distance>42653</distance>
        </extensions>
      </trkpt>
      <trkpt lat="46.4803003125" lon="13.860585625">
        <ele>733</ele>
        <extensions>
          <distance>42677</distance>
        </extensions>
      </trkpt>
      <trkpt lat="46.480310625" lon="13.86027125">
        <ele>733</ele>
        <extensions>
          <distance>42701</distance>
        </extensions>
      </trkpt>
      <trkpt lat="46.4803209375" lon="13.859956875">
        <ele>733</ele>
        <extensions>
          <distance>42725</distance>
        </extensions>
      </trkpt>
      <trkpt lat="46.48033125" lon="13.8596425">
        <ele>733</ele>
        <extensions>
          <distance>42749</distance>
        </extensions>
      </trkpt>
      <trkpt lat="46.4803415625" lon="13.859328125">
        <ele>733</ele>
        <extensions>
          <distance>42774</distance>
        </extensions>
      </trkpt>
      <trkpt lat="46.480351875" lon="13.859013749999999">
        <ele>733</ele>
        <extensions>
          <distance>42798</distance>
        </extensions>
      </trkpt>
      <trkpt lat="46.4803621875" lon="13.858699375">
        <ele>733</ele>
        <extensions>
          <distance>42822</distance>
        </extensions>
      </trkpt>
      <trkpt lat="46.4803725" lon="13.858385">
        <ele>733</ele>
        <extensions>
          <distance>42846</distance>
        </extensions>
      </trkpt>
      <trkpt lat="46.4803828125" lon="13.858070625">
        <ele>733</ele>
        <extensions>
          <distance>42870</distance>
        </extensions>
      </trkpt>
      <trkpt lat="46.480393125" lon="13.857756250000001">
        <ele>733</ele>
        <extensions>
          <distance>42894</distance>
        </extensions>
      </trkpt>
      <trkpt lat="46.4804034375" lon="13.857441875000001">
        <ele>733</ele>
        <extensions>
          <distance>42919</distance>
        </extensions>
      </trkpt>
      <trkpt lat="46.48041375" lon="13.8571275">
        <ele>733</ele>
        <extensions>
          <distance>42943</distance>
        </extensions>
      </trkpt>
      <trkpt lat="46.4804240625" lon="13.856813125">
        <ele>733</ele>
        <extensions>
          <distance>42967</distance>
        </extensions>
      </trkpt>
      <trkpt lat="46.480434375" lon="13.85649875">
        <ele>733</ele>
        <extensions>
          <distance>42991</distance>
        </extensions>
      </trkpt>
      <trkpt lat="46.4804446875" lon="13.856184375">
        <ele>733</ele>
        <extensions>
          <distance>43015</distance>
        </extensions>
      </trkpt>
      <trkpt lat="46.480455" lon="13.85587">
        <ele>733</ele>
        <extensions>
          <distance>43039</distance>
        </extensions>
      </trkpt>
      <trkpt lat="46.4804653125" lon="13.855555625">
        <ele>733</ele>
        <extensions>
          <distance>43064</distance>
        </extensions>
      </trkpt>
      <trkpt lat="46.480475625" lon="13.855241249999999">
        <ele>733</ele>
        <extensions>
          <distance>43088</distance>
        </extensions>
      </trkpt>
      <trkpt lat="46.4804859375" lon="13.854926875">
        <ele>733</ele>
        <extensions>
          <distance>43112</distance>
        </extensions>
      </trkpt>
      <trkpt lat="46.48049625" lon="13.8546125">
        <ele>733</ele>
        <extensions>
          <distance>43136</distance>
        </extensions>
      </trkpt>
      <trkpt lat="46.4805065625" lon="13.854298125">
        <ele>733</ele>
        <extensions>
          <distance>43160</distance>
        </extensions>
      </trkpt>
      <trkpt lat="46.480516875" lon="13.853983750000001">
        <ele>733</ele>
        <extensions>
          <distance>43184</distance>
        </extensions>
      </trkpt>
      <trkpt lat="46.4805271875" lon="13.853669375">
        <ele>733</ele>
        <extensions>
          <distance>43209</distance>
        </extensions>
      </trkpt>
      <trkpt lat="46.4805375" lon="13.853355">
        <ele>733</ele>
        <extensions>
          <distance>43233</distance>
        </extensions>
      </trkpt>
      <trkpt lat="46.4805478125" lon="13.853040625">
        <ele>733</ele>
        <extensions>
          <distance>43257</distance>
        </extensions>
      </trkpt>
      <trkpt lat="46.480558125" lon="13.85272625">
        <ele>733</ele>
        <extensions>
          <distance>43281</distance>
        </extensions>
      </trkpt>
      <trkpt lat="46.4805684375" lon="13.852411875">
        <ele>733</ele>
        <extensions>
          <distance>43305</distance>
        </extensions>
      </trkpt>
      <trkpt lat="46.48057875" lon="13.8520975">
        <ele>733</ele>
        <extensions>
          <distance>43329</distance>
        </extensions>
      </trkpt>
      <trkpt lat="46.4805890625" lon="13.851783124999999">
        <ele>733</ele>
        <extensions>
          <distance>43354</distance>
        </extensions>
      </trkpt>
      <trkpt lat="46.480599375" lon="13.851468749999999">
        <ele>733</ele>
        <extensions>
          <distance>43378</distance>
        </extensions>
      </trkpt>
      <trkpt lat="46.4806096875" lon="13.851154375">
        <ele>733</ele>
        <extensions>
          <distance>43402</distance>
        </extensions>
      </trkpt>
      <trkpt lat="46.48062" lon="13.85084">
        <ele>733</ele>
        <extensions>
          <distance>43426</distance>
        </extensions>
      </trkpt>
      <trkpt lat="46.480635" lon="13.8506025">
        <ele>733.5</ele>
        <extensions>
          <distance>43444</distance>
        </extensions>
      </trkpt>
      <trkpt lat="46.48065" lon="13.850365">
        <ele>734</ele>
        <extensions>
          <distance>43463</distance>
        </extensions>
      </trkpt>
      <trkpt lat="46.480665" lon="13.8501275">
        <ele>734</ele>
        <extensions>
          <distance>43481</distance>
        </extensions>
      </trkpt>
      <trkpt lat="46.48068" lon="13.84989">
        <ele>734.5</ele>
        <extensions>
          <distance>43499</distance>
        </extensions>
      </trkpt>
      <trkpt lat="46.48071" lon="13.84964">
        <ele>734.5</ele>
        <extensions>
          <distance>43519</distance>
        </extensions>
      </trkpt>
      <trkpt lat="46.48074" lon="13.84939">
        <ele>734.5</ele>
        <extensions>
          <distance>43538</distance>
        </extensions>
      </trkpt>
      <trkpt lat="46.4807825" lon="13.84918">
        <ele>735</ele>
        <extensions>
          <distance>43555</distance>
        </extensions>
      </trkpt>
      <trkpt lat="46.480824999999996" lon="13.84897">
        <ele>735</ele>
        <extensions>
          <distance>43572</distance>
        </extensions>
      </trkpt>
      <trkpt lat="46.4808675" lon="13.848759999999999">
        <ele>735.5</ele>
        <extensions>
          <distance>43589</distance>
        </extensions>
      </trkpt>
      <trkpt lat="46.48091" lon="13.84855">
        <ele>736</ele>
        <extensions>
          <distance>43606</distance>
        </extensions>
      </trkpt>
      <trkpt lat="46.480985000000004" lon="13.84827">
        <ele>737</ele>
        <extensions>
          <distance>43629</distance>
        </extensions>
      </trkpt>
      <trkpt lat="46.48106" lon="13.84799">
        <ele>738</ele>
        <extensions>
          <distance>43652</distance>
        </extensions>
      </trkpt>
      <trkpt lat="46.4811325" lon="13.847787499999999">
        <ele>738.25</ele>
        <extensions>
          <distance>43669</distance>
        </extensions>
      </trkpt>
      <trkpt lat="46.481205" lon="13.847584999999999">
        <ele>738.5</ele>
        <extensions>
          <distance>43687</distance>
        </extensions>
      </trkpt>
      <trkpt lat="46.481277500000004" lon="13.847382499999998">
        <ele>738.75</ele>
        <extensions>
          <distance>43704</distance>
        </extensions>
      </trkpt>
      <trkpt lat="46.48135" lon="13.84718">
        <ele>739</ele>
        <extensions>
          <distance>43722</distance>
        </extensions>
      </trkpt>
      <trkpt lat="46.4814975" lon="13.846879999999999">
        <ele>739</ele>
        <extensions>
          <distance>43750</distance>
        </extensions>
      </trkpt>
      <trkpt lat="46.481645" lon="13.84658">
        <ele>739</ele>
        <extensions>
          <distance>43778</distance>
        </extensions>
      </trkpt>
      <trkpt lat="46.4817925" lon="13.84628">
        <ele>739</ele>
        <extensions>
          <distance>43807</distance>
        </extensions>
      </trkpt>
      <trkpt lat="46.48194" lon="13.84598">
        <ele>739</ele>
        <extensions>
          <distance>43835</distance>
        </extensions>
      </trkpt>
      <trkpt lat="46.48207" lon="13.84573">
        <ele>739.5</ele>
        <extensions>
          <distance>43859</distance>
        </extensions>
      </trkpt>
      <trkpt lat="46.4822" lon="13.84548">
        <ele>739.5</ele>
        <extensions>
          <distance>43883</distance>
        </extensions>
      </trkpt>
      <trkpt lat="46.482330000000005" lon="13.845255">
        <ele>739.5</ele>
        <extensions>
          <distance>43905</distance>
        </extensions>
      </trkpt>
      <trkpt lat="46.48246" lon="13.84503">
        <ele>739.5</ele>
        <extensions>
          <distance>43928</distance>
        </extensions>
      </trkpt>
      <trkpt lat="46.48260500000001" lon="13.84474">
        <ele>739.5</ele>
        <extensions>
          <distance>43955</distance>
        </extensions>
      </trkpt>
      <trkpt lat="46.48275" lon="13.84445">
        <ele>739</ele>
        <extensions>
          <distance>43983</distance>
        </extensions>
      </trkpt>
      <trkpt lat="46.48288" lon="13.84413">
        <ele>738</ele>
        <extensions>
          <distance>44011</distance>
        </extensions>
      </trkpt>
      <trkpt lat="46.48298" lon="13.84385">
        <ele>738</ele>
        <extensions>
          <distance>44036</distance>
        </extensions>
      </trkpt>
      <trkpt lat="46.48304" lon="13.84361">
        <ele>737</ele>
        <extensions>
          <distance>44055</distance>
        </extensions>
      </trkpt>
      <trkpt lat="46.4831" lon="13.84337">
        <ele>737</ele>
        <extensions>
          <distance>44075</distance>
        </extensions>
      </trkpt>
      <trkpt lat="46.48314" lon="13.843164999999999">
        <ele>737</ele>
        <extensions>
          <distance>44091</distance>
        </extensions>
      </trkpt>
      <trkpt lat="46.48318" lon="13.84296">
        <ele>737</ele>
        <extensions>
          <distance>44108</distance>
        </extensions>
      </trkpt>
      <trkpt lat="46.483194999999995" lon="13.842755">
        <ele>737.5</ele>
        <extensions>
          <distance>44123</distance>
        </extensions>
      </trkpt>
      <trkpt lat="46.48321" lon="13.84255">
        <ele>738</ele>
        <extensions>
          <distance>44139</distance>
        </extensions>
      </trkpt>
      <trkpt lat="46.48321" lon="13.8423">
        <ele>739</ele>
        <extensions>
          <distance>44158</distance>
        </extensions>
      </trkpt>
      <trkpt lat="46.48321" lon="13.84205">
        <ele>740</ele>
        <extensions>
          <distance>44178</distance>
        </extensions>
      </trkpt>
      <trkpt lat="46.48319" lon="13.841825">
        <ele>740</ele>
        <extensions>
          <distance>44195</distance>
        </extensions>
      </trkpt>
      <trkpt lat="46.48317" lon="13.8416">
        <ele>740</ele>
        <extensions>
          <distance>44213</distance>
        </extensions>
      </trkpt>
      <trkpt lat="46.48314" lon="13.84135">
        <ele>741</ele>
        <extensions>
          <distance>44232</distance>
        </extensions>
      </trkpt>
      <trkpt lat="46.483090000000004" lon="13.8411">
        <ele>741</ele>
        <extensions>
          <distance>44252</distance>
        </extensions>
      </trkpt>
      <trkpt lat="46.48304" lon="13.84085">
        <ele>741</ele>
        <extensions>
          <distance>44272</distance>
        </extensions>
      </trkpt>
      <trkpt lat="46.48299" lon="13.840655">
        <ele>741</ele>
        <extensions>
          <distance>44288</distance>
        </extensions>
      </trkpt>
      <trkpt lat="46.48294" lon="13.84046">
        <ele>741</ele>
        <extensions>
          <distance>44304</distance>
        </extensions>
      </trkpt>
      <trkpt lat="46.482825" lon="13.84014">
        <ele>740.5</ele>
        <extensions>
          <distance>44332</distance>
        </extensions>
      </trkpt>
      <trkpt lat="46.48271" lon="13.83982">
        <ele>740</ele>
        <extensions>
          <distance>44359</distance>
        </extensions>
      </trkpt>
      <trkpt lat="46.48271" lon="13.83968">
        <ele>740</ele>
        <extensions>
          <distance>44370</distance>
        </extensions>
      </trkpt>
      <trkpt lat="46.482789999999994" lon="13.83945">
        <ele>740</ele>
        <extensions>
          <distance>44390</distance>
        </extensions>
      </trkpt>
      <trkpt lat="46.48287" lon="13.83922">
        <ele>740</ele>
        <extensions>
          <distance>44410</distance>
        </extensions>
      </trkpt>
      <trkpt lat="46.48299" lon="13.838925">
        <ele>741</ele>
        <extensions>
          <distance>44436</distance>
        </extensions>
      </trkpt>
      <trkpt lat="46.48311" lon="13.83863">
        <ele>741</ele>
        <extensions>
          <distance>44462</distance>
        </extensions>
      </trkpt>
      <trkpt lat="46.4832325" lon="13.8384575">
        <ele>741</ele>
        <extensions>
          <distance>44481</distance>
        </extensions>
      </trkpt>
      <trkpt lat="46.483355" lon="13.838284999999999">
        <ele>741</ele>
        <extensions>
          <distance>44500</distance>
        </extensions>
      </trkpt>
      <trkpt lat="46.483477500000006" lon="13.8381125">
        <ele>743</ele>
        <extensions>
          <distance>44519</distance>
        </extensions>
      </trkpt>
      <trkpt lat="46.4836" lon="13.83794">
        <ele>744</ele>
        <extensions>
          <distance>44538</distance>
        </extensions>
      </trkpt>
      <trkpt lat="46.483755" lon="13.8376675">
        <ele>745.5</ele>
        <extensions>
          <distance>44565</distance>
        </extensions>
      </trkpt>
      <trkpt lat="46.48391" lon="13.837395">
        <ele>746</ele>
        <extensions>
          <distance>44592</distance>
        </extensions>
      </trkpt>
      <trkpt lat="46.484065" lon="13.8371225">
        <ele>747</ele>
        <extensions>
          <distance>44620</distance>
        </extensions>
      </trkpt>
      <trkpt lat="46.48422" lon="13.83685">
        <ele>748</ele>
        <extensions>
          <distance>44647</distance>
        </extensions>
      </trkpt>
      <trkpt lat="46.484325" lon="13.8366">
        <ele>748</ele>
        <extensions>
          <distance>44669</distance>
        </extensions>
      </trkpt>
      <trkpt lat="46.48443" lon="13.83635">
        <ele>749</ele>
        <extensions>
          <distance>44692</distance>
        </extensions>
      </trkpt>
      <trkpt lat="46.48459" lon="13.83622">
        <ele>749</ele>
        <extensions>
          <distance>44712</distance>
        </extensions>
      </trkpt>
      <trkpt lat="46.48473" lon="13.83622">
        <ele>749</ele>
        <extensions>
          <distance>44728</distance>
        </extensions>
      </trkpt>
      <trkpt lat="46.48487" lon="13.83626">
        <ele>749</ele>
        <extensions>
          <distance>44743</distance>
        </extensions>
      </trkpt>
      <trkpt lat="46.4851" lon="13.83636">
        <ele>750</ele>
        <extensions>
          <distance>44770</distance>
        </extensions>
      </trkpt>
      <trkpt lat="46.48532" lon="13.8365">
        <ele>750</ele>
        <extensions>
          <distance>44797</distance>
        </extensions>
      </trkpt>
      <trkpt lat="46.48532" lon="13.83649">
        <ele>751</ele>
        <extensions>
          <distance>44798</distance>
        </extensions>
      </trkpt>
      <trkpt lat="46.48551" lon="13.8366">
        <ele>751</ele>
        <extensions>
          <distance>44820</distance>
        </extensions>
      </trkpt>
      <trkpt lat="46.48556" lon="13.8366">
        <ele>751</ele>
        <extensions>
          <distance>44826</distance>
        </extensions>
      </trkpt>
      <trkpt lat="46.48561" lon="13.83655">
        <ele>751</ele>
        <extensions>
          <distance>44833</distance>
        </extensions>
      </trkpt>
      <trkpt lat="46.48565" lon="13.83631">
        <ele>751</ele>
        <extensions>
          <distance>44852</distance>
        </extensions>
      </trkpt>
      <trkpt lat="46.48568" lon="13.83599">
        <ele>751</ele>
        <extensions>
          <distance>44876</distance>
        </extensions>
      </trkpt>
      <trkpt lat="46.4856975" lon="13.8356">
        <ele>751.5</ele>
        <extensions>
          <distance>44906</distance>
        </extensions>
      </trkpt>
      <trkpt lat="46.485715" lon="13.83521">
        <ele>752</ele>
        <extensions>
          <distance>44937</distance>
        </extensions>
      </trkpt>
      <trkpt lat="46.4857325" lon="13.83482">
        <ele>752.5</ele>
        <extensions>
          <distance>44967</distance>
        </extensions>
      </trkpt>
      <trkpt lat="46.48575" lon="13.83443">
        <ele>753</ele>
        <extensions>
          <distance>44997</distance>
        </extensions>
      </trkpt>
      <trkpt lat="46.48585" lon="13.83421">
        <ele>753</ele>
        <extensions>
          <distance>45017</distance>
        </extensions>
      </trkpt>
      <trkpt lat="46.48593" lon="13.83411">
        <ele>755</ele>
        <extensions>
          <distance>45029</distance>
        </extensions>
      </trkpt>
      <trkpt lat="46.486090000000004" lon="13.83397">
        <ele>757</ele>
        <extensions>
          <distance>45049</distance>
        </extensions>
      </trkpt>
      <trkpt lat="46.48625" lon="13.83383">
        <ele>760</ele>
        <extensions>
          <distance>45070</distance>
        </extensions>
      </trkpt>
      <trkpt lat="46.48644" lon="13.83364">
        <ele>765</ele>
        <extensions>
          <distance>45097</distance>
        </extensions>
      </trkpt>
      <trkpt lat="46.48652" lon="13.83339">
        <ele>765</ele>
        <extensions>
          <distance>45118</distance>
        </extensions>
      </trkpt>
      <trkpt lat="46.48663" lon="13.83314">
        <ele>765</ele>
        <extensions>
          <distance>45140</distance>
        </extensions>
      </trkpt>
      <trkpt lat="46.48663" lon="13.83296">
        <ele>765</ele>
        <extensions>
          <distance>45154</distance>
        </extensions>
      </trkpt>
      <trkpt lat="46.48661" lon="13.83282">
        <ele>766</ele>
        <extensions>
          <distance>45165</distance>
        </extensions>
      </trkpt>
      <trkpt lat="46.48649" lon="13.83249">
        <ele>766</ele>
        <extensions>
          <distance>45194</distance>
        </extensions>
      </trkpt>
      <trkpt lat="46.48667" lon="13.83252">
        <ele>766</ele>
        <extensions>
          <distance>45214</distance>
        </extensions>
      </trkpt>
      <trkpt lat="46.48674" lon="13.83249">
        <ele>766</ele>
        <extensions>
          <distance>45222</distance>
        </extensions>
      </trkpt>
      <trkpt lat="46.48681" lon="13.83238">
        <ele>769</ele>
        <extensions>
          <distance>45234</distance>
        </extensions>
      </trkpt>
      <trkpt lat="46.48687" lon="13.83245">
        <ele>771</ele>
        <extensions>
          <distance>45243</distance>
        </extensions>
      </trkpt>
      <trkpt lat="46.48699" lon="13.83271">
        <ele>776</ele>
        <extensions>
          <distance>45267</distance>
        </extensions>
      </trkpt>
      <trkpt lat="46.487055" lon="13.8329175">
        <ele>779.25</ele>
        <extensions>
          <distance>45285</distance>
        </extensions>
      </trkpt>
      <trkpt lat="46.487120000000004" lon="13.833124999999999">
        <ele>782.5</ele>
        <extensions>
          <distance>45303</distance>
        </extensions>
      </trkpt>
      <trkpt lat="46.487185000000004" lon="13.8333325">
        <ele>785.75</ele>
        <extensions>
          <distance>45320</distance>
        </extensions>
      </trkpt>
      <trkpt lat="46.48725" lon="13.83354">
        <ele>789</ele>
        <extensions>
          <distance>45338</distance>
        </extensions>
      </trkpt>
      <trkpt lat="46.48731" lon="13.83391">
        <ele>791.5</ele>
        <extensions>
          <distance>45367</distance>
        </extensions>
      </trkpt>
      <trkpt lat="46.48737" lon="13.83428">
        <ele>794</ele>
        <extensions>
          <distance>45397</distance>
        </extensions>
      </trkpt>
      <trkpt lat="46.48742" lon="13.83465">
        <ele>795</ele>
        <extensions>
          <distance>45426</distance>
        </extensions>
      </trkpt>
      <trkpt lat="46.48748" lon="13.83487">
        <ele>802.75</ele>
        <extensions>
          <distance>45445</distance>
        </extensions>
      </trkpt>
      <trkpt lat="46.487539999999996" lon="13.835090000000001">
        <ele>810.5</ele>
        <extensions>
          <distance>45464</distance>
        </extensions>
      </trkpt>
      <trkpt lat="46.4876" lon="13.83531">
        <ele>818.25</ele>
        <extensions>
          <distance>45484</distance>
        </extensions>
      </trkpt>
      <trkpt lat="46.48766" lon="13.83553">
        <ele>826</ele>
        <extensions>
          <distance>45504</distance>
        </extensions>
      </trkpt>
      <trkpt lat="46.48774" lon="13.83571">
        <ele>829</ele>
        <extensions>
          <distance>45521</distance>
        </extensions>
      </trkpt>
      <trkpt lat="46.48777" lon="13.83574">
        <ele>829</ele>
        <extensions>
          <distance>45525</distance>
        </extensions>
      </trkpt>
      <trkpt lat="46.48777" lon="13.83568">
        <ele>829</ele>
        <extensions>
          <distance>45529</distance>
        </extensions>
      </trkpt>
      <trkpt lat="46.4877" lon="13.83532">
        <ele>829</ele>
        <extensions>
          <distance>45558</distance>
        </extensions>
      </trkpt>
      <trkpt lat="46.48771" lon="13.83506">
        <ele>829</ele>
        <extensions>
          <distance>45578</distance>
        </extensions>
      </trkpt>
      <trkpt lat="46.487742499999996" lon="13.8348425">
        <ele>829</ele>
        <extensions>
          <distance>45595</distance>
        </extensions>
      </trkpt>
      <trkpt lat="46.487775" lon="13.834624999999999">
        <ele>829</ele>
        <extensions>
          <distance>45612</distance>
        </extensions>
      </trkpt>
      <trkpt lat="46.4878075" lon="13.8344075">
        <ele>829.5</ele>
        <extensions>
          <distance>45629</distance>
        </extensions>
      </trkpt>
      <trkpt lat="46.48784" lon="13.83419">
        <ele>830</ele>
        <extensions>
          <distance>45646</distance>
        </extensions>
      </trkpt>
      <trkpt lat="46.48787" lon="13.83418">
        <ele>833</ele>
        <extensions>
          <distance>45650</distance>
        </extensions>
      </trkpt>
      <trkpt lat="46.48793" lon="13.83421">
        <ele>839</ele>
        <extensions>
          <distance>45659</distance>
        </extensions>
      </trkpt>
      <trkpt lat="46.48794" lon="13.83426">
        <ele>841</ele>
        <extensions>
          <distance>45664</distance>
        </extensions>
      </trkpt>
      <trkpt lat="46.48786" lon="13.83462">
        <ele>841</ele>
        <extensions>
          <distance>45693</distance>
        </extensions>
      </trkpt>
      <trkpt lat="46.487849999999995" lon="13.83488">
        <ele>843.5</ele>
        <extensions>
          <distance>45713</distance>
        </extensions>
      </trkpt>
      <trkpt lat="46.48784" lon="13.83514">
        <ele>846</ele>
        <extensions>
          <distance>45733</distance>
        </extensions>
      </trkpt>
      <trkpt lat="46.48785" lon="13.83528">
        <ele>848</ele>
        <extensions>
          <distance>45744</distance>
        </extensions>
      </trkpt>
      <trkpt lat="46.48789" lon="13.83542">
        <ele>853</ele>
        <extensions>
          <distance>45756</distance>
        </extensions>
      </trkpt>
      <trkpt lat="46.48799" lon="13.83569">
        <ele>865</ele>
        <extensions>
          <distance>45783</distance>
        </extensions>
      </trkpt>
      <trkpt lat="46.488" lon="13.83586">
        <ele>867</ele>
        <extensions>
          <distance>45796</distance>
        </extensions>
      </trkpt>
      <trkpt lat="46.48798" lon="13.836135">
        <ele>867</ele>
        <extensions>
          <distance>45817</distance>
        </extensions>
      </trkpt>
      <trkpt lat="46.48796" lon="13.83641">
        <ele>868</ele>
        <extensions>
          <distance>45839</distance>
        </extensions>
      </trkpt>
      <trkpt lat="46.48791" lon="13.836645">
        <ele>868.5</ele>
        <extensions>
          <distance>45857</distance>
        </extensions>
      </trkpt>
      <trkpt lat="46.48786" lon="13.83688">
        <ele>870</ele>
        <extensions>
          <distance>45876</distance>
        </extensions>
      </trkpt>
      <trkpt lat="46.487885" lon="13.837155">
        <ele>876.5</ele>
        <extensions>
          <distance>45899</distance>
        </extensions>
      </trkpt>
      <trkpt lat="46.48791" lon="13.83743">
        <ele>876.5</ele>
        <extensions>
          <distance>45920</distance>
        </extensions>
      </trkpt>
      <trkpt lat="46.4878725" lon="13.83771">
        <ele>876.5</ele>
        <extensions>
          <distance>45942</distance>
        </extensions>
      </trkpt>
      <trkpt lat="46.487835000000004" lon="13.83799">
        <ele>876.5</ele>
        <extensions>
          <distance>45964</distance>
        </extensions>
      </trkpt>
      <trkpt lat="46.4877975" lon="13.83827">
        <ele>876</ele>
        <extensions>
          <distance>45986</distance>
        </extensions>
      </trkpt>
      <trkpt lat="46.48776" lon="13.83855">
        <ele>876</ele>
        <extensions>
          <distance>46008</distance>
        </extensions>
      </trkpt>
      <trkpt lat="46.48779" lon="13.83867">
        <ele>870.25</ele>
        <extensions>
          <distance>46018</distance>
        </extensions>
      </trkpt>
      <trkpt lat="46.48794" lon="13.8389">
        <ele>868</ele>
        <extensions>
          <distance>46042</distance>
        </extensions>
      </trkpt>
      <trkpt lat="46.48797" lon="13.8391">
        <ele>868</ele>
        <extensions>
          <distance>46058</distance>
        </extensions>
      </trkpt>
      <trkpt lat="46.48792" lon="13.83948">
        <ele>874</ele>
        <extensions>
          <distance>46088</distance>
        </extensions>
      </trkpt>
      <trkpt lat="46.48793" lon="13.83959">
        <ele>874</ele>
        <extensions>
          <distance>46096</distance>
        </extensions>
      </trkpt>
      <trkpt lat="46.48799" lon="13.83975">
        <ele>874</ele>
        <extensions>
          <distance>46110</distance>
        </extensions>
      </trkpt>
      <trkpt lat="46.488" lon="13.8401">
        <ele>874</ele>
        <extensions>
          <distance>46137</distance>
        </extensions>
      </trkpt>
      <trkpt lat="46.488074999999995" lon="13.84033">
        <ele>878.5</ele>
        <extensions>
          <distance>46157</distance>
        </extensions>
      </trkpt>
      <trkpt lat="46.48815" lon="13.84056">
        <ele>883</ele>
        <extensions>
          <distance>46177</distance>
        </extensions>
      </trkpt>
      <trkpt lat="46.4882" lon="13.84061">
        <ele>887</ele>
        <extensions>
          <distance>46185</distance>
        </extensions>
      </trkpt>
      <trkpt lat="46.48825" lon="13.84059">
        <ele>891</ele>
        <extensions>
          <distance>46192</distance>
        </extensions>
      </trkpt>
      <trkpt lat="46.48827" lon="13.84055">
        <ele>893</ele>
        <extensions>
          <distance>46196</distance>
        </extensions>
      </trkpt>
      <trkpt lat="46.48828" lon="13.84047">
        <ele>894</ele>
        <extensions>
          <distance>46202</distance>
        </extensions>
      </trkpt>
      <trkpt lat="46.48824" lon="13.84011">
        <ele>901</ele>
        <extensions>
          <distance>46231</distance>
        </extensions>
      </trkpt>
      <trkpt lat="46.48826" lon="13.83978">
        <ele>901</ele>
        <extensions>
          <distance>46257</distance>
        </extensions>
      </trkpt>
      <trkpt lat="46.48831" lon="13.83956">
        <ele>909</ele>
        <extensions>
          <distance>46275</distance>
        </extensions>
      </trkpt>
      <trkpt lat="46.48843" lon="13.83935">
        <ele>918</ele>
        <extensions>
          <distance>46298</distance>
        </extensions>
      </trkpt>
      <trkpt lat="46.48861" lon="13.83912">
        <ele>925</ele>
        <extensions>
          <distance>46325</distance>
        </extensions>
      </trkpt>
      <trkpt lat="46.48864" lon="13.83901">
        <ele>927</ele>
        <extensions>
          <distance>46335</distance>
        </extensions>
      </trkpt>
      <trkpt lat="46.48867" lon="13.83877">
        <ele>931</ele>
        <extensions>
          <distance>46354</distance>
        </extensions>
      </trkpt>
      <trkpt lat="46.48867" lon="13.83855">
        <ele>931</ele>
        <extensions>
          <distance>46371</distance>
        </extensions>
      </trkpt>
      <trkpt lat="46.488605" lon="13.83832">
        <ele>934</ele>
        <extensions>
          <distance>46390</distance>
        </extensions>
      </trkpt>
      <trkpt lat="46.48854" lon="13.838090000000001">
        <ele>934</ele>
        <extensions>
          <distance>46409</distance>
        </extensions>
      </trkpt>
      <trkpt lat="46.488475" lon="13.837860000000001">
        <ele>935</ele>
        <extensions>
          <distance>46428</distance>
        </extensions>
      </trkpt>
      <trkpt lat="46.48841" lon="13.83763">
        <ele>935</ele>
        <extensions>
          <distance>46447</distance>
        </extensions>
      </trkpt>
      <trkpt lat="46.48842" lon="13.83763">
        <ele>936</ele>
        <extensions>
          <distance>46448</distance>
        </extensions>
      </trkpt>
      <trkpt lat="46.48838" lon="13.83745">
        <ele>937</ele>
        <extensions>
          <distance>46463</distance>
        </extensions>
      </trkpt>
      <trkpt lat="46.4884" lon="13.83722">
        <ele>937</ele>
        <extensions>
          <distance>46481</distance>
        </extensions>
      </trkpt>
      <trkpt lat="46.488519999999994" lon="13.83695">
        <ele>937</ele>
        <extensions>
          <distance>46505</distance>
        </extensions>
      </trkpt>
      <trkpt lat="46.48864" lon="13.83668">
        <ele>937</ele>
        <extensions>
          <distance>46530</distance>
        </extensions>
      </trkpt>
      <trkpt lat="46.4888" lon="13.836500000000001">
        <ele>937</ele>
        <extensions>
          <distance>46553</distance>
        </extensions>
      </trkpt>
      <trkpt lat="46.48896" lon="13.83632">
        <ele>937</ele>
        <extensions>
          <distance>46575</distance>
        </extensions>
      </trkpt>
      <trkpt lat="46.48904" lon="13.83625">
        <ele>937</ele>
        <extensions>
          <distance>46585</distance>
        </extensions>
      </trkpt>
      <trkpt lat="46.48913" lon="13.83624">
        <ele>940</ele>
        <extensions>
          <distance>46596</distance>
        </extensions>
      </trkpt>
      <trkpt lat="46.48921" lon="13.83626">
        <ele>942</ele>
        <extensions>
          <distance>46605</distance>
        </extensions>
      </trkpt>
      <trkpt lat="46.4893" lon="13.83639">
        <ele>946</ele>
        <extensions>
          <distance>46619</distance>
        </extensions>
      </trkpt>
      <trkpt lat="46.489335" lon="13.836625">
        <ele>949</ele>
        <extensions>
          <distance>46638</distance>
        </extensions>
      </trkpt>
      <trkpt lat="46.48937" lon="13.83686">
        <ele>952</ele>
        <extensions>
          <distance>46657</distance>
        </extensions>
      </trkpt>
      <trkpt lat="46.48943" lon="13.83709">
        <ele>955</ele>
        <extensions>
          <distance>46676</distance>
        </extensions>
      </trkpt>
      <trkpt lat="46.48955" lon="13.83725">
        <ele>955</ele>
        <extensions>
          <distance>46694</distance>
        </extensions>
      </trkpt>
      <trkpt lat="46.48963" lon="13.83732">
        <ele>956</ele>
        <extensions>
          <distance>46705</distance>
        </extensions>
      </trkpt>
      <trkpt lat="46.48971" lon="13.83737">
        <ele>956</ele>
        <extensions>
          <distance>46714</distance>
        </extensions>
      </trkpt>
      <trkpt lat="46.48988" lon="13.83756">
        <ele>956</ele>
        <extensions>
          <distance>46738</distance>
        </extensions>
      </trkpt>
      <trkpt lat="46.49009" lon="13.8377">
        <ele>959</ele>
        <extensions>
          <distance>46764</distance>
        </extensions>
      </trkpt>
      <trkpt lat="46.490225" lon="13.837695">
        <ele>963.5</ele>
        <extensions>
          <distance>46780</distance>
        </extensions>
      </trkpt>
      <trkpt lat="46.49036" lon="13.83769">
        <ele>968</ele>
        <extensions>
          <distance>46795</distance>
        </extensions>
      </trkpt>
      <trkpt lat="46.4904" lon="13.83758">
        <ele>969</ele>
        <extensions>
          <distance>46805</distance>
        </extensions>
      </trkpt>
      <trkpt lat="46.49039" lon="13.83741">
        <ele>969</ele>
        <extensions>
          <distance>46818</distance>
        </extensions>
      </trkpt>
      <trkpt lat="46.4903975" lon="13.837205">
        <ele>969.25</ele>
        <extensions>
          <distance>46834</distance>
        </extensions>
      </trkpt>
      <trkpt lat="46.490404999999996" lon="13.837">
        <ele>969.5</ele>
        <extensions>
          <distance>46849</distance>
        </extensions>
      </trkpt>
      <trkpt lat="46.4904125" lon="13.836794999999999">
        <ele>969.5</ele>
        <extensions>
          <distance>46865</distance>
        </extensions>
      </trkpt>
      <trkpt lat="46.49042" lon="13.83659">
        <ele>969.5</ele>
        <extensions>
          <distance>46881</distance>
        </extensions>
      </trkpt>
      <trkpt lat="46.4904425" lon="13.8363875">
        <ele>969.5</ele>
        <extensions>
          <distance>46897</distance>
        </extensions>
      </trkpt>
      <trkpt lat="46.490465" lon="13.836185">
        <ele>969.75</ele>
        <extensions>
          <distance>46912</distance>
        </extensions>
      </trkpt>
      <trkpt lat="46.4904875" lon="13.8359825">
        <ele>969.75</ele>
        <extensions>
          <distance>46928</distance>
        </extensions>
      </trkpt>
      <trkpt lat="46.49051" lon="13.83578">
        <ele>969.75</ele>
        <extensions>
          <distance>46944</distance>
        </extensions>
      </trkpt>
      <trkpt lat="46.490539999999996" lon="13.835585">
        <ele>969.5</ele>
        <extensions>
          <distance>46959</distance>
        </extensions>
      </trkpt>
      <trkpt lat="46.49057" lon="13.83539">
        <ele>969.25</ele>
        <extensions>
          <distance>46975</distance>
        </extensions>
      </trkpt>
      <trkpt lat="46.490465" lon="13.83515">
        <ele>969</ele>
        <extensions>
          <distance>46996</distance>
        </extensions>
      </trkpt>
      <trkpt lat="46.49036" lon="13.83491">
        <ele>968</ele>
        <extensions>
          <distance>47018</distance>
        </extensions>
      </trkpt>
      <trkpt lat="46.49033" lon="13.8347">
        <ele>968</ele>
        <extensions>
          <distance>47035</distance>
        </extensions>
      </trkpt>
      <trkpt lat="46.49031" lon="13.83433">
        <ele>967</ele>
        <extensions>
          <distance>47063</distance>
        </extensions>
      </trkpt>
      <trkpt lat="46.49025" lon="13.834119999999999">
        <ele>966</ele>
        <extensions>
          <distance>47081</distance>
        </extensions>
      </trkpt>
      <trkpt lat="46.49019" lon="13.83391">
        <ele>966</ele>
        <extensions>
          <distance>47098</distance>
        </extensions>
      </trkpt>
      <trkpt lat="46.49012" lon="13.83374">
        <ele>966</ele>
        <extensions>
          <distance>47113</distance>
        </extensions>
      </trkpt>
      <trkpt lat="46.49009" lon="13.8337">
        <ele>966</ele>
        <extensions>
          <distance>47118</distance>
        </extensions>
      </trkpt>
      <trkpt lat="46.49007" lon="13.83361">
        <ele>967</ele>
        <extensions>
          <distance>47125</distance>
        </extensions>
      </trkpt>
      <trkpt lat="46.49006" lon="13.83341">
        <ele>967</ele>
        <extensions>
          <distance>47140</distance>
        </extensions>
      </trkpt>
      <trkpt lat="46.49009" lon="13.83307">
        <ele>971</ele>
        <extensions>
          <distance>47167</distance>
        </extensions>
      </trkpt>
      <trkpt lat="46.49006" lon="13.83279">
        <ele>971</ele>
        <extensions>
          <distance>47189</distance>
        </extensions>
      </trkpt>
      <trkpt lat="46.49002" lon="13.83257">
        <ele>971</ele>
        <extensions>
          <distance>47206</distance>
        </extensions>
      </trkpt>
      <trkpt lat="46.49002" lon="13.83246">
        <ele>971</ele>
        <extensions>
          <distance>47215</distance>
        </extensions>
      </trkpt>
      <trkpt lat="46.48998" lon="13.83232">
        <ele>968</ele>
        <extensions>
          <distance>47226</distance>
        </extensions>
      </trkpt>
      <trkpt lat="46.48993" lon="13.832">
        <ele>965</ele>
        <extensions>
          <distance>47252</distance>
        </extensions>
      </trkpt>
      <trkpt lat="46.48988" lon="13.8318">
        <ele>960</ele>
        <extensions>
          <distance>47269</distance>
        </extensions>
      </trkpt>
      <trkpt lat="46.48981" lon="13.83167">
        <ele>958</ele>
        <extensions>
          <distance>47282</distance>
        </extensions>
      </trkpt>
      <trkpt lat="46.489705" lon="13.831515">
        <ele>954</ele>
        <extensions>
          <distance>47299</distance>
        </extensions>
      </trkpt>
      <trkpt lat="46.4896" lon="13.83136">
        <ele>950</ele>
        <extensions>
          <distance>47316</distance>
        </extensions>
      </trkpt>
      <trkpt lat="46.48954" lon="13.83125">
        <ele>947</ele>
        <extensions>
          <distance>47327</distance>
        </extensions>
      </trkpt>
      <trkpt lat="46.48949" lon="13.83109">
        <ele>945</ele>
        <extensions>
          <distance>47341</distance>
        </extensions>
      </trkpt>
      <trkpt lat="46.489475" lon="13.83085">
        <ele>943.75</ele>
        <extensions>
          <distance>47359</distance>
        </extensions>
      </trkpt>
      <trkpt lat="46.48946" lon="13.83061">
        <ele>942.5</ele>
        <extensions>
          <distance>47378</distance>
        </extensions>
      </trkpt>
      <trkpt lat="46.489445" lon="13.83037">
        <ele>942</ele>
        <extensions>
          <distance>47396</distance>
        </extensions>
      </trkpt>
      <trkpt lat="46.48943" lon="13.83013">
        <ele>941.25</ele>
        <extensions>
          <distance>47415</distance>
        </extensions>
      </trkpt>
      <trkpt lat="46.48945" lon="13.82989">
        <ele>941</ele>
        <extensions>
          <distance>47433</distance>
        </extensions>
      </trkpt>
      <trkpt lat="46.48944" lon="13.82961">
        <ele>941</ele>
        <extensions>
          <distance>47455</distance>
        </extensions>
      </trkpt>
      <trkpt lat="46.489375" lon="13.829235">
        <ele>940</ele>
        <extensions>
          <distance>47484</distance>
        </extensions>
      </trkpt>
      <trkpt lat="46.48931" lon="13.82886">
        <ele>939</ele>
        <extensions>
          <distance>47514</distance>
        </extensions>
      </trkpt>
      <trkpt lat="46.489270000000005" lon="13.828567500000002">
        <ele>935</ele>
        <extensions>
          <distance>47537</distance>
        </extensions>
      </trkpt>
      <trkpt lat="46.489230000000006" lon="13.828275000000001">
        <ele>931</ele>
        <extensions>
          <distance>47561</distance>
        </extensions>
      </trkpt>
      <trkpt lat="46.48919000000001" lon="13.827982500000001">
        <ele>924</ele>
        <extensions>
          <distance>47584</distance>
        </extensions>
      </trkpt>
      <trkpt lat="46.48915" lon="13.82769">
        <ele>915</ele>
        <extensions>
          <distance>47609</distance>
        </extensions>
      </trkpt>
      <trkpt lat="46.48917" lon="13.827480000000001">
        <ele>914.25</ele>
        <extensions>
          <distance>47625</distance>
        </extensions>
      </trkpt>
      <trkpt lat="46.48919" lon="13.82727">
        <ele>914</ele>
        <extensions>
          <distance>47642</distance>
        </extensions>
      </trkpt>
      <trkpt lat="46.48923" lon="13.82705">
        <ele>913.5</ele>
        <extensions>
          <distance>47659</distance>
        </extensions>
      </trkpt>
      <trkpt lat="46.48926" lon="13.8267825">
        <ele>913.5</ele>
        <extensions>
          <distance>47680</distance>
        </extensions>
      </trkpt>
      <trkpt lat="46.48929" lon="13.826515">
        <ele>913</ele>
        <extensions>
          <distance>47701</distance>
        </extensions>
      </trkpt>
      <trkpt lat="46.48932" lon="13.826247500000001">
        <ele>913.5</ele>
        <extensions>
          <distance>47722</distance>
        </extensions>
      </trkpt>
      <trkpt lat="46.48935" lon="13.82598">
        <ele>913</ele>
        <extensions>
          <distance>47742</distance>
        </extensions>
      </trkpt>
      <trkpt lat="46.4894" lon="13.825795">
        <ele>912.75</ele>
        <extensions>
          <distance>47758</distance>
        </extensions>
      </trkpt>
      <trkpt lat="46.48945" lon="13.82561">
        <ele>912</ele>
        <extensions>
          <distance>47773</distance>
        </extensions>
      </trkpt>
      <trkpt lat="46.4894625" lon="13.825312499999999">
        <ele>909.25</ele>
        <extensions>
          <distance>47796</distance>
        </extensions>
      </trkpt>
      <trkpt lat="46.489475" lon="13.825015">
        <ele>904.5</ele>
        <extensions>
          <distance>47819</distance>
        </extensions>
      </trkpt>
      <trkpt lat="46.489487499999996" lon="13.8247175">
        <ele>899.75</ele>
        <extensions>
          <distance>47843</distance>
        </extensions>
      </trkpt>
      <trkpt lat="46.4895" lon="13.82442">
        <ele>895</ele>
        <extensions>
          <distance>47866</distance>
        </extensions>
      </trkpt>
      <trkpt lat="46.48947" lon="13.82417">
        <ele>887</ele>
        <extensions>
          <distance>47887</distance>
        </extensions>
      </trkpt>
      <trkpt lat="46.489545" lon="13.823830000000001">
        <ele>883</ele>
        <extensions>
          <distance>47915</distance>
        </extensions>
      </trkpt>
      <trkpt lat="46.48962" lon="13.82349">
        <ele>879</ele>
        <extensions>
          <distance>47942</distance>
        </extensions>
      </trkpt>
      <trkpt lat="46.48962" lon="13.82332">
        <ele>878</ele>
        <extensions>
          <distance>47955</distance>
        </extensions>
      </trkpt>
      <trkpt lat="46.48957" lon="13.82319">
        <ele>878</ele>
        <extensions>
          <distance>47967</distance>
        </extensions>
      </trkpt>
      <trkpt lat="46.4896" lon="13.8231">
        <ele>878</ele>
        <extensions>
          <distance>47975</distance>
        </extensions>
      </trkpt>
      <trkpt lat="46.4898" lon="13.82307">
        <ele>878</ele>
        <extensions>
          <distance>47997</distance>
        </extensions>
      </trkpt>
      <trkpt lat="46.48986" lon="13.82293">
        <ele>878</ele>
        <extensions>
          <distance>48010</distance>
        </extensions>
      </trkpt>
      <trkpt lat="46.48996" lon="13.82281">
        <ele>880</ele>
        <extensions>
          <distance>48024</distance>
        </extensions>
      </trkpt>
      <trkpt lat="46.49002" lon="13.82268">
        <ele>881</ele>
        <extensions>
          <distance>48036</distance>
        </extensions>
      </trkpt>
      <trkpt lat="46.4901" lon="13.82262">
        <ele>881</ele>
        <extensions>
          <distance>48046</distance>
        </extensions>
      </trkpt>
      <trkpt lat="46.4902" lon="13.82262">
        <ele>881</ele>
        <extensions>
          <distance>48057</distance>
        </extensions>
      </trkpt>
      <trkpt lat="46.49025" lon="13.82254">
        <ele>880</ele>
        <extensions>
          <distance>48065</distance>
        </extensions>
      </trkpt>
      <trkpt lat="46.49015" lon="13.82226">
        <ele>875</ele>
        <extensions>
          <distance>48090</distance>
        </extensions>
      </trkpt>
      <trkpt lat="46.49012" lon="13.82211">
        <ele>867</ele>
        <extensions>
          <distance>48104</distance>
        </extensions>
      </trkpt>
      <trkpt lat="46.490185" lon="13.821895000000001">
        <ele>865</ele>
        <extensions>
          <distance>48122</distance>
        </extensions>
      </trkpt>
      <trkpt lat="46.49025" lon="13.82168">
        <ele>863</ele>
        <extensions>
          <distance>48141</distance>
        </extensions>
      </trkpt>
      <trkpt lat="46.49023" lon="13.82132">
        <ele>855</ele>
        <extensions>
          <distance>48169</distance>
        </extensions>
      </trkpt>
      <trkpt lat="46.49021" lon="13.82096">
        <ele>847</ele>
        <extensions>
          <distance>48198</distance>
        </extensions>
      </trkpt>
      <trkpt lat="46.49023" lon="13.82083">
        <ele>846</ele>
        <extensions>
          <distance>48209</distance>
        </extensions>
      </trkpt>
      <trkpt lat="46.49013" lon="13.8205">
        <ele>833</ele>
        <extensions>
          <distance>48239</distance>
        </extensions>
      </trkpt>
      <trkpt lat="46.490147500000006" lon="13.8202775">
        <ele>831.25</ele>
        <extensions>
          <distance>48256</distance>
        </extensions>
      </trkpt>
      <trkpt lat="46.490165000000005" lon="13.820055">
        <ele>829.5</ele>
        <extensions>
          <distance>48273</distance>
        </extensions>
      </trkpt>
      <trkpt lat="46.4901825" lon="13.8198325">
        <ele>827.75</ele>
        <extensions>
          <distance>48290</distance>
        </extensions>
      </trkpt>
      <trkpt lat="46.4902" lon="13.81961">
        <ele>826</ele>
        <extensions>
          <distance>48308</distance>
        </extensions>
      </trkpt>
      <trkpt lat="46.49011" lon="13.81944">
        <ele>820</ele>
        <extensions>
          <distance>48325</distance>
        </extensions>
      </trkpt>
      <trkpt lat="46.49001" lon="13.81938">
        <ele>814</ele>
        <extensions>
          <distance>48339</distance>
        </extensions>
      </trkpt>
      <trkpt lat="46.48986" lon="13.81937">
        <ele>809</ele>
        <extensions>
          <distance>48356</distance>
        </extensions>
      </trkpt>
      <trkpt lat="46.4898" lon="13.81943">
        <ele>808</ele>
        <extensions>
          <distance>48364</distance>
        </extensions>
      </trkpt>
      <trkpt lat="46.48969" lon="13.81946">
        <ele>805</ele>
        <extensions>
          <distance>48377</distance>
        </extensions>
      </trkpt>
      <trkpt lat="46.48961" lon="13.81944">
        <ele>803</ele>
        <extensions>
          <distance>48386</distance>
        </extensions>
      </trkpt>
      <trkpt lat="46.48953" lon="13.81935">
        <ele>801</ele>
        <extensions>
          <distance>48398</distance>
        </extensions>
      </trkpt>
      <trkpt lat="46.48944" lon="13.81903">
        <ele>798</ele>
        <extensions>
          <distance>48425</distance>
        </extensions>
      </trkpt>
      <trkpt lat="46.48937" lon="13.81895">
        <ele>796</ele>
        <extensions>
          <distance>48435</distance>
        </extensions>
      </trkpt>
      <trkpt lat="46.489329999999995" lon="13.818735">
        <ele>796</ele>
        <extensions>
          <distance>48452</distance>
        </extensions>
      </trkpt>
      <trkpt lat="46.48929" lon="13.81852">
        <ele>795</ele>
        <extensions>
          <distance>48469</distance>
        </extensions>
      </trkpt>
      <trkpt lat="46.48925" lon="13.818304999999999">
        <ele>793</ele>
        <extensions>
          <distance>48486</distance>
        </extensions>
      </trkpt>
      <trkpt lat="46.48921" lon="13.81809">
        <ele>789</ele>
        <extensions>
          <distance>48504</distance>
        </extensions>
      </trkpt>
      <trkpt lat="46.4892" lon="13.81772">
        <ele>784</ele>
        <extensions>
          <distance>48532</distance>
        </extensions>
      </trkpt>
      <trkpt lat="46.48916" lon="13.8175">
        <ele>782</ele>
        <extensions>
          <distance>48550</distance>
        </extensions>
      </trkpt>
      <trkpt lat="46.489" lon="13.81722">
        <ele>781</ele>
        <extensions>
          <distance>48578</distance>
        </extensions>
      </trkpt>
      <trkpt lat="46.48897" lon="13.81712">
        <ele>781</ele>
        <extensions>
          <distance>48586</distance>
        </extensions>
      </trkpt>
      <trkpt lat="46.48895" lon="13.81693">
        <ele>781</ele>
        <extensions>
          <distance>48601</distance>
        </extensions>
      </trkpt>
      <trkpt lat="46.48887" lon="13.81672">
        <ele>781</ele>
        <extensions>
          <distance>48619</distance>
        </extensions>
      </trkpt>
      <trkpt lat="46.488884999999996" lon="13.816395">
        <ele>782</ele>
        <extensions>
          <distance>48644</distance>
        </extensions>
      </trkpt>
      <trkpt lat="46.4889" lon="13.81607">
        <ele>784</ele>
        <extensions>
          <distance>48670</distance>
        </extensions>
      </trkpt>
      <trkpt lat="46.488955000000004" lon="13.81578">
        <ele>784</ele>
        <extensions>
          <distance>48693</distance>
        </extensions>
      </trkpt>
      <trkpt lat="46.48901" lon="13.81549">
        <ele>784</ele>
        <extensions>
          <distance>48716</distance>
        </extensions>
      </trkpt>
      <trkpt lat="46.48901" lon="13.81522">
        <ele>785</ele>
        <extensions>
          <distance>48736</distance>
        </extensions>
      </trkpt>
      <trkpt lat="46.488985" lon="13.8149">
        <ele>785</ele>
        <extensions>
          <distance>48761</distance>
        </extensions>
      </trkpt>
      <trkpt lat="46.48896" lon="13.81458">
        <ele>785</ele>
        <extensions>
          <distance>48786</distance>
        </extensions>
      </trkpt>
      <trkpt lat="46.4889" lon="13.81422">
        <ele>785</ele>
        <extensions>
          <distance>48814</distance>
        </extensions>
      </trkpt>
      <trkpt lat="46.48883" lon="13.81401">
        <ele>785</ele>
        <extensions>
          <distance>48832</distance>
        </extensions>
      </trkpt>
      <trkpt lat="46.48889" lon="13.81392">
        <ele>786</ele>
        <extensions>
          <distance>48842</distance>
        </extensions>
      </trkpt>
      <trkpt lat="46.48895" lon="13.81376">
        <ele>788</ele>
        <extensions>
          <distance>48856</distance>
        </extensions>
      </trkpt>
      <trkpt lat="46.48895" lon="13.81362">
        <ele>788</ele>
        <extensions>
          <distance>48867</distance>
        </extensions>
      </trkpt>
      <trkpt lat="46.48899" lon="13.81356">
        <ele>790</ele>
        <extensions>
          <distance>48873</distance>
        </extensions>
      </trkpt>
      <trkpt lat="46.48909" lon="13.81321">
        <ele>792</ele>
        <extensions>
          <distance>48902</distance>
        </extensions>
      </trkpt>
      <trkpt lat="46.48908" lon="13.81311">
        <ele>792</ele>
        <extensions>
          <distance>48910</distance>
        </extensions>
      </trkpt>
      <trkpt lat="46.48905" lon="13.81299">
        <ele>792</ele>
        <extensions>
          <distance>48920</distance>
        </extensions>
      </trkpt>
      <trkpt lat="46.48907" lon="13.81272">
        <ele>792</ele>
        <extensions>
          <distance>48941</distance>
        </extensions>
      </trkpt>
      <trkpt lat="46.48902" lon="13.81244">
        <ele>791</ele>
        <extensions>
          <distance>48963</distance>
        </extensions>
      </trkpt>
      <trkpt lat="46.48903" lon="13.81215">
        <ele>791</ele>
        <extensions>
          <distance>48985</distance>
        </extensions>
      </trkpt>
      <trkpt lat="46.48901" lon="13.81203">
        <ele>790</ele>
        <extensions>
          <distance>48995</distance>
        </extensions>
      </trkpt>
      <trkpt lat="46.489065" lon="13.811695">
        <ele>790</ele>
        <extensions>
          <distance>49021</distance>
        </extensions>
      </trkpt>
      <trkpt lat="46.48912" lon="13.81136">
        <ele>790</ele>
        <extensions>
          <distance>49048</distance>
        </extensions>
      </trkpt>
      <trkpt lat="46.48909" lon="13.81116">
        <ele>790</ele>
        <extensions>
          <distance>49063</distance>
        </extensions>
      </trkpt>
      <trkpt lat="46.48917" lon="13.81084">
        <ele>790</ele>
        <extensions>
          <distance>49089</distance>
        </extensions>
      </trkpt>
      <trkpt lat="46.48928" lon="13.81061">
        <ele>790</ele>
        <extensions>
          <distance>49111</distance>
        </extensions>
      </trkpt>
      <trkpt lat="46.48923" lon="13.81049">
        <ele>789</ele>
        <extensions>
          <distance>49122</distance>
        </extensions>
      </trkpt>
      <trkpt lat="46.48924" lon="13.81019">
        <ele>790</ele>
        <extensions>
          <distance>49145</distance>
        </extensions>
      </trkpt>
      <trkpt lat="46.48921" lon="13.81014">
        <ele>790</ele>
        <extensions>
          <distance>49150</distance>
        </extensions>
      </trkpt>
      <trkpt lat="46.48921" lon="13.81007">
        <ele>789</ele>
        <extensions>
          <distance>49155</distance>
        </extensions>
      </trkpt>
      <trkpt lat="46.48925" lon="13.81001">
        <ele>789</ele>
        <extensions>
          <distance>49162</distance>
        </extensions>
      </trkpt>
      <trkpt lat="46.48927" lon="13.809655">
        <ele>789</ele>
        <extensions>
          <distance>49189</distance>
        </extensions>
      </trkpt>
      <trkpt lat="46.48929" lon="13.8093">
        <ele>790</ele>
        <extensions>
          <distance>49216</distance>
        </extensions>
      </trkpt>
      <trkpt lat="46.48935" lon="13.809045000000001">
        <ele>790.5</ele>
        <extensions>
          <distance>49237</distance>
        </extensions>
      </trkpt>
      <trkpt lat="46.48941" lon="13.80879">
        <ele>793</ele>
        <extensions>
          <distance>49258</distance>
        </extensions>
      </trkpt>
      <trkpt lat="46.48942" lon="13.80864">
        <ele>794</ele>
        <extensions>
          <distance>49269</distance>
        </extensions>
      </trkpt>
      <trkpt lat="46.48953" lon="13.80831">
        <ele>797</ele>
        <extensions>
          <distance>49298</distance>
        </extensions>
      </trkpt>
      <trkpt lat="46.4895" lon="13.8081">
        <ele>797</ele>
        <extensions>
          <distance>49314</distance>
        </extensions>
      </trkpt>
      <trkpt lat="46.48954" lon="13.80798">
        <ele>797</ele>
        <extensions>
          <distance>49324</distance>
        </extensions>
      </trkpt>
      <trkpt lat="46.48952" lon="13.8078">
        <ele>797</ele>
        <extensions>
          <distance>49338</distance>
        </extensions>
      </trkpt>
      <trkpt lat="46.48946" lon="13.80768">
        <ele>794</ele>
        <extensions>
          <distance>49350</distance>
        </extensions>
      </trkpt>
      <trkpt lat="46.48942" lon="13.80749">
        <ele>792</ele>
        <extensions>
          <distance>49365</distance>
        </extensions>
      </trkpt>
      <trkpt lat="46.48943" lon="13.8073">
        <ele>792</ele>
        <extensions>
          <distance>49380</distance>
        </extensions>
      </trkpt>
      <trkpt lat="46.48938" lon="13.806965">
        <ele>788.5</ele>
        <extensions>
          <distance>49406</distance>
        </extensions>
      </trkpt>
      <trkpt lat="46.48933" lon="13.80663">
        <ele>785</ele>
        <extensions>
          <distance>49433</distance>
        </extensions>
      </trkpt>
      <trkpt lat="46.48924" lon="13.80635">
        <ele>785</ele>
        <extensions>
          <distance>49457</distance>
        </extensions>
      </trkpt>
      <trkpt lat="46.48925" lon="13.80598">
        <ele>785</ele>
        <extensions>
          <distance>49485</distance>
        </extensions>
      </trkpt>
      <trkpt lat="46.48928" lon="13.80584">
        <ele>785</ele>
        <extensions>
          <distance>49496</distance>
        </extensions>
      </trkpt>
      <trkpt lat="46.4894" lon="13.8056">
        <ele>786</ele>
        <extensions>
          <distance>49519</distance>
        </extensions>
      </trkpt>
      <trkpt lat="46.48944" lon="13.80545">
        <ele>788</ele>
        <extensions>
          <distance>49531</distance>
        </extensions>
      </trkpt>
      <trkpt lat="46.48943" lon="13.80533">
        <ele>789</ele>
        <extensions>
          <distance>49541</distance>
        </extensions>
      </trkpt>
      <trkpt lat="46.4894" lon="13.80525">
        <ele>790</ele>
        <extensions>
          <distance>49548</distance>
        </extensions>
      </trkpt>
      <trkpt lat="46.48942" lon="13.80509">
        <ele>790</ele>
        <extensions>
          <distance>49560</distance>
        </extensions>
      </trkpt>
      <trkpt lat="46.48952" lon="13.80481">
        <ele>790</ele>
        <extensions>
          <distance>49584</distance>
        </extensions>
      </trkpt>
      <trkpt lat="46.4895" lon="13.80458">
        <ele>790</ele>
        <extensions>
          <distance>49602</distance>
        </extensions>
      </trkpt>
      <trkpt lat="46.48948" lon="13.80435">
        <ele>790</ele>
        <extensions>
          <distance>49620</distance>
        </extensions>
      </trkpt>
      <trkpt lat="46.48945" lon="13.80419">
        <ele>790</ele>
        <extensions>
          <distance>49633</distance>
        </extensions>
      </trkpt>
      <trkpt lat="46.489365" lon="13.803915">
        <ele>790</ele>
        <extensions>
          <distance>49656</distance>
        </extensions>
      </trkpt>
      <trkpt lat="46.48928" lon="13.80364">
        <ele>790</ele>
        <extensions>
          <distance>49679</distance>
        </extensions>
      </trkpt>
      <trkpt lat="46.4893" lon="13.803405">
        <ele>790</ele>
        <extensions>
          <distance>49697</distance>
        </extensions>
      </trkpt>
      <trkpt lat="46.48932" lon="13.80317">
        <ele>790</ele>
        <extensions>
          <distance>49715</distance>
        </extensions>
      </trkpt>
      <trkpt lat="46.48934" lon="13.802935">
        <ele>791.5</ele>
        <extensions>
          <distance>49734</distance>
        </extensions>
      </trkpt>
      <trkpt lat="46.48936" lon="13.8027">
        <ele>793</ele>
        <extensions>
          <distance>49752</distance>
        </extensions>
      </trkpt>
      <trkpt lat="46.48932" lon="13.80243">
        <ele>795</ele>
        <extensions>
          <distance>49773</distance>
        </extensions>
      </trkpt>
      <trkpt lat="46.48932" lon="13.80222">
        <ele>795</ele>
        <extensions>
          <distance>49789</distance>
        </extensions>
      </trkpt>
      <trkpt lat="46.48934" lon="13.801915000000001">
        <ele>797</ele>
        <extensions>
          <distance>49813</distance>
        </extensions>
      </trkpt>
      <trkpt lat="46.48936" lon="13.80161">
        <ele>797</ele>
        <extensions>
          <distance>49836</distance>
        </extensions>
      </trkpt>
      <trkpt lat="46.48934" lon="13.80141">
        <ele>801</ele>
        <extensions>
          <distance>49852</distance>
        </extensions>
      </trkpt>
      <trkpt lat="46.48938" lon="13.801175">
        <ele>805</ele>
        <extensions>
          <distance>49871</distance>
        </extensions>
      </trkpt>
      <trkpt lat="46.48942" lon="13.80094">
        <ele>809</ele>
        <extensions>
          <distance>49890</distance>
        </extensions>
      </trkpt>
      <trkpt lat="46.4895" lon="13.80091">
        <ele>813</ele>
        <extensions>
          <distance>49900</distance>
        </extensions>
      </trkpt>
      <trkpt lat="46.48953" lon="13.80056">
        <ele>813</ele>
        <extensions>
          <distance>49927</distance>
        </extensions>
      </trkpt>
      <trkpt lat="46.4896" lon="13.80026">
        <ele>813</ele>
        <extensions>
          <distance>49951</distance>
        </extensions>
      </trkpt>
      <trkpt lat="46.48963" lon="13.79999">
        <ele>813</ele>
        <extensions>
          <distance>49972</distance>
        </extensions>
      </trkpt>
      <trkpt lat="46.48961" lon="13.79965">
        <ele>812</ele>
        <extensions>
          <distance>49999</distance>
        </extensions>
      </trkpt>
      <trkpt lat="46.48959" lon="13.79931">
        <ele>809</ele>
        <extensions>
          <distance>50025</distance>
        </extensions>
      </trkpt>
      <trkpt lat="46.48968" lon="13.79897">
        <ele>808.5</ele>
        <extensions>
          <distance>50053</distance>
        </extensions>
      </trkpt>
      <trkpt lat="46.48972" lon="13.798615000000002">
        <ele>808</ele>
        <extensions>
          <distance>50080</distance>
        </extensions>
      </trkpt>
      <trkpt lat="46.48976" lon="13.79826">
        <ele>808</ele>
        <extensions>
          <distance>50108</distance>
        </extensions>
      </trkpt>
      <trkpt lat="46.48974" lon="13.79809">
        <ele>808</ele>
        <extensions>
          <distance>50121</distance>
        </extensions>
      </trkpt>
      <trkpt lat="46.48966" lon="13.79782">
        <ele>805</ele>
        <extensions>
          <distance>50144</distance>
        </extensions>
      </trkpt>
      <trkpt lat="46.48964" lon="13.7977">
        <ele>804</ele>
        <extensions>
          <distance>50153</distance>
        </extensions>
      </trkpt>
      <trkpt lat="46.4896" lon="13.7977">
        <ele>803</ele>
        <extensions>
          <distance>50158</distance>
        </extensions>
      </trkpt>
      <trkpt lat="46.48955" lon="13.79783">
        <ele>802</ele>
        <extensions>
          <distance>50169</distance>
        </extensions>
      </trkpt>
      <trkpt lat="46.48933" lon="13.79782">
        <ele>798</ele>
        <extensions>
          <distance>50194</distance>
        </extensions>
      </trkpt>
      <trkpt lat="46.48928" lon="13.79767">
        <ele>798</ele>
        <extensions>
          <distance>50207</distance>
        </extensions>
      </trkpt>
      <trkpt lat="46.48924" lon="13.79748">
        <ele>798</ele>
        <extensions>
          <distance>50222</distance>
        </extensions>
      </trkpt>
      <trkpt lat="46.48934" lon="13.79719">
        <ele>798</ele>
        <extensions>
          <distance>50247</distance>
        </extensions>
      </trkpt>
      <trkpt lat="46.48939" lon="13.79694">
        <ele>798</ele>
        <extensions>
          <distance>50267</distance>
        </extensions>
      </trkpt>
      <trkpt lat="46.48942" lon="13.79656">
        <ele>798</ele>
        <extensions>
          <distance>50296</distance>
        </extensions>
      </trkpt>
      <trkpt lat="46.48935" lon="13.79649">
        <ele>798</ele>
        <extensions>
          <distance>50306</distance>
        </extensions>
      </trkpt>
      <trkpt lat="46.48936" lon="13.79629">
        <ele>797</ele>
        <extensions>
          <distance>50321</distance>
        </extensions>
      </trkpt>
      <trkpt lat="46.489395" lon="13.795975">
        <ele>797</ele>
        <extensions>
          <distance>50346</distance>
        </extensions>
      </trkpt>
      <trkpt lat="46.48943" lon="13.79566">
        <ele>797</ele>
        <extensions>
          <distance>50370</distance>
        </extensions>
      </trkpt>
      <trkpt lat="46.489405" lon="13.795365">
        <ele>797</ele>
        <extensions>
          <distance>50393</distance>
        </extensions>
      </trkpt>
      <trkpt lat="46.48938" lon="13.79507">
        <ele>797</ele>
        <extensions>
          <distance>50416</distance>
        </extensions>
      </trkpt>
      <trkpt lat="46.489414999999994" lon="13.794830000000001">
        <ele>798</ele>
        <extensions>
          <distance>50435</distance>
        </extensions>
      </trkpt>
      <trkpt lat="46.48945" lon="13.79459">
        <ele>799</ele>
        <extensions>
          <distance>50454</distance>
        </extensions>
      </trkpt>
      <trkpt lat="46.48954" lon="13.794405">
        <ele>799</ele>
        <extensions>
          <distance>50471</distance>
        </extensions>
      </trkpt>
      <trkpt lat="46.48963" lon="13.79422">
        <ele>799</ele>
        <extensions>
          <distance>50488</distance>
        </extensions>
      </trkpt>
      <trkpt lat="46.48974" lon="13.79416">
        <ele>799</ele>
        <extensions>
          <distance>50501</distance>
        </extensions>
      </trkpt>
      <trkpt lat="46.48971" lon="13.79412">
        <ele>799</ele>
        <extensions>
          <distance>50506</distance>
        </extensions>
      </trkpt>
      <trkpt lat="46.48959" lon="13.7940025">
        <ele>799</ele>
        <extensions>
          <distance>50522</distance>
        </extensions>
      </trkpt>
      <trkpt lat="46.48947" lon="13.793885">
        <ele>799</ele>
        <extensions>
          <distance>50538</distance>
        </extensions>
      </trkpt>
      <trkpt lat="46.48935" lon="13.7937675">
        <ele>799</ele>
        <extensions>
          <distance>50554</distance>
        </extensions>
      </trkpt>
      <trkpt lat="46.48923" lon="13.79365">
        <ele>799</ele>
        <extensions>
          <distance>50570</distance>
        </extensions>
      </trkpt>
      <trkpt lat="46.48914" lon="13.79351">
        <ele>798</ele>
        <extensions>
          <distance>50585</distance>
        </extensions>
      </trkpt>
      <trkpt lat="46.489045000000004" lon="13.793309999999998">
        <ele>798</ele>
        <extensions>
          <distance>50604</distance>
        </extensions>
      </trkpt>
      <trkpt lat="46.48895" lon="13.793109999999999">
        <ele>798</ele>
        <extensions>
          <distance>50622</distance>
        </extensions>
      </trkpt>
      <trkpt lat="46.488855" lon="13.79291">
        <ele>798</ele>
        <extensions>
          <distance>50641</distance>
        </extensions>
      </trkpt>
      <trkpt lat="46.48876" lon="13.79271">
        <ele>798</ele>
        <extensions>
          <distance>50660</distance>
        </extensions>
      </trkpt>
      <trkpt lat="46.48866" lon="13.79258">
        <ele>798</ele>
        <extensions>
          <distance>50675</distance>
        </extensions>
      </trkpt>
      <trkpt lat="46.48846" lon="13.79236">
        <ele>799</ele>
        <extensions>
          <distance>50702</distance>
        </extensions>
      </trkpt>
      <trkpt lat="46.48828" lon="13.79223">
        <ele>799</ele>
        <extensions>
          <distance>50725</distance>
        </extensions>
      </trkpt>
      <trkpt lat="46.48836" lon="13.79253">
        <ele>799</ele>
        <extensions>
          <distance>50750</distance>
        </extensions>
      </trkpt>
      <trkpt lat="46.4884" lon="13.792735">
        <ele>799</ele>
        <extensions>
          <distance>50766</distance>
        </extensions>
      </trkpt>
      <trkpt lat="46.48844" lon="13.79294">
        <ele>798</ele>
        <extensions>
          <distance>50782</distance>
        </extensions>
      </trkpt>
      <trkpt lat="46.48848" lon="13.79325">
        <ele>797</ele>
        <extensions>
          <distance>50806</distance>
        </extensions>
      </trkpt>
      <trkpt lat="46.488305" lon="13.79327">
        <ele>797</ele>
        <extensions>
          <distance>50826</distance>
        </extensions>
      </trkpt>
      <trkpt lat="46.48813" lon="13.79329">
        <ele>797</ele>
        <extensions>
          <distance>50845</distance>
        </extensions>
      </trkpt>
      <trkpt lat="46.48802" lon="13.79327">
        <ele>797</ele>
        <extensions>
          <distance>50858</distance>
        </extensions>
      </trkpt>
      <trkpt lat="46.4879" lon="13.7932">
        <ele>797</ele>
        <extensions>
          <distance>50872</distance>
        </extensions>
      </trkpt>
      <trkpt lat="46.4878" lon="13.79308">
        <ele>797</ele>
        <extensions>
          <distance>50887</distance>
        </extensions>
      </trkpt>
      <trkpt lat="46.48768" lon="13.79285">
        <ele>798</ele>
        <extensions>
          <distance>50909</distance>
        </extensions>
      </trkpt>
      <trkpt lat="46.48753" lon="13.792525">
        <ele>798</ele>
        <extensions>
          <distance>50939</distance>
        </extensions>
      </trkpt>
      <trkpt lat="46.48738" lon="13.7922">
        <ele>798</ele>
        <extensions>
          <distance>50969</distance>
        </extensions>
      </trkpt>
      <trkpt lat="46.48728" lon="13.79208">
        <ele>798</ele>
        <extensions>
          <distance>50983</distance>
        </extensions>
      </trkpt>
      <trkpt lat="46.48718" lon="13.79227">
        <ele>798</ele>
        <extensions>
          <distance>51002</distance>
        </extensions>
      </trkpt>
      <trkpt lat="46.48709" lon="13.79247">
        <ele>797</ele>
        <extensions>
          <distance>51020</distance>
        </extensions>
      </trkpt>
      <trkpt lat="46.487" lon="13.79267">
        <ele>796</ele>
        <extensions>
          <distance>51038</distance>
        </extensions>
      </trkpt>
      <trkpt lat="46.486855000000006" lon="13.792929999999998">
        <ele>796</ele>
        <extensions>
          <distance>51064</distance>
        </extensions>
      </trkpt>
      <trkpt lat="46.48671" lon="13.79319">
        <ele>796</ele>
        <extensions>
          <distance>51090</distance>
        </extensions>
      </trkpt>
      <trkpt lat="46.48656" lon="13.79295">
        <ele>796</ele>
        <extensions>
          <distance>51114</distance>
        </extensions>
      </trkpt>
      <trkpt lat="46.486485" lon="13.792705">
        <ele>796</ele>
        <extensions>
          <distance>51135</distance>
        </extensions>
      </trkpt>
      <trkpt lat="46.48641" lon="13.79246">
        <ele>797</ele>
        <extensions>
          <distance>51156</distance>
        </extensions>
      </trkpt>
      <trkpt lat="46.48643" lon="13.79228">
        <ele>798</ele>
        <extensions>
          <distance>51170</distance>
        </extensions>
      </trkpt>
      <trkpt lat="46.48662" lon="13.79216">
        <ele>798</ele>
        <extensions>
          <distance>51193</distance>
        </extensions>
      </trkpt>
      <trkpt lat="46.486720000000005" lon="13.791987500000001">
        <ele>799</ele>
        <extensions>
          <distance>51210</distance>
        </extensions>
      </trkpt>
      <trkpt lat="46.48682" lon="13.791815">
        <ele>799</ele>
        <extensions>
          <distance>51227</distance>
        </extensions>
      </trkpt>
      <trkpt lat="46.48692" lon="13.7916425">
        <ele>799</ele>
        <extensions>
          <distance>51244</distance>
        </extensions>
      </trkpt>
      <trkpt lat="46.48702" lon="13.79147">
        <ele>799</ele>
        <extensions>
          <distance>51262</distance>
        </extensions>
      </trkpt>
      <trkpt lat="46.48686" lon="13.79131">
        <ele>799</ele>
        <extensions>
          <distance>51283</distance>
        </extensions>
      </trkpt>
      <trkpt lat="46.48668" lon="13.79107">
        <ele>799</ele>
        <extensions>
          <distance>51311</distance>
        </extensions>
      </trkpt>
      <trkpt lat="46.48652" lon="13.79076">
        <ele>799</ele>
        <extensions>
          <distance>51340</distance>
        </extensions>
      </trkpt>
      <trkpt lat="46.486435" lon="13.7905625">
        <ele>800</ele>
        <extensions>
          <distance>51358</distance>
        </extensions>
      </trkpt>
      <trkpt lat="46.48635" lon="13.790365000000001">
        <ele>801</ele>
        <extensions>
          <distance>51376</distance>
        </extensions>
      </trkpt>
      <trkpt lat="46.486265" lon="13.7901675">
        <ele>802</ele>
        <extensions>
          <distance>51394</distance>
        </extensions>
      </trkpt>
      <trkpt lat="46.48618" lon="13.78997">
        <ele>802</ele>
        <extensions>
          <distance>51412</distance>
        </extensions>
      </trkpt>
      <trkpt lat="46.48609" lon="13.78983">
        <ele>802</ele>
        <extensions>
          <distance>51427</distance>
        </extensions>
      </trkpt>
      <trkpt lat="46.48609" lon="13.78979">
        <ele>802</ele>
        <extensions>
          <distance>51430</distance>
        </extensions>
      </trkpt>
      <trkpt lat="46.48595" lon="13.78982">
        <ele>802</ele>
        <extensions>
          <distance>51445</distance>
        </extensions>
      </trkpt>
      <trkpt lat="46.48586" lon="13.789985000000001">
        <ele>802</ele>
        <extensions>
          <distance>51461</distance>
        </extensions>
      </trkpt>
      <trkpt lat="46.48577" lon="13.79015">
        <ele>802</ele>
        <extensions>
          <distance>51478</distance>
        </extensions>
      </trkpt>
      <trkpt lat="46.4856725" lon="13.7902925">
        <ele>801</ele>
        <extensions>
          <distance>51493</distance>
        </extensions>
      </trkpt>
      <trkpt lat="46.485575" lon="13.790435">
        <ele>800</ele>
        <extensions>
          <distance>51508</distance>
        </extensions>
      </trkpt>
      <trkpt lat="46.4854775" lon="13.790577500000001">
        <ele>800</ele>
        <extensions>
          <distance>51524</distance>
        </extensions>
      </trkpt>
      <trkpt lat="46.48538" lon="13.79072">
        <ele>800</ele>
        <extensions>
          <distance>51539</distance>
        </extensions>
      </trkpt>
      <trkpt lat="46.48525" lon="13.79089">
        <ele>800</ele>
        <extensions>
          <distance>51559</distance>
        </extensions>
      </trkpt>
      <trkpt lat="46.48516" lon="13.79074">
        <ele>800</ele>
        <extensions>
          <distance>51574</distance>
        </extensions>
      </trkpt>
      <trkpt lat="46.485034999999996" lon="13.790555">
        <ele>800</ele>
        <extensions>
          <distance>51594</distance>
        </extensions>
      </trkpt>
      <trkpt lat="46.48491" lon="13.79037">
        <ele>800</ele>
        <extensions>
          <distance>51614</distance>
        </extensions>
      </trkpt>
      <trkpt lat="46.484815" lon="13.79021">
        <ele>800.5</ele>
        <extensions>
          <distance>51630</distance>
        </extensions>
      </trkpt>
      <trkpt lat="46.48472" lon="13.79005">
        <ele>800.5</ele>
        <extensions>
          <distance>51646</distance>
        </extensions>
      </trkpt>
      <trkpt lat="46.48463" lon="13.78988">
        <ele>800.5</ele>
        <extensions>
          <distance>51663</distance>
        </extensions>
      </trkpt>
      <trkpt lat="46.48454" lon="13.78971">
        <ele>801</ele>
        <extensions>
          <distance>51679</distance>
        </extensions>
      </trkpt>
      <trkpt lat="46.4844475" lon="13.78954875">
        <ele>801.875</ele>
        <extensions>
          <distance>51695</distance>
        </extensions>
      </trkpt>
      <trkpt lat="46.48435500000001" lon="13.7893875">
        <ele>802.75</ele>
        <extensions>
          <distance>51711</distance>
        </extensions>
      </trkpt>
      <trkpt lat="46.48426250000001" lon="13.78922625">
        <ele>803.625</ele>
        <extensions>
          <distance>51727</distance>
        </extensions>
      </trkpt>
      <trkpt lat="46.484170000000006" lon="13.789065">
        <ele>804.5</ele>
        <extensions>
          <distance>51743</distance>
        </extensions>
      </trkpt>
      <trkpt lat="46.484077500000005" lon="13.788903750000001">
        <ele>805.375</ele>
        <extensions>
          <distance>51760</distance>
        </extensions>
      </trkpt>
      <trkpt lat="46.483985000000004" lon="13.788742500000001">
        <ele>806.25</ele>
        <extensions>
          <distance>51776</distance>
        </extensions>
      </trkpt>
      <trkpt lat="46.4838925" lon="13.78858125">
        <ele>807.125</ele>
        <extensions>
          <distance>51792</distance>
        </extensions>
      </trkpt>
      <trkpt lat="46.4838" lon="13.78842">
        <ele>807.25</ele>
        <extensions>
          <distance>51808</distance>
        </extensions>
      </trkpt>
      <trkpt lat="46.4837" lon="13.788192500000001">
        <ele>807.25</ele>
        <extensions>
          <distance>51829</distance>
        </extensions>
      </trkpt>
      <trkpt lat="46.4836" lon="13.787965">
        <ele>807.5</ele>
        <extensions>
          <distance>51849</distance>
        </extensions>
      </trkpt>
      <trkpt lat="46.48350000000001" lon="13.787737499999999">
        <ele>807.5</ele>
        <extensions>
          <distance>51870</distance>
        </extensions>
      </trkpt>
      <trkpt lat="46.4834" lon="13.78751">
        <ele>807.5</ele>
        <extensions>
          <distance>51891</distance>
        </extensions>
      </trkpt>
      <trkpt lat="46.483275000000006" lon="13.7871725">
        <ele>807.5</ele>
        <extensions>
          <distance>51920</distance>
        </extensions>
      </trkpt>
      <trkpt lat="46.48315" lon="13.786835">
        <ele>808</ele>
        <extensions>
          <distance>51949</distance>
        </extensions>
      </trkpt>
      <trkpt lat="46.483025" lon="13.7864975">
        <ele>808.5</ele>
        <extensions>
          <distance>51979</distance>
        </extensions>
      </trkpt>
      <trkpt lat="46.4829" lon="13.78616">
        <ele>809</ele>
        <extensions>
          <distance>52008</distance>
        </extensions>
      </trkpt>
      <trkpt lat="46.48301" lon="13.78605">
        <ele>809</ele>
        <extensions>
          <distance>52023</distance>
        </extensions>
      </trkpt>
      <trkpt lat="46.48318" lon="13.78592">
        <ele>809</ele>
        <extensions>
          <distance>52045</distance>
        </extensions>
      </trkpt>
      <trkpt lat="46.48326" lon="13.78584">
        <ele>809</ele>
        <extensions>
          <distance>52055</distance>
        </extensions>
      </trkpt>
      <trkpt lat="46.4834025" lon="13.7857325">
        <ele>809.25</ele>
        <extensions>
          <distance>52073</distance>
        </extensions>
      </trkpt>
      <trkpt lat="46.483545" lon="13.785625">
        <ele>809.5</ele>
        <extensions>
          <distance>52091</distance>
        </extensions>
      </trkpt>
      <trkpt lat="46.4836875" lon="13.785517500000001">
        <ele>809.75</ele>
        <extensions>
          <distance>52109</distance>
        </extensions>
      </trkpt>
      <trkpt lat="46.48383" lon="13.78541">
        <ele>810</ele>
        <extensions>
          <distance>52127</distance>
        </extensions>
      </trkpt>
      <trkpt lat="46.48401" lon="13.7852">
        <ele>810</ele>
        <extensions>
          <distance>52153</distance>
        </extensions>
      </trkpt>
      <trkpt lat="46.48413" lon="13.78546">
        <ele>810</ele>
        <extensions>
          <distance>52177</distance>
        </extensions>
      </trkpt>
      <trkpt lat="46.484269999999995" lon="13.785665">
        <ele>810</ele>
        <extensions>
          <distance>52199</distance>
        </extensions>
      </trkpt>
      <trkpt lat="46.48441" lon="13.78587">
        <ele>810</ele>
        <extensions>
          <distance>52221</distance>
        </extensions>
      </trkpt>
      <trkpt lat="46.48439" lon="13.78585">
        <ele>809.5</ele>
        <extensions>
          <distance>52223</distance>
        </extensions>
      </trkpt>
      <trkpt lat="46.48455" lon="13.78574">
        <ele>809.5</ele>
        <extensions>
          <distance>52243</distance>
        </extensions>
      </trkpt>
      <trkpt lat="46.4845" lon="13.78566">
        <ele>809.5</ele>
        <extensions>
          <distance>52251</distance>
        </extensions>
      </trkpt>
      <trkpt lat="46.484449999999995" lon="13.78546">
        <ele>809.5</ele>
        <extensions>
          <distance>52268</distance>
        </extensions>
      </trkpt>
      <trkpt lat="46.4844" lon="13.78526">
        <ele>810</ele>
        <extensions>
          <distance>52284</distance>
        </extensions>
      </trkpt>
      <trkpt lat="46.484300000000005" lon="13.785035">
        <ele>810.5</ele>
        <extensions>
          <distance>52305</distance>
        </extensions>
      </trkpt>
      <trkpt lat="46.4842" lon="13.78481">
        <ele>811</ele>
        <extensions>
          <distance>52325</distance>
        </extensions>
      </trkpt>
      <trkpt lat="46.48419" lon="13.78462">
        <ele>811.5</ele>
        <extensions>
          <distance>52340</distance>
        </extensions>
      </trkpt>
    </trkseg>
  </trk>
</gpx>